clip,frame,t,Root,Pelvis,Spine1,Spine2,Neck,Head,L_Clavicle,R_Clavicle,L_Shoulder,R_Shoulder,L_Elbow,R_Elbow,L_Hand,R_Hand,L_Hip,R_Hip,L_KneeLower,R_KneeLower,L_Foot,R_Foot,L_Toe,R_Toe,Axe_Handle,Axe_Head,Axe_Jaw,Weapon,SnapWeapon,SnapWeapon2Hand
attack1,0,0.0,3.2656|91.9041|26.5319,1.9021|86.9998|24.973,3.0995|99.5588|28.218,7.3613|113.5792|32.306,24.4763|142.5849|32.2866,30.4348|147.6447|34.8885,20.5992|134.7586|35.9015,21.1904|134.4051|28.8741,21.4154|147.4725|51.6846,23.3343|135.0438|8.7153,45.3779|131.6829|80.4122,29.6085|102.6755|-15.4007,66.8338|114.8422|68.0895,34.2286|78.819|-33.1843,-9.4166|80.8242|32.5197,9.9168|80.3054|14.2883,-9.6545|48.1001|68.7939,33.739|45.3209|-10.1082,-38.7648|16.6187|41.9157,12.8009|16.6222|-46.148,-32.2595|7.7395|50.2777,22.4387|7.7442|-41.749,62.8211|90.2811|16.6142,-6.8282|61.5897|-103.4846,-0.694|58.9028|-101.7328,43.6131|70.8518|-36.0023,43.6098|70.8447|-35.9998,34.2309|78.8186|-33.1841
attack1,1,0.0333,4.3207|88.5819|29.7441,2.8453|83.8515|27.8024,4.4513|96.1588|31.7442,8.9948|109.5839|37.4194,27.9814|137.1067|41.4519,34.0384|141.6642|44.6506,23.0275|129.4716|44.1209,24.7786|129.3025|36.9837,22.5778|141.3916|60.5259,29.3681|130.0962|17.2432,42.5175|128.4695|93.4534,35.0294|98.2347|-9.2462,64.468|113.5877|79.5779,39.1483|75.0347|-28.5436,-9.7138|78.225|33.6175,11.6771|76.999|17.89,-10.1564|46.4774|70.7473,34.3143|42.4697|-8.2179,-39.0637|16.2003|42.3114,13.293|16.2904|-46.0774,-32.3701|7.3261|50.5289,23.2042|7.6919|-41.7309,67.4417|86.388|21.4503,-1.4879|57.9598|-99.1255,4.6314|55.262|-97.3387,48.5392|67.0581|-31.3133,47.5934|68.2037|-32.0889,39.1505|75.0343|-28.5434
attack1,2,0.0667,5.4314|85.1839|32.9341,3.9131|80.6463|30.608,5.8031|92.6528|35.2724,10.296|105.3894|42.5704,30.3263|130.9347|51.5413,36.3953|134.9022|55.5716,24.3477|123.6556|52.9086,27.5117|123.6076|46.0087,22.0929|134.81|69.6988,34.2029|123.7878|26.8624,30.6939|129.4942|109.0255,37.8329|94.4738|-4.2837,55.2631|119.2429|95.3474,40.4737|73.1244|-26.9771,-9.5939|75.6796|34.6203,13.4379|73.5793|21.5223,-10.2838|44.9425|72.587,33.9659|38.7101|-5.8345,-38.9414|15.9625|42.5898,12.9776|16.2702|-46.0314,-32.0834|7.0873|50.6694,22.6329|7.4489|-41.5571,69.0586|84.5937|22.8244,-0.5724|55.8848|-97.2815,5.5619|53.1987|-95.5286,49.8594|65.1579|-29.7931,49.8239|65.9467|-29.9844,40.4759|73.124|-26.9769
attack1,3,0.1,6.4865|81.8616|36.1462,5.0237|77.5162|33.4505,7.0128|89.2107|38.8047,10.9674|101.2189|47.6997,30.5593|124.3296|62.4071,36.3381|127.6166|67.5855,23.7359|117.6536|62.0357,28.5945|117.4648|55.9278,18.9905|128.3687|78.5911,37.7971|116.5198|37.8777,12.6347|139.0525|117.2476,39.5006|90.4531|1.2168,40.3074|128.4177|113.1309,40.7649|71.0665|-26.0603,-9.1383|73.2707|35.5993,15.1659|70.179|25.2948,-11.1356|43.8142|74.5227,33.0371|35.2679|-3.8016,-38.8356|16.0487|42.5427,12.5652|16.647|-46.1463,-32.0176|7.1878|50.6717,22.0102|7.5643|-41.7465,69.1692|82.4869|23.8558,-0.0285|53.8974|-96.5292,6.0925|51.1982|-94.7502,50.1444|63.0783|-28.8352,50.2426|63.7458|-29.318,40.7671|71.0661|-26.06
attack1,4,0.1333,7.3793|78.7515|39.4393,6.0392|74.5476|36.4723,8.0169|86.0191|42.2839,11.0187|97.4938|52.3831,28.2558|118.3469|72.4402,33.2995|121.0134|78.8758,21.03|112.4875|70.112,27.5276|111.6604|65.4748,13.5257|123.6348|85.3053,39.7195|108.9153|49.4996,-4.0296|143.9164|115.7904,40.4533|85.0361|7.5593,22.5487|139.3586|128.7768,41.009|67.1076|-23.6978,-8.4971|71.1107|36.7688,16.6844|66.7471|29.4689,-13.453|43.2798|76.6132,31.5083|32.6683|-2.1977,-38.8586|16.4693|42.02,12.7287|16.3162|-46.2191,-32.3574|7.6483|50.4464,22.2863|7.3752|-41.7723,69.5866|78.463|26.1344,-0.0295|50.0307|-94.047,6.0962|47.3268|-92.2914,50.3755|59.118|-26.5126,50.652|59.7979|-26.4977,41.0113|67.1072|-23.6976
attack1,5,0.1667,7.9139|76.0949|43.1038,6.7283|71.9862|39.9468,8.6618|83.3102|46.0468,10.5197|94.4878|56.9126,23.9055|113.6214|81.1815,27.7852|115.7812|88.7674,16.8483|108.6941|76.8677,24.4642|106.7594|74.2822,7.2411|121.1273|89.6947,39.7476|101.6846|61.9514,-11.6685|143.6943|117.6595,40.6592|79.107|16.0794,6.9725|147.8745|140.7004,41.3397|62.338|-17.4335,-7.8842|69.2679|38.4335,17.7607|63.6882|34.2334,-16.3336|43.4054|79.0098,30.0219|31.4883|-0.3504,-38.6001|16.5353|42.3608,13.1261|16.9801|-45.7516,-32.0296|7.7315|50.7514,22.8063|8.1551|-41.3384,70.0942|73.584|32.322,0.04|45.4234|-87.6692,6.1372|42.659|-85.9084,50.6141|54.2332|-20.224,51.5394|54.7333|-21.8659,41.342|62.3376|-17.4333
attack1,6,0.2,7.6605|74.4617|47.3383,6.5203|70.3675|44.1485,8.7763|81.6771|50.1555,10.0267|93.0036|61.1121,17.9687|111.7176|87.963,19.8928|113.7443|96.4839,11.8693|107.8134|81.5598,19.5544|104.0363|81.9934,1.6035|122.9545|90.3219,36.9569|95.0594|76.7064,-29.3544|147.3915|99.9817,42.462|73.8295|29.657,-19.7893|151.1907|128.0871,46.4594|58.4165|-4.5134,-7.8803|68.2914|40.7551,17.7685|61.3401|40.2499,-28.2162|40.589|75.4787,33.4576|27.2155|9.0683,-38.9577|16.6173|32.2246,16.8055|16.2499|-37.4009,-34.6782|7.8143|41.9854,25.529|7.4421|-31.2864,72.8627|69.7393|46.5118,8.5105|41.3731|-76.5846,14.6125|38.7617|-74.6188,56.075|50.6295|-7.042,57.5744|51.406|-8.1708,46.4616|58.4161|-4.5131
attack1,7,0.2333,6.5494|74.2856|48.4826,5.4373|70.1647|45.3202,8.0913|81.4789|51.1444,9.2111|93.141|61.8822,10.5265|113.1421|88.9465,10.0201|115.573|97.7059,6.4362|109.7091|80.8402,12.6754|104.4124|84.4837,-2.924|127.231|84.9373,28.4477|92.1814|88.0925,-36.3859|145.3227|70.7295,43.4156|71.5241|44.7084,-49.0757|152.1002|96.9757,53.4894|60.1101|11.9758,-8.3602|68.1729|39.9474,16.85|60.654|43.7353,-44.7827|38.0143|52.2193,39.7343|20.1024|29.0674,-39.6898|16.9667|6.4812,25.6007|15.8879|-19.3038,-41.5734|8.0909|16.9096,30.984|7.1146|-10.0781,71.1574|71.9253|66.5389,27.9859|42.3178|-65.2113,33.9605|40.1912|-62.4362,64.0501|53.3027|10.7027,64.9419|53.2136|12.2759,53.4916|60.1099|11.9764
attack1,8,0.2667,4.1044|76.6258|43.6449,3.1549|72.3512|40.6401,5.8141|83.8811|46.0128,6.6802|96.147|56.1487,1.9856|119.173|80.2738,-0.6098|122.6146|88.3706,0.3151|115.2947|71.4872,4.1426|109.3932|77.8031,-7.1368|134.1547|71.0551,13.9688|95.9717|89.4089,-35.2708|148.3642|45.4537,44.5525|68.4331|63.7545,-59.525|153.2849|62.2864,63.136|57.8245|38.8039,-9.738|69.6193|33.6035,14.6698|62.8899|41.6911,-45.6459|37.853|24.2077,35.9371|21.7004|57.0386,-40.769|16.6821|-21.4971,35.8851|14.8067|6.9288,-49.2023|7.8565|-15.0108,35.9175|5.9038|17.5023,59.0633|73.7213|95.014,68.5929|34.1865|-40.7968,73.5158|33.1895|-36.0335,74.4198|52.9248|41.6599,74.5223|54.3496|43.424,63.1378|57.8247|38.8052
attack1,9,0.3,-0.7706|83.4571|28.1391,-1.3985|78.9647|25.3807,0.7487|90.8625|30.1351,0.7054|103.9447|39.2132,-9.6736|129.9295|57.9567,-14.108|134.2153|64.7113,-8.8821|125.0494|49.5052,-7.4964|119.4329|57.7708,-14.7362|143.868|44.7093,-6.1788|107.8295|74.3541,-35.9542|157.8033|13.0159,30.7435|77.9486|77.8328,-64.5689|154.9878|21.3272,55.1059|64.8752|66.1854,-13.2982|74.8738|17.3269,10.3076|70.273|28.6419,-40.8742|40.7604|-4.1817,22.609|40.5899|65.441,-40.7141|15.8193|-48.214,46.5122|14.1363|29.5282,-51.3085|6.9398|-48.2502,41.7105|5.2598|38.9733,25.7347|84.0561|113.0712,96.4716|36.5673|-0.2398,98.7983|36.295|6.2742,64.144|61.1194|74.1665,65.4594|60.6457|74.8599,55.107|64.8757|66.1874
attack1,10,0.3333,-6.0946|94.6154|-1.9046,-6.6738|89.8276|-4.1203,-4.4753|102.1728|-0.7389,-4.5294|116.81|5.2956,-15.7277|146.3614|16.9391,-20.1954|151.2527|21.1307,-13.9133|139.9799|9.6787,-14.1995|134.6663|20.8504,-14.1024|157.1448|-1.1259,-23.3709|127.9476|37.6467,-33.5236|166.6676|-35.4915,-7.6205|104.6651|73.7662,-61.2545|165.9385|-24.2545,14.0475|87.9903|86.8095,-18.1004|85.5907|-12.7624,4.6938|81.1278|0.1581,-51.2752|49.7309|-12.2614,17.7428|54.4178|39.0072,-40.7358|15.5545|-48.0641,46.5453|13.7749|29.7156,-51.3307|6.6758|-48.1022,41.7444|4.8982|39.1609,-17.9342|101.0089|104.0908,93.1199|39.5779|40.9151,92.3818|40.3334|47.7565,32.6676|73.7851|89.4894,32.798|72.8946|90.2117,14.0479|87.9901|86.8117
attack1,11,0.3667,-11.6061|103.5824|-23.2435,-12.1373|98.4966|-24.6589,-9.9805|111.2254|-23.2815,-9.541|126.7982|-21.6588,-19.8317|158.705|-18.447,-23.258|163.9429|-16.5155,-17.8733|150.6865|-23.8762,-20.9533|146.6225|-9.7914,-11.3894|162.0499|-39.3758,-35.4306|147.9825|4.3483,-26.9147|167.3051|-76.5268,-34.905|129.2425|57.9717,-52.5519|167.0407|-61.0845,-20.4928|110.9055|90.985,-22.9934|93.4957|-33.622,-0.6744|90.4064|-19.5241,-49.0853|55.2732|-17.9696,21.742|53.7406|4.076,-40.8788|15.2013|-47.7662,44.967|15.7628|28.5252,-51.473|6.3217|-47.8049,40.1667|6.8865|37.9712,-25.4574|109.7822|67.0476,25.41|39.4409|179.1325,19.5792|43.172|179.1187,-14.4126|84.9404|119.7339,-13.9023|83.553|120.2902,-20.495|110.9054|90.9857
attack1,12,0.4,-16.371|103.44|-18.8033,-16.9986|98.1882|-19.2003,-14.5699|110.8899|-20.3127,-13.3393|126.1188|-22.521,-18.748|158.4796|-30.1224,-21.1897|164.3662|-29.7999,-18.3276|148.8896|-32.6454,-31.2663|147.1776|-19.6928,-10.1287|150.8005|-51.0989,-40.803|161.9042|-9.5166,15.2624|137.46|-79.8415,-72.2351|172.7081|0.5066,-12.4871|129.7818|-88.0156,-94.9524|186.6251|14.8507,-27.5342|91.8877|-27.7155,-5.7521|90.9772|-12.512,-52.1864|51.6443|-15.0864,19.55|54.0755|7.8162,-39.5446|14.7535|-47.3381,45.7635|15.8542|28.8791,-50.139|5.8742|-47.3771,40.9627|6.9786|38.3255,-69.2573|167.0146|-2.9921,-182.521|188.9762|79.3904,-181.2861|192.2421|73.4132,-119.8005|184.5581|22.5516,-120.4019|183.0233|22.6461,-94.9534|186.6257|14.8488
attack1,13,0.4333,-17.9983|102.7181|-14.6311,-19.1496|97.5422|-14.6589,-15.4913|109.8286|-16.6663,-12.6422|124.3907|-19.8558,-12.7441|155.9447|-31.6283,-14.542|162.2229|-31.5994,-14.3517|146.1808|-32.859,-28.3556|148.1567|-20.1051,-7.327|142.5055|-51.5285,-34.2337|165.9177|-12.2709,24.0511|122.5992|-67.8976,-65.8948|184.7633|-12.6077,13.4071|108.7899|-92.2257,-71.0568|210.2928|-25.9219,-30.1604|91.6556|-22.8635,-8.72|89.8123|-7.264,-57.0249|51.4244|-16.0437,18.018|52.6846|10.8857,-41.5806|14.8628|-47.4384,45.719|14.2293|29.6933,-52.2078|6.0233|-47.3201,40.7505|5.609|39.2882,-71.1588|166.3219|-1.9302,-113.4825|281.8246|-72.404,-107.7066|278.2589|-73.7618,-78.3063|212.77|-38.0753,-74.9926|209.7831|-37.6564,-71.0557|210.2919|-25.9237
attack1,14,0.4667,-16.7851|101.4672|-10.6775,-18.443|96.4345|-10.5295,-13.6222|108.2283|-12.965,-9.3067|122.0384|-16.5416,-5.5644|152.5786|-30.2363,-6.6108|159.1306|-30.2843,-8.7456|143.0967|-30.824,-19.4|147.4355|-18.9419,-3.7033|136.4883|-49.3256,-22.6887|166.2113|-12.0113,25.807|113.6738|-65.3704,-55.8867|186.0073|-12.8075,29.5895|96.4538|-89.5574,-51.149|207.3883|-32.6136,-30.0025|91.3541|-18.5153,-8.8029|88.0008|-2.8384,-58.242|51.5169|-16.9996,16.5793|52.7365|20.2948,-40.876|15.6022|-48.1356,46.4401|12.531|29.8811,-51.4525|6.7055|-48.4079,41.789|3.4664|39.2224,-60.2864|167.1011|-4.2856,-76.153|274.5908|-95.3502,-70.5652|270.5227|-94.9695,-55.4057|208.6705|-46.2749,-57.327|207.9869|-45.8015,-51.1475|207.3871|-32.6149
attack1,15,0.5,-15.4385|100.3946|-8.3979,-17.4542|95.5032|-8.0936,-11.8253|106.8425|-10.9043,-6.5374|119.8928|-14.9119,-0.4424|149.6556|-29.4476,-0.9879|156.3552|-29.5098,-4.5603|140.4763|-29.7822,-10.1863|145.0609|-19.8836,-0.8658|132.9003|-48.231,-12.213|164.1372|-13.2982,27.9863|109.5039|-64.6309,-46.4237|184.812|-17.49,34.3218|90.8321|-87.149,-39.2825|204.9227|-37.9731,-29.3694|91.0158|-15.9101,-8.4106|86.6435|-0.1606,-58.5018|51.8225|-17.3113,15.3199|52.8799|26.5459,-40.5832|16.0532|-48.3012,46.443|12.7222|29.955,-51.0705|7.0505|-48.5414,41.7559|3.7553|39.3723,-55.2324|166.1851|-10.5136,-50.1273|271.7152|-105.0433,-44.9504|267.3028|-103.759,-41.3958|206.0724|-52.1367,-42.6995|204.7558|-52.0044,-39.2809|204.9214|-37.9741
attack1,16,0.5333,-13.9924|99.3545|-6.8908,-16.2292|94.5715|-6.4611,-10.1108|105.5698|-9.5699,-4.2637|117.9817|-13.965,3.2604|147.0118|-29.2913,3.0326|153.8227|-29.414,-1.4674|138.0713|-29.4011,-2.9562|142.1013|-21.3273,1.2161|129.9574|-47.7959,-4.4784|161.2949|-14.95,29.1966|105.8259|-64.6346,-38.8385|182.2351|-21.6017,37.3605|86.0391|-85.5552,-30.0421|200.6779|-43.1448,-28.3447|90.4306|-14.1599,-7.5778|85.5138|1.6828,-58.2632|51.9459|-17.4141,14.2962|52.6433|30.7913,-40.4155|16.0246|-48.2687,46.4168|13.2781|29.9835,-50.8412|6.9485|-48.4032,41.5825|4.4408|39.4489,-50.8737|163.627|-16.644,-30.2367|266.1606|-112.3489,-25.478|261.504|-110.4538,-30.6559|201.5657|-57.4706,-30.7889|200.2167|-56.46,-30.0405|200.6765|-43.1456
attack1,17,0.5667,-12.516|98.3721|-5.7884,-14.8589|93.6501|-5.2778,-8.5129|104.4573|-8.5786,-2.3957|116.4311|-13.2205,5.7952|145.045|-28.9814,5.7197|151.9425|-29.13,0.7303|136.2344|-28.9914,1.4612|139.7503|-21.8031,2.7801|127.8611|-47.3515,-0.3735|158.828|-15.1655,30.0232|103.1364|-64.5353,-34.5862|179.4435|-23.8617,39.0166|82.5555|-84.3186,-24.8628|197.064|-45.8628,-27.0614|89.6507|-12.9137,-6.4073|84.5385|3.0145,-57.9325|52.0429|-17.3189,13.5184|51.9397|33.6102,-40.616|15.6763|-47.9538,46.3636|13.5196|29.6266,-51.1108|6.6798|-48.0541,41.5402|4.6518|39.0689,-47.7739|160.5608|-20.3361,-19.9087|261.7695|-115.6186,-15.3367|257.0781|-113.3809,-24.5688|197.7994|-60.2073,-24.407|197.232|-59.0041,-24.8612|197.0625|-45.8635
attack1,18,0.6,-11.2805|97.5644|-5.0019,-13.679|92.8787|-4.4347,-7.2185|103.5709|-7.8697,-0.9533|115.266|-12.6833,7.575|143.6314|-28.7122,7.5928|150.5861|-28.8793,2.296|134.8905|-28.6826,4.2522|138.1126|-21.7954,3.9121|126.386|-47.0256,1.7566|156.9347|-14.6623,30.5226|101.1109|-64.399,-31.8871|177.3475|-25.32,40.0299|79.9656|-83.3283,-21.3706|194.4328|-47.5036,-25.9239|88.938|-12.0331,-5.346|83.764|3.9736,-57.7164|52.2112|-17.2444,12.7941|51.2041|35.5818,-41.0071|15.4071|-47.6934,46.2084|13.6109|29.8444,-51.6504|6.5873|-47.8356,41.4141|4.7139|39.2741,-45.1542|157.8193|-22.9515,-14.0366|259.5101|-116.7018,-9.5462|254.8011|-114.3393,-20.5997|195.2458|-61.8263,-20.6787|195.0834|-60.7007,-21.369|194.4314|-47.5044
attack1,19,0.6333,-10.4847|97.0222|-4.4373,-12.9049|92.3523|-3.8473,-6.4005|102.9957|-7.336,-0.0746|114.5913|-12.223,8.5789|142.8795|-28.3211,8.6473|149.855|-28.4867,3.1836|134.1524|-28.329,5.5144|137.3013|-21.4653,4.5878|125.6323|-46.6822,2.296|155.7783|-13.7438,30.6668|99.7834|-64.0171,-30.3014|176.2733|-26.7129,40.3629|78.1715|-82.3132,-18.7561|192.48|-49.0812,-25.1515|88.4355|-11.4554,-4.6528|83.2437|4.6469,-57.4839|52.2621|-17.1892,12.5053|50.8605|36.939,-41.0448|15.2408|-47.5217,46.1415|13.6193|30.4769,-51.727|6.4683|-47.6743,41.3197|4.7771|39.9441,-43.8594|156.6525|-24.6795,-8.1542|256.0742|-119.2252,-3.8108|251.3586|-116.6141,-17.4719|192.9972|-63.3792,-18.2657|193.265|-61.9152,-18.7545|192.4785|-49.0819
attack1,20,0.6667,-9.8843|96.6648|-4.0228,-12.3119|92.0017|-3.4241,-5.793|102.6248|-6.9327,0.5726|114.1871|-11.8528,9.2583|142.4646|-27.9524,9.3541|149.451|-28.112,3.7898|133.7259|-28.0252,6.324|136.8426|-21.1462,5.0821|125.228|-46.397,2.4963|154.9027|-12.7464,30.6268|98.9499|-63.8814,-29.6991|175.1493|-26.969,40.2073|77.0848|-81.936,-17.8014|191.285|-49.2213,-24.5523|88.1029|-11.0515,-4.1192|82.8942|5.1285,-57.2761|52.3382|-17.1189,12.3554|50.6896|37.9318,-41.0325|15.1844|-47.3949,46.1078|13.6607|30.9794,-51.7145|6.4113|-47.5292,41.25|4.887|40.4918,-43.3984|155.2933|-25.5554,-6.0774|255.7698|-118.3458,-1.7934|250.9858|-115.7613,-16.3821|191.9829|-63.4883,-16.5679|191.599|-62.7879,-17.7998|191.2835|-49.222
attack1,21,0.7,-9.3931|96.4212|-3.7222,-11.8159|91.7573|-3.1254,-5.3083|102.3842|-6.6293,1.0744|113.9642|-11.5489,9.7146|142.2911|-27.586,9.8165|149.2847|-27.7325,4.2074|133.5205|-27.7477,6.8909|136.6129|-20.833,5.4593|125.08|-46.1487,2.5983|154.2566|-11.7971,30.6104|98.5697|-63.8521,-28.9413|174.0173|-28.0306,40.0586|76.6062|-81.8569,-16.2325|189.6347|-50.2176,-24.0467|87.8737|-10.7758,-3.6676|82.6467|5.4662,-57.1149|52.4647|-17.0585,12.2468|50.582|38.6662,-41.06|15.2172|-47.3198,46.0753|13.7169|31.2987,-51.7295|6.4285|-47.4212,41.1857|5.0041|40.8507,-42.8281|154.0938|-26.925,-1.9864|253.3344|-119.5625,2.1779|248.5345|-116.8168,-14.4203|190.167|-64.4301,-15.1168|190.0279|-63.4124,-16.2309|189.6332|-50.2182
attack1,22,0.7333,-8.9777|96.235|-3.5018,-11.3831|91.5623|-2.9175,-4.9139|102.2177|-6.3914,1.4495|113.874|-11.2704,9.9673|142.3229|-27.1562,10.0539|149.3204|-27.2759,4.4559|133.5008|-27.4388,7.2385|136.5706|-20.4654,5.733|125.1661|-45.8862,2.579|153.7887|-10.8114,30.5391|98.5314|-63.8871,-28.8495|172.9165|-27.991,39.9198|76.5691|-81.9285,-15.9164|188.5196|-50.068,-23.5996|87.6924|-10.5977,-3.2719|82.445|5.7021,-57.001|52.6272|-17.0436,12.1581|50.4975|39.2318,-41.1176|15.3145|-47.3152,46.0313|13.7634|31.4755,-51.7714|6.5064|-47.3848,41.1134|5.101|41.0588,-42.5435|152.75|-27.107,-1.2997|252.3584|-119.1697,2.8654|247.5858|-116.3779,-13.9448|189.0567|-64.2398,-14.3448|188.9139|-63.6164,-15.9148|188.5181|-50.0685
attack1,23,0.7667,-8.607|96.0504|-3.3288,-10.9819|91.361|-2.7681,-4.5797|102.0701|-6.1859,1.7135|113.8677|-10.9771,10.0317|142.5213|-26.5986,10.0815|149.5199|-26.6709,4.5508|133.6304|-27.0411,7.3853|136.6719|-19.9847,5.9112|125.4637|-45.5576,2.3736|153.4003|-9.6687,30.2886|98.7364|-64.0014,-29.1984|171.2673|-27.9097,39.7166|76.8493|-82.1094,-16.2581|186.8389|-50.011,-23.1777|87.5044|-10.4876,-2.9078|82.2347|5.8768,-56.9314|52.8116|-17.1111,12.067|50.3992|39.7115,-41.1908|15.4537|-47.4015,45.9647|13.7828|31.547,-51.8346|6.6334|-47.4563,41.0223|5.1574|41.1511,-42.8065|150.8111|-27.3131,-1.4366|250.6971|-119.0175,2.7423|245.9731|-116.1645,-14.1181|187.3555|-64.1421,-14.3814|187.7408|-63.4318,-16.2565|186.8374|-50.0115
attack1,24,0.8,-8.2479|95.8109|-3.1695,-10.5778|91.0968|-2.6444,-4.274|101.8858|-5.9778,1.8933|113.8849|-10.6347,9.9179|142.814|-25.8979,9.9057|149.8108|-25.9067,4.5072|133.8364|-26.5334,7.3484|136.8481|-19.373,6.031|125.9111|-45.1418,1.943|153.01|-8.3753,29.6997|99.0205|-64.2592,-30.1241|169.4415|-27.0959,39.2991|77.251|-82.4189,-17.6273|185.4003|-49.1793,-22.744|87.249|-10.4151,-2.5362|81.9602|6.0199,-56.8383|52.9395|-17.286,12.008|50.2346|40.1412,-41.132|15.5547|-47.5611,45.9586|13.7906|31.4562,-51.7658|6.7226|-47.6303,41.0086|5.1713|41.0617,-44.1445|148.8498|-27.2619,-2.8331|250.6926|-116.8154,1.3505|245.9179|-114.0552,-15.4731|186.2026|-63.2843,-15.2467|185.8459|-62.9366,-17.6256|185.3988|-49.1799
attack1,25,0.8333,-7.8687|95.4606|-2.9907,-10.1393|90.7144|-2.513,-3.9652|101.6073|-5.7342,2.0217|113.858|-10.2137,9.6551|143.121|-25.0346,9.5545|150.1123|-24.9662,4.3564|134.0409|-25.8931,7.1603|137.0213|-18.6103,6.1201|126.4253|-44.6093,1.3215|152.546|-6.9371,28.3151|99.09|-64.8319,-31.5456|166.1511|-26.5181,38.0392|77.4228|-83.0477,-19.9532|182.2533|-48.9878,-22.2679|86.8713|-10.3444,-2.1214|81.5653|6.16,-56.6791|52.9353|-17.4858,12.0095|49.9469|40.553,-40.9135|15.5487|-47.7277,46.0696|13.7878|31.139,-51.5313|6.6975|-47.8202,41.1416|5.1293|40.7207,-45.6703|145.0971|-27.136,-6.3146|247.6156|-116.7992,-2.0285|242.9686|-113.9787,-17.6926|183.05|-63.0767,-16.9524|183.3331|-62.3052,-19.9515|182.2519|-48.9883
attack1,26,0.8667,-7.4376|94.944|-2.7596,-9.636|90.1603|-2.3394,-3.6206|101.1762|-5.4242,2.1228|113.724|-9.6785,9.2826|143.3856|-23.9327,9.0716|150.3669|-23.7637,4.1333|134.1958|-25.0564,6.8603|137.1279|-17.6306,6.1673|126.9478|-43.8908,0.5553|151.9003|-5.2454,26.1383|98.9633|-65.4969,-32.9309|163.4794|-25.0787,37.1039|77.4868|-83.2269,-22.2463|180.2401|-47.515,-21.7243|86.3261|-10.2372,-1.6426|80.9934|6.3376,-56.4858|52.7943|-17.5878,12.0368|49.4955|41.0243,-40.6977|15.4353|-47.8522,46.2433|13.7458|30.6219,-51.3116|6.5799|-47.9756,41.3677|5.0055|40.1559,-49.1298|142.7041|-27.8765,-6.1593|248.5882|-111.784,-2.0238|243.6991|-109.1543,-19.7846|181.7052|-61.5316,-19.356|180.4872|-61.5049,-22.2446|180.2386|-47.5156
attack1,27,0.9,-6.951|94.1468|-2.3771,-9.0651|89.3218|-2.0234,-3.2358|100.4753|-4.9504,2.191|113.3607|-8.9261,8.8053|143.4897|-22.4445,8.4652|150.4546|-22.1413,3.8386|134.1929|-23.8885,6.4544|137.0425|-16.298,6.1279|127.3593|-42.848,-0.3381|150.8905|-3.1273,23.0311|98.443|-65.8032,-34.4262|158.8822|-23.6916,35.4915|77.1301|-82.7246,-25.0068|175.7868|-46.5785,-21.1152|85.5089|-9.9897,-1.1072|80.129|6.6587,-56.3184|52.455|-17.4023,12.025|48.7831|41.6966,-40.6727|15.1611|-47.8206,46.3928|13.5956|29.9781,-51.3161|6.3413|-47.9591,41.604|4.7299|39.4401,-50.9444|137.3723|-27.496,-10.0233|244.7307|-110.5503,-5.7737|239.9855|-107.8403,-22.311|177.3844|-60.5725,-22.2567|176.909|-60.3002,-25.005|175.7855|-46.579
attack1,28,0.9333,-6.5049|92.7925|-1.6167,-8.5147|87.9196|-1.3447,-2.918|99.2359|-4.0773,2.0772|112.5089|-7.6907,8.0228|143.2079|-20.1998,7.523|150.1449|-19.7072,3.2894|133.8119|-22.0509,5.7556|136.5184|-14.2679,5.777|127.4278|-41.1418,-1.5517|149.1351|-0.1684,20.0681|97.7568|-64.8949,-36.0243|153.3797|-21.2013,30.6031|75.8875|-82.4045,-28.0252|170.3084|-44.6,-20.5279|84.1424|-9.3835,-0.6022|78.6902|7.34,-56.3272|51.6757|-16.5315,11.8278|47.6115|42.8739,-40.9732|14.6676|-47.4433,46.3938|13.187|29.5634,-51.6503|5.888|-47.5323,41.6964|4.1813|38.9386,-55.5694|131.7887|-28.1701,-8.9349|241.4273|-105.0004,-4.9059|236.4733|-102.3274,-24.7359|172.4122|-58.401,-25.4458|172.2085|-58.4578,-28.0235|170.307|-44.6006
attack1,29,0.9667,-5.9734|91.079|-0.8836,-7.8226|86.1392|-0.7371,-2.5875|97.6899|-3.1709,1.7306|111.4395|-6.2444,6.6441|142.891|-17.2407,5.8961|149.7718|-16.4594,2.2772|133.3982|-19.6581,4.5243|135.8567|-11.6406,4.8515|127.4651|-38.8825,-3.362|146.6111|3.6409,19.3868|97.4416|-62.0371,-38.1824|146.8686|-17.2453,23.6838|75.0159|-81.3885,-31.9487|163.7987|-41.168,-19.7824|82.3925|-8.8692,0.0712|76.8629|7.9146,-56.3368|50.5819|-15.0847,11.4908|46.5639|44.4531,-41.025|14.7332|-47.3541,46.3674|12.9377|29.9473,-51.6031|5.8341|-47.3473,41.5845|3.9617|39.3077,-59.8619|124.4262|-26.4835,-11.9481|236.7932|-98.4291,-7.9637|231.745|-95.8678,-28.5254|166.1247|-54.6637,-29.227|165.8316|-55.3697,-31.947|163.7973|-41.1685
attack1,30,1.0,-5.194|89.2682|-0.6677,-6.8629|84.2642|-0.6602,-2.0377|96.0519|-2.7612,1.478|110.2544|-5.2196,5.1905|142.4224|-14.4767,4.1667|149.2153|-13.3676,1.239|132.881|-17.5188,3.2582|135.022|-9.2674,3.6845|127.2873|-36.8615,-5.0902|143.5503|7.1321,16.5819|96.4347|-59.8964,-40.3287|139.8557|-12.701,14.6899|74.5304|-80.2061,-36.1807|156.2402|-37.4356,-18.7705|80.5585|-8.8871,1.0132|74.9313|7.9466,-56.0367|49.3575|-13.8367,10.9563|46.0175|46.014,-41.1878|15.0203|-47.9154,45.9251|12.7618|30.8717,-51.7857|6.1471|-47.7184,40.9257|4.0077|40.3286,-63.0389|116.0009|-22.2686,-18.8116|229.5341|-94.7419,-14.6743|224.574|-92.2518,-33.0985|158.4425|-50.8545,-33.5943|158.0147|-51.3519,-36.179|156.2389|-37.4362
attack1,31,1.0333,-4.0359|87.5348|-1.4028,-5.4588|82.4603|-1.5824,-1.2006|94.5304|-3.2333,1.3027|109.1539|-4.9367,3.3597|141.9873|-12.147,1.9797|148.6367|-10.656,-0.0555|132.4427|-15.8878,1.7322|134.1846|-7.4111,2.1442|127.1654|-35.3485,-6.9256|140.0018|9.9836,11.5089|95.3605|-58.792,-42.285|132.1889|-8.3854,4.6961|74.5101|-79.1565,-40.6607|147.6898|-33.963,-17.2432|78.7129|-9.9663,2.5194|73.0963|6.8957,-54.8237|47.8167|-14.4266,10.9865|45.8451|46.5214,-42.433|16.0485|-51.8185,46.4333|13.2658|31.0059,-53.124|7.3352|-50.8851,41.3578|4.6226|40.5241,-66.1166|106.8678|-18.98,-25.8822|222.1107|-91.08,-21.5799|217.2555|-88.6641,-37.6896|150.3452|-47.554,-37.8476|149.6001|-47.5807,-40.6589|147.6886|-33.9636
attack1,32,1.0667,-2.5719|85.5859|-2.9645,-3.6986|80.4515|-3.3638,-0.1327|92.7998|-4.4817,1.2407|107.7365|-5.3663,1.303|141.0278|-10.4593,-0.4773|147.4764|-8.5809,-1.5067|131.5405|-14.8941,0.0868|132.849|-6.2266,0.334|126.5393|-34.4647,-8.6181|135.8529|11.8448,5.3551|94.0766|-58.3357,-43.9142|124.3384|-4.5974,-5.4177|74.5147|-78.2643,-44.9546|137.9328|-31.2603,-15.2698|76.566|-11.9786,4.5147|71.1078|4.9098,-52.3327|45.1713|-17.2203,11.1982|45.5475|45.9833,-42.7587|15.7682|-57.279,47.2946|13.6871|30.4543,-53.0115|6.9616|-54.3786,42.3306|4.9602|39.9548,-69.8168|97.9639|-17.5957,-29.6468|213.9837|-88.475,-25.3317|209.1704|-85.9988,-41.3919|141.8993|-45.4623,-41.4313|141.1984|-45.259,-44.9528|137.9316|-31.2609
attack1,33,1.1,-0.835|83.6379|-5.0872,-1.6308|78.4669|-5.7203,1.1472|91.0497|-6.2665,1.386|106.1577|-6.3638,-0.7431|139.6196|-9.5298,-2.9297|145.8251|-7.3035,-2.9382|130.2336|-14.5729,-1.4608|131.1402|-5.7635,-1.6601|125.3677|-34.2223,-9.9036|131.5856|12.6727,0.0729|92.6066|-58.1508,-44.6213|116.0498|-1.5422,-13.6337|74.2357|-77.3993,-48.2313|126.582|-29.3367,-12.9074|74.3696|-14.6228,6.9368|69.2125|2.2902,-49.6153|42.8847|-21.5506,11.1648|45.4517|44.7527,-44.0893|15.5867|-63.8021,47.773|13.8259|29.942,-53.5599|6.6349|-59.1913,43.0014|4.9236|39.3782,-70.4798|88.3875|-15.193,-35.7332|202.4763|-91.8379,-31.1966|198.0414|-89.0683,-44.1164|132.2506|-45.1234,-44.0735|131.9962|-44.9312,-48.2295|126.5808|-29.3373
attack1,34,1.1333,1.1623|82.0048|-7.5295,0.6532|76.8251|-8.3469,2.7332|89.5494|-8.4407,2.048|104.7104|-7.9518,-1.9709|138.1006|-9.7383,-4.4708|144.0865|-7.2565,-3.7009|128.8122|-15.1987,-2.2171|129.4403|-6.301,-3.2344|123.609|-34.7977,-10.0604|127.8868|12.3388,-1.7797|90.5815|-58.3761,-43.3178|107.7499|0.6256,-18.4248|73.9655|-76.8885,-49.1658|113.9389|-28.0749,-10.3507|72.535|-17.4964,9.5527|67.6943|-0.5595,-48.1346|42.154|-23.5077,10.699|46.1541|43.2656,-44.8675|15.3547|-66.31,47.2164|13.7128|30.0664,-54.0247|6.275|-61.3311,42.5336|4.7638|39.5029,-68.4472|78.3364|-13.6802,-39.8442|188.7632|-97.8574,-35.079|184.8595|-94.6992,-44.4683|121.6506|-46.2949,-44.3568|121.3697|-45.6712,-49.164|113.9377|-28.0755
attack1,35,1.1667,3.4881|80.9242|-10.1386,3.2589|75.755|-11.1222,4.6407|88.5665|-10.8079,3.0794|103.6988|-9.801,-2.8131|136.8519|-10.4421,-5.5818|142.6166|-7.7267,-4.1643|127.6492|-16.2092,-2.5332|128.0808|-7.266,-4.5854|121.7387|-35.6077,-9.4643|124.8405|11.5179,-1.9111|88.434|-58.684,-40.2715|99.8982|2.7122,-20.8141|73.3987|-76.3609,-47.9593|100.8044|-26.203,-7.4895|71.255|-20.4724,12.5454|66.8021|-3.5843,-46.7776|42.4767|-24.3468,10.7985|47.2382|41.1422,-45.5232|15.1002|-66.8894,46.9867|13.7198|29.8511,-54.6041|6.0393|-61.7395,42.4087|4.6848|39.257,-63.3521|68.2019|-11.2035,-44.5097|171.8517|-106.0699,-39.4334|168.7984|-102.4882,-43.2768|110.2069|-47.9101,-42.2845|109.2964|-47.4803,-47.9574|100.8033|-26.2035
attack1,36,1.2,6.3886|80.2012|-13.1465,6.4412|75.0619|-14.29,7.1062|87.911|-13.5829,4.7121|102.9431|-12.1134,-3.0788|135.7071|-11.83,-6.0817|141.2513|-8.8994,-4.1169|126.5558|-17.7956,-2.2073|126.8979|-8.8503,-5.4322|119.5331|-36.7789,-7.9502|122.287|10.0477,-1.0388|85.9967|-59.2484,-34.2658|91.9477|4.068,-21.8442|72.4735|-75.9848,-43.2906|86.8792|-24.0164,-4.0633|70.3288|-23.801,16.1715|66.3516|-7.0329,-44.8919|43.5198|-24.8234,11.6498|48.5886|38.2497,-45.6942|14.9789|-66.605,47.0803|13.4429|29.8666,-54.7889|6.0021|-61.3336,42.424|4.4511|39.2755,-57.1105|59.6451|-6.8988,-45.1444|147.9517|-117.1558,-39.8293|145.485|-113.47,-39.7418|95.7297|-50.6141,-39.9852|96.9272|-50.5046,-43.2888|86.878|-24.017
attack1,37,1.2333,9.4711|79.8563|-16.4009,9.7831|74.7653|-17.7011,9.7803|87.6004|-16.6057,6.6374|102.4733|-14.6901,-2.893|134.7536|-13.5043,-6.1196|140.0686|-10.3729,-3.6194|125.6755|-19.6737,-1.4708|125.9455|-10.7337,-5.535|117.6115|-38.1862,-6.1894|120.2668|8.1571,1.0962|84.1197|-60.168,-27.789|86.2321|3.2737,-21.1262|72.0517|-76.1797,-37.8309|75.7302|-22.8929,-0.5055|69.8285|-27.3435,19.9488|66.3154|-10.7388,-42.5622|45.0314|-25.5882,13.0261|50.1715|34.8464,-45.5203|15.0012|-66.213,47.3045|13.2642|29.9737,-54.5989|6.1218|-60.7522,42.4755|4.4141|39.4297,-49.459|53.3975|-4.4914,-48.2293|122.7888|-128.1082,-42.5915|121.1139|-124.4571,-36.4271|82.3349|-54.5671,-37.4529|84.2324|-54.7521,-37.8291|75.7288|-22.8934
attack1,38,1.2667,12.2391|79.9736|-19.6593,12.7786|74.9457|-21.1149,12.1842|87.724|-19.6312,8.3852|102.3956|-17.261,-2.6432|134.1435|-15.0924,-6.0828|139.2157|-11.7666,-3.0556|125.1966|-21.5199,-0.7574|125.3475|-12.574,-5.29|116.4539|-39.6854,-4.7579|118.7869|6.1963,3.6756|83.1508|-61.119,-24.1361|83.4921|0.9511,-19.4501|72.1772|-76.631,-35.0676|70.5045|-23.6994,2.674|69.8611|-30.8744,23.3358|66.7403|-14.4493,-40.2305|46.8225|-26.9813,14.6227|51.9153|31.2765,-45.5026|15.1375|-66.0864,47.5297|13.4949|29.8955,-54.5511|6.2673|-60.5612,42.8669|4.5754|39.3697,-45.8488|52.8121|-6.6824,-51.3303|105.2075|-138.2969,-45.5037|104.0208|-134.7525,-35.5564|74.8342|-60.7552,-36.1101|74.9193|-59.7439,-35.066|70.503|-23.6999
attack1,39,1.3,14.3111|80.7107|-22.8333,15.0216|75.7506|-24.435,13.9742|88.4476|-22.5835,9.6878|102.924|-19.781,-2.4634|134.1792|-16.6641,-6.0592|139.0323|-13.1571,-2.6493|125.3847|-23.3445,-0.2216|125.3994|-14.3956,-5.2282|116.242|-41.2658,-3.6519|118.1174|4.2211,5.1832|83.0497|-62.2121,-22.4877|82.4744|-0.6297,-19.0254|73.3116|-76.8732,-33.9205|68.3935|-24.4383,5.0467|70.614|-34.3001,25.8825|67.7164|-18.0549,-38.6386|49.4516|-28.7797,15.761|53.8734|27.6887,-46.5283|15.7926|-65.7361,46.9405|14.0681|29.7611,-55.5887|6.9434|-60.1967,42.5559|4.9862|39.2138,-44.3199|54.3795|-9.3367,-54.8008|89.1544|-146.3719,-48.844|88.4253|-142.9216,-36.0913|69.1247|-66.1668,-35.9568|68.9943|-65.473,-33.919|68.3918|-24.4386
attack1,40,1.3333,16.011|82.3398|-26.4224,16.8189|77.4444|-28.1655,15.5018|90.055|-25.9568,10.9419|104.3733|-22.7325,-1.8817|135.2514|-18.6888,-5.5644|139.9255|-15.0089,-1.9591|126.6233|-25.6152,0.5887|126.4728|-16.669,-5.1281|117.3271|-43.3621,-2.4157|118.5878|1.7748,1.6233|82.0659|-62.3342,-21.3791|82.8972|-2.1386,-21.9025|69.108|-75.5427,-32.9844|68.2811|-25.5375,6.8904|72.3886|-38.1188,27.8771|69.4541|-22.0757,-37.4893|52.8651|-32.1188,17.2038|55.2769|23.4395,-47.5465|16.4645|-65.8056,46.5565|14.4992|29.4823,-56.579|7.629|-60.1992,42.1619|5.4419|38.9539,-43.4007|57.4704|-10.6839,-58.8235|71.9356|-150.8651,-52.7464|71.48|-147.5816,-37.2307|63.2675|-69.3622,-36.4386|63.4749|-68.8078,-32.9831|68.2792|-25.5376
attack1,41,1.3667,17.2893|84.3379|-29.8476,18.1538|79.5014|-31.7182,16.6706|92.0284|-29.1861,11.9538|106.2166|-25.5815,-1.3167|136.7859|-20.7167,-5.056|141.3097|-16.8848,-1.3386|128.3141|-27.8596,1.3146|128.0061|-18.9202,-5.1338|119.0134|-45.4809,-1.3547|119.6211|-0.6462,-3.0514|82.2329|-62.561,-20.7101|84.0342|-3.4177,-24.9735|65.7513|-74.5452,-32.4861|69.0442|-26.4926,8.2278|74.5788|-41.7405,29.3482|71.4971|-25.9017,-36.5364|55.702|-36.5862,18.8204|55.3541|18.9884,-47.2572|16.3993|-66.6081,46.6277|14.1784|28.5921,-56.2968|7.5179|-61.0865,42.0333|5.1626|38.0084,-43.0098|60.6077|-11.725,-61.1729|57.5613|-152.2911,-55.039|57.3339|-149.0905,-38.0031|58.6727|-70.7677,-37.5544|58.3735|-69.7408,-32.4849|69.0423|-26.4925
attack1,42,1.4,18.0043|86.085|-32.3705,18.9106|81.2938|-34.3311,17.3023|93.7527|-31.5697,12.4699|107.842|-27.7016,-1.2002|138.1436|-22.2986,-4.9982|142.5487|-18.3632,-1.1607|129.7772|-29.5865,1.5692|129.3778|-20.6496,-5.2865|120.5366|-47.165,-0.8262|120.651|-2.4981,-9.0753|83.0959|-62.4195,-20.5435|85.1792|-3.8087,-27.5893|62.3154|-73.4308,-32.592|70.0238|-26.6334,8.9846|76.4642|-44.3986,30.2064|73.2892|-28.7146,-35.8594|57.6532|-39.7196,20.6529|55.1959|15.6466,-46.286|16.1102|-66.6718,46.456|13.9071|29.4433,-55.4363|7.3581|-61.126,41.6236|5.0852|38.9239,-43.2073|63.3569|-11.6724,-61.9159|44.7425|-150.9618,-55.7729|44.8113|-147.7713,-38.4371|54.7541|-70.1369,-38.8999|54.4188|-68.9637,-32.5908|70.0218|-26.6331
attack1,43,1.4333,18.0746|87.094|-33.4518,19.0132|82.3413|-35.4853,17.3054|94.7403|-32.5383,12.3857|108.7475|-28.4608,-1.6816|138.79|-22.6457,-5.5472|143.0853|-18.6308,-1.5626|130.5118|-30.051,1.2163|130.0452|-21.1121,-5.8092|121.3411|-47.6374,-0.9752|121.0566|-3.0628,-19.6457|85.5234|-60.847,-21.9986|86.3219|-2.5665,-29.8437|59.1224|-70.5857,-35.1268|71.7251|-25.1586,9.0811|77.5893|-45.5837,30.3928|74.3387|-30.0376,-35.5011|58.3031|-40.3683,22.5032|54.4231|13.8677,-45.7445|15.5416|-65.418,46.8415|13.3509|30.6498,-54.8957|6.8552|-59.7715,42.0237|4.4883|40.0997,-45.6625|66.1797|-9.8613,-58.3585|28.1711|-145.8477,-52.3458|29.1607|-142.5631,-38.3522|50.4893|-66.5645,-40.4738|51.6177|-66.4753,-35.1255|71.7233|-25.158
attack1,44,1.4667,17.8192|87.8268|-33.9219,18.7834|83.1081|-36.0178,16.9942|95.4526|-32.9116,12.0056|109.3884|-28.6579,-2.4436|139.1845|-22.5206,-6.3816|143.3776|-18.4432,-2.2351|130.9829|-30.0238,0.5715|130.4639|-21.0795,-6.5167|121.9214|-47.6582,-1.4758|121.272|-3.1159,-20.2839|85.6842|-59.7483,-23.9164|87.5362|-0.4621,-30.431|58.9739|-68.6618,-38.4959|73.8693|-22.7438,8.8418|78.4262|-46.1394,30.2343|75.107|-30.7195,-35.4055|58.5026|-40.4865,23.7744|53.8788|12.8028,-45.4658|15.3699|-64.9674,46.9988|12.9745|31.4677,-54.6194|6.6662|-59.3512,42.0564|4.2382|40.9708,-48.8445|69.2332|-6.9438,-59.6778|19.8304|-139.3832,-53.7172|21.3164|-136.1922,-40.7732|49.2803|-62.1853,-41.8138|51.3789|-64.2367,-38.4945|73.8677|-22.7431
attack1,45,1.5,17.3452|88.4283|-34.0294,18.3327|83.7406|-36.1792,16.4693|96.0345|-32.9351,11.4162|109.9042|-28.5333,-3.3919|139.4753|-22.1673,-7.4042|143.5769|-18.0437,-3.0898|131.3349|-29.7456,-0.2711|130.7813|-20.7936,-7.416|122.4559|-47.4617,-2.2174|121.4409|-2.8955,-21.4432|86.1162|-58.9292,-25.2717|88.4664|2.5731,-31.7821|59.3304|-67.3838,-39.8752|77.0709|-20.9364,8.3847|79.1182|-46.3219,29.847|75.7454|-31.0109,-35.5213|58.472|-40.6012,24.6903|53.5647|12.2091,-45.1231|15.1872|-64.9976,47.6618|12.6403|31.1411,-54.2875|6.436|-59.4736,42.7115|3.9316|40.6654,-50.2151|72.5292|-4.9264,-60.9318|22.7366|-137.2291,-54.9744|24.2396|-134.0401,-42.096|52.4305|-60.1081,-43.118|52.82|-61.9992,-39.8738|77.0693|-20.9356
attack1,46,1.5333,16.7043|88.9275|-33.8438,17.717|84.2689|-36.0407,15.7766|96.5141|-32.6755,10.6496|110.3181|-28.1495,-4.4851|139.6948|-21.653,-8.5702|143.7192|-17.4984,-4.0917|131.5954|-29.28,-1.2707|131.029|-20.3191,-8.5666|123.0027|-47.1001,-3.1432|121.5931|-2.4632,-18.6839|85.3595|-58.4786,-26.1622|89.0332|5.1984,-33.383|60.5509|-66.4984,-40.333|79.2285|-19.2734,7.7723|79.6926|-46.2075,29.2911|76.2894|-30.9827,-35.8384|58.3898|-40.6376,24.9194|53.4358|11.9726,-45.0326|15.1177|-65.213,48.0917|12.4589|30.5428,-54.1722|6.2868|-59.7757,43.2348|3.6218|39.9965,-50.904|74.5286|-3.3307,-60.8079|27.2463|-136.614,-54.8671|28.6161|-133.3354,-42.4393|55.3165|-58.7756,-44.2765|54.7322|-59.9613,-40.3316|79.2268|-19.2727
attack1,47,1.5667,15.946|89.3559|-33.4346,16.9888|84.7248|-35.6713,14.9623|96.923|-32.2025,9.742|110.6588|-27.5778,-5.7113|139.8685|-21.0785,-9.877|143.8291|-16.9154,-5.2117|131.7887|-28.7264,-2.4142|131.2331|-19.7501,-9.9483|123.6462|-46.6897,-4.2636|121.751|-1.9163,-17.3526|85.4203|-58.2139,-27.0181|89.0567|5.9599,-33.2983|61.391|-66.2248,-40.9458|79.6361|-18.8007,7.0662|80.1798|-45.8737,28.6171|76.7726|-30.6952,-36.3199|58.3349|-40.6609,24.3986|53.4717|12.0345,-45.2402|15.2108|-65.5947,47.9645|12.4876|30.086,-54.3734|6.3525|-60.1912,43.1356|3.6136|39.5196,-51.3894|74.9935|-2.6596,-62.6754|26.5554|-135.4171,-56.7007|27.9492|-132.2108,-43.4999|55.2906|-58.0171,-45.0884|56.0713|-58.5624,-40.9444|79.6344|-18.7999
attack1,48,1.6,15.1217|89.7432|-32.8716,16.197|85.1369|-35.1401,14.0815|97.2917|-31.5877,8.7578|110.9616|-26.8923,-7.0074|140.0304|-20.5113,-11.2624|143.9396|-16.3618,-6.3855|131.9509|-28.1547,-3.6387|131.4269|-19.1562,-11.4385|124.4039|-46.291,-5.5206|121.9444|-1.3261,-16.9514|85.9689|-58.1743,-27.958|88.9453|6.18,-33.3761|62.3456|-66.4213,-41.4641|79.7924|-18.9123,6.3106|80.611|-45.3861,27.8714|77.2185|-30.2184,-36.8848|58.2877|-40.6375,23.5119|53.6198|12.3333,-45.5666|15.3623|-65.9947,47.5246|12.6594|29.8418,-54.705|6.5144|-60.5829,42.6937|3.7828|39.272,-51.979|75.1583|-2.6771,-63.7336|27.122|-135.5398,-57.7435|28.3238|-132.2849,-44.2759|55.2203|-57.9766,-45.4016|56.4317|-58.0508,-41.4627|79.7907|-18.9115
attack1,49,1.6333,14.2833|90.1194|-32.2255,15.3891|85.5344|-34.5189,13.1901|97.651|-30.901,7.7671|111.2616|-26.1582,-8.263|140.226|-19.9652,-12.6006|144.0988|-15.838,-7.5319|132.1281|-27.5811,-4.8357|131.6534|-18.5626,-12.9492|125.2312|-45.8704,-6.7593|122.2166|-0.7126,-17.2084|86.752|-58.1204,-28.9087|88.9253|6.3451,-33.5843|63.1911|-66.6384,-41.9522|80.0336|-19.0836,5.5389|81.0187|-44.8041,27.1048|77.652|-29.638,-37.4839|58.2647|-40.5589,22.462|53.8477|12.769,-45.9538|15.5592|-66.3554,46.9542|12.9396|29.7269,-55.1027|6.7346|-60.9233,42.1016|4.0769|39.1589,-52.8662|75.1689|-2.8442,-63.6142|30.0797|-136.8202,-57.6657|30.7871|-133.3513,-44.7814|55.525|-58.1944,-45.3833|56.3605|-58.1076,-41.9508|80.032|-19.0829
attack1,50,1.6667,13.4796|90.5156|-31.5646,14.6097|85.9481|-33.8772,12.3411|98.0326|-30.2095,6.8367|111.5951|-25.4376,-9.3749|140.5017|-19.4505,-13.7735|144.3561|-15.3404,-8.5761|132.3661|-27.0189,-5.9031|131.9566|-17.9907,-14.403|126.0791|-45.402,-7.8304|122.6137|-0.0918,-17.9707|87.5942|-57.8533,-29.7853|89.1083|6.5482,-33.9717|63.8339|-66.5284,-42.4285|80.4895|-19.1749,4.7814|81.4363|-44.1851,26.3652|78.0994|-29.0379,-38.0711|58.2804|-40.4174,21.449|54.1289|13.2444,-46.3466|15.7864|-66.623,46.4311|13.2944|29.6563,-55.5103|6.9823|-61.1826,41.5463|4.4438|39.0832,-53.8344|75.5206|-3.0964,-62.557|34.5723|-138.5411,-56.7466|34.5783|-134.7783,-45.1022|56.2748|-58.4881,-45.3068|56.2329|-58.3308,-42.4271|80.4879|-19.1742
attack1,51,1.7,12.6916|90.9194|-30.7983,13.8368|86.365|-33.1256,11.5181|98.4246|-29.4213,5.9596|111.9531|-24.6342,-10.3259|140.856|-18.8327,-14.7531|144.7123|-14.7239,-9.5213|132.6631|-26.336,-6.8236|132.3336|-17.3144,-15.7959|126.8743|-44.7353,-8.6816|123.135|0.6663,-19.3754|88.4534|-57.3794,-30.5766|89.5274|6.9789,-34.9081|64.4211|-66.1559,-42.9592|81.2179|-18.9717,4.0064|81.8529|-43.4314,25.6331|78.5451|-28.339,-38.6618|58.2977|-40.0704,20.5236|54.3948|13.8179,-46.7509|16.0025|-66.6531,46.12|13.6584|29.5113,-55.9405|7.2359|-61.1958,41.2367|4.7589|38.8927,-54.2033|77.3714|-3.2061,-62.4526|37.8952|-139.1166,-56.901|37.0208|-135.0749,-45.8201|56.8733|-58.2011,-45.4454|56.4247|-58.3183,-42.9579|81.2162|-18.971
attack1,52,1.7333,11.8672|91.2986|-29.8295,13.0241|86.7544|-32.1673,10.6627|98.7938|-28.4377,5.0607|112.2966|-23.6508,-11.2302|141.2376|-18.0582,-15.6684|145.113|-13.9474,-10.4535|132.9694|-25.4774,-7.7092|132.7352|-16.4715,-17.158|127.6225|-43.8588,-9.4719|123.73|1.6164,-21.4075|89.3705|-56.8043,-31.3448|90.0341|7.5226,-36.1846|64.9333|-65.7656,-43.5832|82.033|-18.5929,3.1843|82.2371|-42.4617,24.8593|78.9623|-27.4316,-39.2757|58.2471|-39.571,19.4327|54.5885|14.5567,-47.1104|16.2173|-66.6463,45.7627|14.0222|29.457,-56.3036|7.4574|-61.1845,40.8778|5.032|38.7507,-53.865|80.2832|-3.4651,-61.9883|41.3257|-139.533,-57.0024|39.3649|-135.1493,-46.6721|57.6292|-57.7788,-45.7205|56.9324|-58.1493,-43.5818|82.0313|-18.5922
attack1,53,1.7667,11.0055|91.655|-28.7155,12.1696|87.1176|-31.0594,9.7757|99.1424|-27.3168,4.1429|112.6285|-22.5446,-12.0929|141.644|-17.1822,-16.5258|145.5543|-13.0659,-11.3752|133.2847|-24.4987,-8.5628|133.1601|-15.5181,-18.4575|128.1824|-42.8078,-10.2036|124.3954|2.699,-22.9179|90.1029|-56.1834,-32.1856|90.7077|8.2356,-36.7717|65.2539|-65.4812,-44.3415|82.9665|-17.9965,2.3102|82.5906|-41.3308,24.0412|79.3505|-26.3742,-39.9493|58.1783|-39.1169,18.613|54.773|15.495,-47.2966|16.3322|-66.61,45.6078|14.3039|29.4394,-56.4703|7.5516|-61.1487,40.7423|5.2566|38.6878,-52.9068|82.9857|-3.4064,-61.1879|44.7831|-139.6786,-57.0315|41.8374|-134.9917,-47.6202|58.5112|-57.1463,-46.1008|57.6563|-57.912,-44.3401|82.9648|-17.9957
attack1,54,1.8,10.1095|91.9885|-27.5183,11.2736|87.4536|-29.8635,8.8632|99.4711|-26.1213,3.219|112.9524|-21.3774,-12.9008|142.0751|-16.2514,-17.3091|146.0354|-12.123,-12.277|133.6112|-23.448,-9.369|133.6083|-14.5051,-19.6569|128.4346|-41.6181,-10.8485|125.1296|3.8605,-23.7741|90.4442|-55.3526,-33.1939|91.6554|9.2348,-37.7484|65.7435|-64.8626,-45.1613|84.2027|-17.1669,1.3776|82.9136|-40.094,23.1792|79.7055|-25.2336,-40.6739|58.0817|-38.7571,18.3225|54.9958|16.628,-47.2405|16.2806|-66.5151,45.685|14.412|29.4797,-56.3312|7.4254|-61.0356,40.8507|5.396|38.7749,-51.3524|85.0727|-2.7798,-59.9359|48.5415|-139.4909,-56.8|44.7955|-134.5863,-48.4625|59.6166|-56.2453,-46.9277|58.8235|-57.2193,-45.1599|84.201|-17.1662
attack1,55,1.8333,9.1785|92.3008|-26.2949,10.3325|87.7632|-28.6363,7.9271|99.7822|-24.9092,2.2976|113.2731|-20.2061,-13.6443|142.5329|-15.3096,-18.0057|146.5574|-11.1592,-13.1535|133.9531|-22.369,-10.116|134.0821|-13.4799,-20.8187|128.5103|-40.3422,-11.3803|125.9336|5.0506,-23.6976|90.4707|-54.2548,-34.5833|93.0853|10.648,-39.4515|66.8208|-63.654,-46.0166|85.9545|-16.0774,0.3756|83.2081|-38.8007,22.2696|80.0249|-24.0714,-41.4845|58.0208|-38.5331,18.3964|55.2281|17.8412,-47.0304|16.1342|-66.3847,45.8028|14.3801|29.7264,-55.9801|7.159|-60.8682,40.9723|5.4697|39.1248,-48.9692|86.1678|-1.3656,-62.6839|54.8452|-138.9481,-60.1784|50.5381|-134.1428,-49.8849|61.9219|-55.4602,-48.516|60.6707|-55.7166,-46.0151|85.9529|-16.0768
attack1,56,1.8667,8.2143|92.5923|-25.1061,9.3455|88.0455|-27.4374,6.973|100.0772|-23.7436,1.392|113.5958|-19.0957,-14.3028|143.0243|-14.4177,-18.5887|147.1295|-10.2331,-13.992|134.3159|-21.3179,-10.7808|134.5892|-12.5043,-22.0418|128.5851|-39.0315,-11.785|126.8543|6.2183,-23.3268|90.5238|-53.1223,-36.7699|95.479|12.5478,-41.2298|68.319|-62.1926,-47.1078|88.3696|-14.6257,-0.7032|83.4748|-37.5041,21.3102|80.304|-22.9509,-42.4639|58.1493|-38.6882,18.8278|55.4469|19.0314,-46.6754|15.9058|-66.2327,46.1221|14.267|29.993,-55.5545|6.8695|-60.7018,41.3124|5.4741|39.5119,-49.2205|88.1617|0.306,-56.7349|58.5199|-138.1244,-55.8152|53.8265|-133.1198,-50.723|63.853|-53.7473,-50.7865|63.2201|-53.4929,-47.1064|88.368|-14.625
attack1,57,1.9,7.2194|92.8635|-24.0128,8.3125|88.2992|-26.3242,6.0065|100.3579|-22.6906,0.5144|113.9278|-18.1227,-14.8379|143.5746|-13.6924,-19.007|147.7895|-9.4641,-14.7726|134.7112|-20.3876,-11.3248|135.1578|-11.6832,-23.3484|128.6489|-37.7403,-12.0649|128.0479|7.2977,-23.0962|90.5917|-51.8986,-39.1769|98.8066|14.9527,-43.3427|70.1825|-60.2283,-48.3363|91.1801|-12.5019,-1.8585|83.7142|-36.2607,20.2963|80.537|-21.9253,-43.5539|58.4511|-39.4246,19.7283|55.6284|20.0961,-45.9967|15.5121|-66.0935,46.8019|14.0255|29.9519,-54.9634|6.5309|-60.6146,42.0649|5.3207|39.5876,-50.2961|89.9766|2.8359,-54.4405|63.779|-136.4282,-54.631|58.9356|-131.4862,-52.6661|66.9563|-51.7476,-53.4343|66.0978|-50.8774,-48.3347|91.1786|-12.5013
attack1,58,1.9333,6.1924|93.1158|-23.0721,7.2362|88.5282|-25.3562,5.021|100.6235|-21.8028,-0.3534|114.2606|-17.3333,-15.2891|144.1572|-13.1655,-19.3106|148.5006|-8.889,-15.5122|135.1309|-19.6227,-11.7894|135.7589|-11.0571,-24.6972|128.7264|-36.5353,-12.0977|129.25|8.1501,-23.1727|90.6893|-50.6674,-41.2085|102.565|17.5937,-45.3781|72.0071|-57.9978,-49.6882|94.1185|-9.8392,-3.081|83.9313|-35.1352,19.234|80.7328|-21.0553,-44.637|58.7187|-40.0513,20.3695|55.6134|20.8289,-45.4856|15.2358|-65.9255,47.4928|13.8421|29.7958,-54.5298|6.3122|-60.4802,42.795|5.1039|39.4205,-51.6695|93.1055|5.58,-54.148|64.6276|-133.2756,-55.2221|59.9738|-128.2649,-55.2076|69.4316|-48.6597,-56.1669|68.9091|-48.1847,-49.6867|94.117|-9.8386
attack1,59,1.9667,5.0702|93.3444|-22.2585,6.0578|88.7309|-24.5116,3.9465|100.8668|-21.0483,-1.2948|114.5772|-16.6859,-15.7671|144.7339|-12.7641,-19.6253|149.2098|-8.4387,-16.2939|135.5584|-18.975,-12.2881|136.3497|-10.566,-26.1067|128.8532|-35.4117,-12.0803|130.3738|8.8149,-23.7364|90.8308|-49.4669,-42.3508|105.7988|20.1498,-47.7118|74.0033|-55.6191,-51.0897|96.9862|-7.0859,-4.4217|84.1248|-34.112,18.0689|80.8956|-20.3214,-45.7726|58.9225|-40.5689,20.8014|55.4247|21.2758,-45.1452|15.0033|-65.7019,48.2433|13.6932|29.4205,-54.2218|6.1203|-60.2441,43.5958|4.8437|38.9676,-52.7782|97.1498|7.9302,-52.5916|62.5255|-129.5437,-54.6179|58.3412|-124.415,-57.1662|71.6222|-45.3989,-58.8048|71.3414|-45.6187,-51.0881|96.9848|-7.0854
attack1,60,2.0,3.8208|93.5471|-21.5016,4.75|88.9081|-23.7235,2.745|101.0833|-20.3505,-2.3604|114.8648|-16.0935,-16.3441|145.2755|-12.3652,-20.0389|149.8739|-7.9902,-17.1663|135.982|-18.3496,-12.8983|136.8956|-10.0983,-27.5682|129.0614|-34.3283,-12.1611|131.3293|9.3914,-24.6205|91.0718|-48.363,-42.9645|108.2924|22.3977,-50.0171|76.0836|-53.4813,-52.5806|99.5507|-4.5639,-5.9015|84.2954|-33.1295,16.778|81.0323|-19.66,-46.9986|59.1251|-41.1442,20.7695|55.1913|21.6058,-44.9658|14.931|-65.7147,48.5539|13.588|29.2291,-54.0539|6.0607|-60.2553,43.9121|4.6547|38.7005,-54.0483|100.3393|10.2589,-55.3007|62.391|-126.3292,-57.7649|58.539|-121.1324,-60.0804|73.9822|-42.5031,-61.7138|73.6445|-42.824,-52.5789|99.5492|-4.5634
attack1,61,2.0333,2.5015|93.727|-20.8005,3.3625|89.0608|-22.9889,1.4798|101.2777|-19.7124,-3.4718|115.1344|-15.5619,-16.8773|145.8178|-11.9461,-20.3938|150.5335|-7.5134,-18.0136|136.4393|-17.7273,-13.4902|137.4251|-9.6374,-29.0028|129.4096|-33.259,-12.1994|132.1341|9.9002,-25.7709|91.4621|-47.3452,-43.26|110.0691|23.9388,-52.1743|78.0379|-51.6443,-54.0137|101.6266|-2.6864,-7.4933|84.4401|-32.1542,15.4165|81.142|-19.0892,-48.2754|59.3441|-41.8378,20.3934|54.9699|21.8597,-44.8777|15.0087|-65.9994,48.5147|13.5477|29.2296,-53.9787|6.1298|-60.5755,43.8429|4.5862|38.6596,-53.7364|103.3877|11.4659,-57.4163|60.3915|-123.5741,-60.266|56.9889|-118.262,-61.7618|75.649|-40.3133,-64.4842|75.7022|-40.166,-54.0119|101.6252|-2.686
attack1,62,2.0667,1.1697|93.8873|-20.154,1.9518|89.1912|-22.3038,0.2102|101.4536|-19.1366,-4.5658|115.3926|-15.1014,-17.2919|146.3719|-11.5539,-20.6067|151.2064|-7.0586,-18.7713|136.9315|-17.1369,-13.9869|137.9534|-9.2193,-30.3705|129.8722|-32.2048,-12.1145|132.8597|10.3235,-27.1417|91.9488|-46.3561,-43.2868|111.455|25.1168,-54.1826|79.6538|-50.0236,-55.2594|103.383|-1.0999,-9.1396|84.5603|-31.1773,14.0366|81.2251|-18.6006,-49.5391|59.5397|-42.5178,19.9652|54.7479|22.0241,-44.8451|15.0882|-66.245,48.4616|13.549|29.2022,-53.9618|6.2009|-60.8614,43.7694|4.5814|38.6163,-53.5135|105.6703|12.5362,-62.2599|60.194|-121.454,-65.1529|57.0425|-116.012,-64.0174|77.3199|-38.4623,-66.5722|77.3124|-38.139,-55.2576|103.3817|-1.0995
attack1,63,2.1,-0.1219|94.0318|-19.5588,0.5838|89.3072|-21.6684,-1.0225|101.6122|-18.6123,-5.629|115.6289|-14.6956,-17.6761|146.886|-11.215,-20.7936|151.8301|-6.6625,-19.4828|137.4025|-16.6086,-14.4591|138.4392|-8.859,-31.6469|130.3575|-31.2311,-12.0395|133.4882|10.6604,-28.5124|92.4545|-45.458,-43.2632|112.4801|25.9068,-55.8518|80.7572|-48.8583,-56.2375|104.7103|0.0783,-10.7345|84.6666|-30.2455,12.6968|81.2958|-18.1605,-50.7193|59.7133|-43.1029,19.4651|54.5478|22.1545,-44.8934|15.1597|-66.3838,48.2997|13.5647|29.2157,-54.0178|6.2663|-61.0236,43.586|4.6089|38.6302,-53.4801|106.9465|13.5274,-64.5808|60.2416|-119.8645,-67.6417|57.3219|-114.3852,-65.4622|78.5304|-37.1073,-67.8041|78.4135|-36.895,-56.2357|104.709|0.0786
attack1,64,2.1333,-1.3145|94.1636|-19.0144,-0.6702|89.4159|-21.0875,-2.1703|101.7543|-18.1303,-6.6409|115.8332|-14.326,-18.1202|147.3131|-10.9349,-21.0749|152.3472|-6.3373,-20.1932|137.7984|-16.1581,-14.9771|138.845|-8.5545,-32.8142|130.7718|-30.3972,-12.1049|134.0092|10.9324,-29.6984|92.8965|-44.7018,-43.3822|113.1902|26.3275,-57.1241|81.4229|-48.1682,-57.1362|105.6934|0.8237,-12.1698|84.7657|-29.4144,11.4644|81.3689|-17.7386,-51.7679|59.8725|-43.5242,18.8815|54.3971|22.3122,-45.0795|15.2244|-66.3883,47.9484|13.575|29.3542,-54.1951|6.3296|-61.0151,43.2033|4.6451|38.7775,-53.8445|107.6859|14.275,-65.8543|60.7521|-118.9577,-69.0244|57.9518|-113.4781,-66.4955|79.4259|-36.2843,-68.509|79.1558|-36.1354,-57.1344|105.6921|0.8241
attack1,65,2.1667,-2.3549|94.2864|-18.5176,-1.7482|89.5231|-20.5622,-3.1869|101.8827|-17.6807,-7.5727|116.0022|-13.9744,-18.6756|147.6293|-10.7021,-21.5239|152.7278|-6.073,-20.925|138.0874|-15.7836,-15.5773|139.1532|-8.2909,-33.8595|131.0479|-29.7321,-12.3817|134.4305|11.1735,-30.5936|93.2142|-44.113,-43.7065|113.6138|26.475,-58.0178|81.8082|-47.8075,-58.0034|106.2908|1.2206,-13.3615|84.8613|-28.7234,10.4007|81.4572|-17.3126,-52.6573|60.0281|-43.7539,18.2331|54.3164|22.5445,-45.4409|15.2876|-66.2741,47.3878|13.5718|29.6715,-54.528|6.3982|-60.8442,42.598|4.6766|39.1051,-54.5333|108.1673|14.6824,-66.942|61.1924|-118.4993,-70.1372|58.4263|-113.017,-67.4274|79.9633|-35.8468,-68.9131|79.6688|-35.6627,-58.0015|106.2895|1.2209
attack1,66,2.2,-3.1857|94.4033|-18.0672,-2.6075|89.6275|-20.0866,-4.0021|102.0034|-17.2715,-8.3232|116.1551|-13.6573,-19.1233|147.8995|-10.5107,-21.8873|153.052|-5.855,-21.5138|138.3336|-15.4644,-16.0592|139.4199|-8.0675,-34.703|131.2742|-29.1619,-12.5936|134.8032|11.376,-31.3283|93.469|-43.593,-43.941|113.9718|26.6111,-58.7549|82.1231|-47.4515,-58.7407|106.7507|1.6183,-14.3091|84.951|-28.112,9.5549|81.5512|-16.9144,-53.3356|60.1734|-43.9163,17.7091|54.2709|22.7826,-45.7687|15.34|-66.135,46.9223|13.5792|29.9725,-54.8319|6.4548|-60.6585,42.0972|4.7123|39.4147,-54.9227|108.4442|15.0716,-69.1293|61.5942|-117.9744,-72.3232|58.8813|-112.4648,-68.6594|80.4165|-35.3335,-69.2402|80.0793|-35.282,-58.7388|106.7493|1.6186
attack1,67,2.2333,-3.7835|94.5077|-17.6862,-3.2287|89.721|-19.6822,-4.5888|102.1105|-16.9282,-8.8562|116.2897|-13.4028,-19.3936|148.1346|-10.3828,-22.0853|153.3352|-5.703,-21.9052|138.5475|-15.2182,-16.3584|139.6535|-7.908,-35.3151|131.4675|-28.689,-12.6543|135.1345|11.5145,-31.891|93.679|-43.1519,-44.0038|114.305|26.7478,-59.3274|82.3893|-47.1044,-59.3202|107.1321|2.0541,-15.0051|85.0268|-27.587,8.9475|81.6397|-16.5763,-53.7814|60.3012|-44.0738,17.369|54.2406|22.9829,-45.9855|15.3757|-66.0255,46.6425|13.5927|30.1752,-55.0352|6.4939|-60.5212,41.7975|4.7425|39.6229,-55.2979|108.6758|15.532,-70.1063|61.6391|-117.3824,-73.3367|58.9845|-111.8656,-69.3982|80.6891|-34.7954,-69.5677|80.4469|-34.9192,-59.3183|107.1308|2.0544
attack1,68,2.2667,-4.193|94.5936|-17.3853,-3.6576|89.7973|-19.3592,-4.9907|102.1983|-16.6624,-9.2131|116.4017|-13.2228,-19.5188|148.334|-10.3298,-22.1479|153.5782|-5.6278,-22.1366|138.728|-15.0549,-16.5085|139.853|-7.8236,-35.7407|131.6265|-28.3181,-12.5903|135.4256|11.578,-32.2775|93.8519|-42.808,-43.9352|114.5767|26.7942,-59.7197|82.6077|-46.8488,-59.7493|107.4215|2.4112,-15.4983|85.0831|-27.1553,8.5329|81.7156|-16.311,-54.0402|60.4073|-44.2549,17.1791|54.2137|23.1282,-46.1106|15.3908|-65.9711,46.5144|13.6024|30.2754,-55.1555|6.5122|-60.4537,41.6617|4.7601|39.7265,-55.5762|108.8317|15.9207,-70.8032|61.5787|-116.8696,-74.0662|58.9753|-111.3476,-69.9454|80.8564|-34.3369,-69.834|80.756|-34.6199,-59.7475|107.4202|2.4115
attack1,69,2.3,-4.4567|94.6652|-17.1466,-3.9378|89.8602|-19.0996,-5.2496|102.271|-16.4566,-9.4334|116.4963|-13.1004,-19.5312|148.5062|-10.3346,-22.1046|153.7907|-5.612,-22.2441|138.8827|-14.9557,-16.5427|140.0266|-7.7973,-36.0226|131.7596|-28.0259,-12.429|135.686|11.5834,-32.5299|93.9965|-42.5387,-43.7638|114.8022|26.7725,-59.9754|82.7903|-46.662,-60.0293|107.6518|2.6868,-15.835|85.1242|-26.7958,8.2672|81.7812|-16.1026,-54.1542|60.4964|-44.4558,17.1066|54.1887|23.2303,-46.161|15.391|-65.9633,46.5054|13.6089|30.2948,-55.2077|6.5152|-60.4445,41.6543|4.7674|39.7475,-55.7369|108.9394|16.2273,-71.4048|61.5355|-116.4579,-74.6894|58.9728|-110.9297,-70.3613|80.9829|-33.9672,-70.0525|81.0195|-34.3699,-60.0275|107.6505|2.6871
attack1,70,2.3333,-4.6189|94.7267|-16.9509,-4.1146|89.9138|-18.8836,-5.4087|102.3334|-16.2926,-9.5581|116.5792|-13.0183,-19.4633|148.6601|-10.3807,-21.9851|153.9831|-5.6388,-22.2645|139.0202|-14.9019,-16.4945|140.1827|-7.8124,-36.2044|131.8756|-27.7879,-12.197|135.926|11.5471,-32.6909|94.1219|-42.3201,-43.5184|114.9984|26.7036,-60.1388|82.9502|-46.5199,-60.1649|107.8581|2.8765,-16.0631|85.155|-26.4856,8.1051|81.8396|-15.9339,-54.1647|60.573|-44.6728,17.1174|54.1641|23.3013,-46.1525|15.3809|-65.9901,46.5816|13.6126|30.2548,-55.2057|6.5071|-60.4787,41.7388|4.7668|39.7077,-55.7826|109.0263|16.4481,-71.8724|61.5908|-116.1752,-75.1725|59.0582|-110.6424,-70.6396|81.1217|-33.7069,-70.2381|81.2516|-34.1542,-60.1631|107.8568|2.8768
attack1,71,2.3667,-4.7229|94.7826|-16.78,-4.2323|89.962|-18.6927,-5.5104|102.3897|-16.1528,-9.6279|116.6557|-12.9595,-19.3477|148.8037|-10.4525,-21.8196|154.1647|-5.6926,-22.2342|139.1482|-14.8757,-16.3976|140.3292|-7.8529,-36.3288|131.9834|-27.581,-11.9223|136.1548|11.4842,-32.8022|94.2369|-42.1288,-43.2289|115.181|26.6073,-60.2533|83.0996|-46.3992,-60.1731|108.0701|2.9822,-16.2295|85.1801|-26.2029,8.0021|81.8935|-15.7885,-54.111|60.6408|-44.9003,17.1776|54.1384|23.3527,-46.0996|15.3639|-66.0373,46.7087|13.6135|30.1765,-55.1618|6.4913|-60.5389,41.8781|4.7602|39.6285,-55.7351|109.116|16.5888,-72.1063|61.7855|-116.0375,-75.4244|59.2749|-110.5054,-70.7641|81.3092|-33.5692,-70.4047|81.4655|-33.958,-60.1713|108.0688|2.9825
attack1,72,2.4,-4.8123|94.837|-16.6155,-4.3353|90.0087|-18.508,-5.5976|102.4445|-16.0195,-9.6833|116.7311|-12.9071,-19.2177|148.9447|-10.5345,-21.6383|154.3447|-5.7581,-22.1902|139.2745|-14.8595,-16.286|140.4735|-7.9031,-36.4384|132.0915|-27.3819,-11.6327|136.3811|11.4095,-32.9056|94.3501|-41.9413,-42.9261|115.3662|26.503,-60.3617|83.2504|-46.2763,-60.1143|108.3015|3.0408,-16.3811|85.2043|-25.9255,7.9133|81.9455|-15.6496,-54.0316|60.7029|-45.132,17.2525|54.11|23.3957,-46.0162|15.3429|-66.0886,46.8519|13.6118|30.0808,-55.0875|6.47|-60.6054,42.0342|4.7495|39.5311,-55.6398|109.2216|16.6847,-72.2062|62.0843|-115.9862,-75.5453|59.5918|-110.4586,-70.807|81.5457|-33.5041,-70.5663|81.6747|-33.7671,-60.1125|108.3002|3.0411
attack1,73,2.4333,-4.9308|94.8943|-16.4384,-4.4684|90.0581|-18.31,-5.7132|102.5022|-15.8745,-9.7654|116.8108|-12.844,-19.1059|149.0913|-10.6125,-21.4712|154.5323|-5.8211,-22.1692|139.4067|-14.8362,-16.1937|140.6236|-7.9482,-36.5759|132.2092|-27.1672,-11.3558|136.6142|11.3364,-33.0425|94.4704|-41.7334,-42.6401|115.5706|26.4086,-60.5073|83.4153|-46.127,-60.0578|108.564|3.0988,-16.5651|85.2327|-25.6304,7.7936|81.9983|-15.5001,-53.9636|60.7618|-45.3613,17.3078|54.0774|23.4417,-45.9148|15.3193|-66.1254,46.9763|13.6071|29.9882,-54.993|6.4447|-60.6565,42.1695|4.7363|39.4361,-55.5472|109.3531|16.7804,-72.2879|62.4356|-115.9466,-75.6517|59.9631|-110.425,-70.8512|81.8248|-33.4482,-70.7376|81.8931|-33.5661,-60.056|108.5626|3.0991
attack2,0,0.0,-4.4638|99.8449|-33.8936,-3.4874|95.0992|-35.79,-5.3764|107.4113|-32.9798,-10.4404|121.3549|-29.8745,-23.1256|152.5061|-28.1717,-26.7003|157.3085|-24.678,-23.4106|143.2976|-34.1849,-20.5813|143.9383|-25.4527,-31.3911|136.9822|-51.7307,-22.8695|137.6908|-6.2902,-35.4918|98.8103|-64.9502,-35.5757|102.7241|9.9851,-56.3246|77.3204|-65.2225,-50.9709|88.5667|-11.4264,-13.8151|90.0454|-45.3265,8.3939|87.4407|-30.9597,-52.3533|60.0787|-43.4792,22.5359|54.295|2.029,-45.7962|15.2981|-66.1185,52.5688|13.6064|0.2096,-54.8777|6.4228|-60.659,47.7666|4.7277|9.6564,-43.4994|86.7365|-2.2862,-78.1063|64.9879|-138.0383,-81.9782|63.1017|-132.6152,-68.3301|72.3416|-54.1635,-68.3151|72.3455|-54.1722,-50.9718|88.5669|-11.428
attack2,1,0.0333,-1.6757|95.6052|-31.032,-0.7929|90.895|-33.063,-2.4474|103.1615|-29.9099,-7.9195|116.708|-25.3466,-23.7646|145.7468|-19.0302,-28.0805|149.6408|-14.8837,-22.6895|137.8395|-26.444,-19.9129|137.3019|-17.4913,-28.8554|134.4603|-45.47,-20.5088|128.1945|0.6241,-37.73|97.4145|-60.4461,-35.0141|92.6102|13.7526,-56.7925|74.4697|-64.9793,-50.2067|81.4586|-9.5007,-11.3324|85.738|-42.3081,11.0949|83.2246|-28.2678,-51.7513|58.6545|-40.4335,20.6839|52.2188|8.2505,-45.3473|15.7983|-66.2426,52.544|13.76|0.0833,-54.3903|6.8511|-60.8368,47.7423|4.8801|9.5293,-42.5659|79.1625|-0.5829,-78.5474|65.3733|-137.0177,-82.3165|63.0817|-131.679,-67.816|67.6162|-52.9675,-68.1086|67.7935|-52.791,-50.2076|81.4588|-9.5024
attack2,2,0.0667,4.2803|86.9383|-23.7047,4.988|82.3157|-25.9932,3.7404|94.4476|-22.1855,-2.0241|107.2353|-15.4962,-23.818|129.8407|-3.321,-29.3134|131.5798|1.259,-20.3808|125.0255|-12.3329,-18.4961|122.1248|-3.6071,-23.5029|127.5332|-32.2173,-15.5761|109.6312|12.1044,-42.4236|94.5663|-50.0009,-34.087|73.7679|16.5966,-56.3703|70.2678|-63.1127,-48.9354|67.8824|-8.717,-6.114|76.974|-34.4407,16.991|74.6339|-21.5134,-49.1338|54.7568|-34.2114,18.0126|46.1796|18.188,-45.4832|16.274|-66.1678,52.5345|14.0373|-0.1411,-54.5634|7.3976|-60.7078,47.7328|5.1567|9.3042,-40.9109|64.809|-0.3205,-80.3319|65.2055|-136.5008,-83.8661|62.1888|-131.3658,-67.26|58.3338|-53.0351,-67.0446|59.6342|-52.2203,-48.9363|67.8828|-8.7186
attack2,3,0.1,9.8437|80.0339|-13.7884,10.3341|75.4659|-16.2414,9.5003|87.5078|-12.0428,3.6932|99.6919|-3.8685,-20.2935|118.0023|11.0841,-26.1806|118.5189|15.7996,-16.1913|115.0077|1.7043,-15.2893|110.6096|9.4271,-18.3256|120.872|-17.5955,-9.7266|97.2871|23.6761,-40.1731|88.7595|-41.1482,-31.4714|63.4412|18.1422,-56.2767|65.0917|-58.5122,-47.1497|59.8571|-7.1014,-1.5289|70.026|-23.5095,22.6342|67.7788|-12.6686,-44.9894|49.3816|-28.4171,19.1283|40.1741|27.4884,-45.4117|16.4159|-66.1387,52.5186|14.1781|-0.2632,-54.4915|7.5399|-60.6774,47.717|5.2982|9.1827,-38.8452|56.3723|0.9441,-80.6901|64.053|-134.2936,-84.0728|60.6649|-129.2899,-65.9999|52.5031|-51.617,-65.498|53.2445|-48.6258,-47.1507|59.8575|-7.1029
attack2,4,0.1333,13.9201|78.1201|3.326,14.0186|73.6705|0.6179,13.7776|85.5068|5.4415,9.0602|97.0067|15.3332,-11.8167|114.3958|35.2327,-16.8826|114.6406|41.0315,-9.6514|111.4441|25.3354,-9.0044|106.4959|32.2175,-14.2909|118.0277|6.7193,-2.0397|92.4459|45.0845,-36.7754|86.0954|-22.8089,-26.1687|64.1132|28.8349,-53.3487|62.5611|-44.5772,-45.0044|57.1423|6.6423,1.0523|68.4689|-4.6706,26.7668|65.9409|1.5589,-35.6024|43.5459|-25.21,25.9868|33.9917|38.5121,-46.1471|16.0083|-66.3361,52.222|14.3069|-0.0247,-55.2275|7.132|-60.8764,47.4211|5.4255|9.4202,-36.6265|53.5551|14.6576,-78.6239|61.4373|-120.5209,-82.007|58.0513|-115.516,-63.8538|49.7854|-37.8731,-62.3911|50.157|-36.0989,-45.0054|57.1428|6.6407
attack2,5,0.1667,16.6563|78.5954|18.7754,16.2286|74.3015|15.8532,16.8232|85.8513|21.3088,14.3124|96.8063|32.357,-0.0397|114.2692|57.3226,-3.5726|114.3452|64.363,-0.9882|110.5782|47.6036,-1.1092|104.7775|54.7622,-10.7116|116.1177|30.6863,7.8183|90.6277|66.2318,-33.1359|85.0702|-2.767,-18.5251|71.0892|42.2889,-49.6663|62.1885|-27.428,-37.9442|56.6785|24.6503,2.3805|69.5239|12.9285,28.781|66.5238|13.5963,-21.4835|43.431|-26.817,33.6984|28.177|43.4666,-46.2107|16.4037|-67.9876,52.1664|14.7043|-1.6808,-55.2903|7.5272|-62.5271,47.366|5.8235|7.765,-29.517|53.0183|32.645,-71.6059|61.0629|-102.4951,-74.9902|57.6782|-97.4901,-56.79|49.3279|-19.8674,-58.1668|47.9547|-18.2108,-37.9452|56.6789|24.6488
attack2,6,0.2,17.5435|82.9277|27.467,16.7474|78.6462|24.6013,17.8607|90.1593|30.0616,17.0134|101.5408|40.5819,10.3773|123.6104|65.1401,9.1807|124.6667|73.1967,6.6591|117.1376|58.0018,8.3613|111.9951|68.0142,-9.5673|116.4725|45.8491,21.6493|100.8649|78.5506,-32.2632|83.722|14.0793,-7.8864|76.9602|64.226,-48.9954|59.5845|-9.3401,-32.2168|68.3348|49.0761,2.4963|74.3617|23.2984,28.6508|70.7274|20.271,-22.1966|45.8767|-13.6275,39.579|30.4836|45.725,-47.7823|16.3696|-51.876,52.5366|14.4574|-0.4933,-55.6426|7.4921|-44.7729,47.7356|5.5776|8.9531,-23.06|65.7913|56.7036,-77.1394|55.231|-73.921,-80.024|52.569|-68.2156,-54.8695|54.9457|7.8621,-54.5504|54.2276|9.104,-32.2179|68.335|49.0746
attack2,7,0.2333,16.9075|90.4882|29.6612,16.0024|86.1894|26.8514,17.0433|97.6883|32.364,16.3507|109.5905|41.9873,11.4499|135.7661|62.6036,12.2171|138.1025|70.9189,8.1165|126.8371|58.9126,14.1546|124.5709|70.3478,-9.8823|118.8388|54.0654,31.3322|118.4086|79.2036,-33.0461|85.9168|27.8062,2.715|89.8578|83.0645,-50.0741|61.7226|8.5056,-26.2633|93.6467|76.5995,1.677|81.955|26.905,27.3349|78.4918|20.8956,-27.9622|45.1615|14.4819,43.1804|37.8966|42.9828,-52.3034|16.1529|-19.087,52.3075|13.7923|-0.5666,-56.533|7.2783|-9.371,47.5062|4.9116|8.8788,-15.1048|93.6238|81.3838,-104.9428|41.7978|-15.2699,-105.74|41.2228|-8.4148,-59.1241|67.9771|51.0604,-59.2703|68.4249|51.6371,-26.2648|93.6465|76.5984
attack2,8,0.2667,12.4654|99.0425|26.3863,11.9265|94.7022|23.5431,11.7945|106.1334|29.2964,9.6805|117.9999|38.5699,1.726|144.8755|57.2419,2.9887|147.7868|65.717,0.3469|135.1078|54.9956,8.4878|135.2897|67.1237,-15.578|122.6232|53.596,26.5005|132.5927|76.0531,-40.1791|92.0835|33.1012,24.2815|110.1618|111.8353,-58.2397|69.6693|18.0576,-5.9563|109.009|120.9658,-1.7498|88.8057|24.7002,23.4752|88.5591|16.3292,-27.3779|49.3948|37.3332,42.9544|45.0304|26.945,-56.8307|16.3461|13.189,46.4727|15.5139|-14.0095,-56.6438|7.4061|23.729,45.6379|6.5643|-3.505,5.7562|111.2192|119.3365,-105.8059|26.1645|98.8777,-103.2179|27.8784|105.0683,-41.005|74.9978|123.3859,-38.018|75.3015|122.8353,-5.958|109.0083|120.9657
attack2,9,0.3,5.2334|107.4571|20.3459,5.3451|102.7598|18.0758,3.4477|114.6465|22.4333,-0.5142|126.9186|30.3893,-13.0327|154.999|44.1367,-11.9696|159.5249|51.9758,-12.208|145.0168|43.9289,-3.3961|149.3765|56.1628,-25.1|129.5322|46.2633,14.6334|152.4101|64.9491,-51.2722|100.5727|29.699,15.9082|140.9785|112.2552,-68.6543|74.4564|27.8229,16.852|132.5573|147.1251,-7.2143|95.0701|20.5813,17.429|97.6181|10.956,-27.8588|55.5997|40.6437,35.2107|52.9518|2.2616,-58.0957|16.6229|29.3567,39.68|16.4347|-32.4863,-55.9053|7.7481|39.7244,45.2861|7.7204|-23.334,19.5067|130.1676|136.025,-24.6999|90.8669|264.8677,-18.5744|93.7975|263.5078,12.2415|118.155|193.6265,11.8724|118.164|193.2034,16.8514|132.5574|147.1269
attack2,10,0.3333,-14.2833|109.3584|12.9132,-13.2837|104.3006|13.7299,-17.5119|116.0538|10.9088,-22.9395|130.1761|8.7075,-31.0154|162.8154|10.622,-28.1345|169.8154|15.5136,-30.5021|153.7197|14.5606,-23.5901|157.5944|12.9928,-43.4395|142.9062|25.8352,-8.8838|165.4351|1.4293,-58.7935|107.8608|41.974,25.4173|180.2549|-17.9627,-70.2305|81.7624|53.9962,54.4857|189.9632|-22.8263,-23.3701|96.0456|21.0284,-1.9834|98.9957|5.5256,-34.2687|57.5659|49.0841,16.0502|59.566|-16.9903,-57.9634|16.9485|30.3852,34.7358|18.7272|-40.3127,-55.8061|8.0328|40.7247,44.6165|10.3966|-35.4031,31.9253|178.1543|-33.1327,152.2096|208.1247|35.6634,150.994|209.5722|29.0011,85.8191|195.4498|-15.4869,82.4645|194.0287|-16.111,54.487|189.9642|-22.8254
attack2,11,0.3667,-19.7069|107.5173|11.2437,-18.3741|102.7716|12.9661,-23.449|113.5421|8.243,-29.272|126.96|3.372,-37.614|159.4207|0.0668,-34.7371|166.8879|3.7604,-36.7369|151.1382|5.3036,-32.2185|152.22|-0.5618,-49.5013|143.1148|18.8727,-27.3958|157.3839|-19.5761,-62.6262|115.9688|46.75,-16.2299|179.4783|-51.2984,-62.2778|96.4792|70.2937,-3.6569|196.5023|-72.0774,-27.3832|95.1311|22.1099,-7.9626|96.8419|4.0449,-34.6349|57.6909|52.6424,13.3604|58.2913|-17.0751,-56.9617|17.1501|32.1773,35.4513|18.3635|-38.9535,-54.5573|8.3369|42.5501,45.7|10.0798|-34.7729,-22.551|167.4634|-53.2432,70.1288|256.0037|-113.8251,64.1751|253.9345|-116.6943,7.8935|204.5416|-88.0761,5.733|202.987|-90.6725,-3.6562|196.504|-72.078
attack2,12,0.4,-22.3341|106.2277|10.1443,-20.9146|101.6224|12.159,-26.2161|112.0064|6.8464,-32.2411|124.9515|1.1379,-40.771|157.102|-4.1343,-38.0061|164.498|-0.8648,-39.6587|149.1867|1.4636,-35.9317|149.2054|-5.2288,-52.5116|142.9322|15.855,-33.7221|152.483|-25.1245,-56.7459|123.0696|51.2675,-25.1844|171.9249|-59.413,-54.163|109.5678|78.2922,-15.1413|187.4459|-82.6926,-29.5998|94.449|21.9702,-10.859|95.2436|3.1398,-35.8414|57.4864|53.2974,11.8006|56.8812|-16.9037,-57.6946|17.4576|31.3658,35.2745|17.1484|-37.6689,-55.4137|8.5909|41.721,45.7057|8.8957|-33.8987,-19.4622|159.3756|-48.2902,22.361|240.4095|-156.841,16.6138|236.5464|-156.7696,-12.4837|188.9609|-99.1919,-12.5834|187.1313|-99.9075,-15.1413|187.4474|-82.6937
attack2,13,0.4333,-22.4316|105.4354|9.5602,-21.0077|100.8724|11.67,-26.3296|111.1482|6.1623,-32.4399|123.8502|0.141,-41.1508|155.7423|-6.2794,-38.4794|162.9498|-3.3089,-39.7841|148.0715|-0.5259,-36.5346|147.5701|-7.4238,-52.5712|143.2144|14.4516,-35.8719|149.4419|-27.611,-50.9288|127.2184|51.7358,-28.3697|166.9512|-63.4737,-48.0222|115.7432|79.4807,-19.6096|181.7176|-87.9909,-29.6636|93.8778|21.635,-11.0073|94.3262|2.7096,-35.8497|57.0333|53.1119,15.0764|56.4448|-13.7679,-57.7816|17.3633|30.6141,34.6545|16.8072|-38.3946,-55.5921|8.4883|40.9817,45.1625|8.4976|-34.979,-17.8283|156.1307|-50.1293,4.8965|229.5956|-169.2319,-0.4607|225.3376|-168.1689,-18.9718|181.2836|-103.8043,-19.4993|180.7438|-104.4315,-19.6099|181.719|-87.9921
attack2,14,0.4667,-22.2274|104.8666|9.076,-20.8143|100.3084|11.2076,-26.1169|110.575|5.6558,-32.2839|123.2332|-0.3957,-41.6592|154.7684|-7.5965,-39.1597|161.7881|-4.8894,-39.906|147.3122|-1.7756,-37.1115|146.4585|-8.782,-52.4187|143.2915|13.6742,-37.8407|147.0338|-29.0453,-51.5717|129.3002|51.6061,-31.3872|162.816|-65.8999,-42.5835|121.3663|79.1888,-23.8797|177.1386|-91.0868,-29.4768|93.3766|21.2106,-10.6813|93.7301|2.4213,-35.7468|56.979|53.1869,17.1901|56.3695|-12.2158,-57.9099|17.4109|30.7364,35.286|16.7362|-37.958,-55.7384|8.5784|41.1441,45.8496|8.5185|-34.4923,-16.7035|153.7636|-52.1193,-10.6589|221.6417|-176.4373,-15.5894|217.1279|-174.6277,-24.7507|175.7236|-106.5986,-25.3315|175.3927|-107.7265,-23.8802|177.1399|-91.0881
attack2,15,0.5,-21.9516|104.3496|8.6033,-20.5538|99.7821|10.7293,-25.8248|110.0758|5.1893,-32.096|122.7128|-0.8199,-42.2647|153.8715|-8.5624,-39.9404|160.7134|-6.0826,-40.1027|146.607|-2.7312,-37.6403|145.594|-9.6908,-52.2043|143.0288|13.1488,-39.636|144.9118|-29.8655,-51.5711|130.773|51.6772,-33.894|159.2049|-67.4385,-38.1787|125.8962|78.1074,-27.3521|173.2174|-93.0653,-29.2422|92.8526|20.7114,-10.2274|93.2384|2.1448,-35.6831|56.8647|53.1146,18.9642|56.3968|-11.1752,-58.114|17.4407|30.6764,35.3355|16.7435|-38.0177,-55.9437|8.5946|41.0729,45.8964|8.5277|-34.539,-16.5591|151.3534|-54.0482,-21.8965|215.4192|-180.405,-26.5151|210.7961|-178.1129,-29.2714|171.2786|-108.4207,-29.4829|171.3033|-109.4894,-27.3527|173.2186|-93.0665
attack2,16,0.5333,-21.5698|103.9069|8.1692,-20.1856|99.3223|10.2713,-25.4269|109.6609|4.7785,-31.8058|122.2985|-1.1614,-42.7817|153.101|-9.2204,-40.622|159.7957|-6.904,-40.2411|145.9934|-3.4296,-38.0005|144.9538|-10.2723,-51.8547|142.4364|12.8154,-40.9869|143.1283|-30.2527,-50.3176|131.7377|51.86,-35.7168|156.07|-68.3805,-35.0805|128.6516|77.5152,-29.9262|169.6983|-94.3924,-28.9106|92.3443|20.1874,-9.6388|92.8658|1.8911,-35.524|56.7374|52.9746,20.5329|56.4753|-10.4489,-58.1041|17.3783|30.5721,35.1656|16.7396|-38.1596,-55.9228|8.509|40.9464,45.703|8.4937|-34.6809,-17.1939|148.877|-55.5405,-28.7929|210.1978|-182.8362,-33.2372|205.5531|-180.2604,-32.4663|167.4635|-109.7281,-32.3416|167.3512|-110.6624,-29.9269|169.6995|-94.3937
attack2,17,0.5667,-21.1527|103.5837|7.7945,-19.7863|98.9728|9.8545,-24.9873|109.3813|4.4478,-31.3975|122.0662|-1.4152,-42.974|152.6261|-9.5568,-40.925|159.2183|-7.317,-40.1524|145.6114|-3.8513,-38.0609|144.6039|-10.5794,-51.3373|141.8462|12.6455,-41.674|141.8256|-30.3454,-48.1654|132.7741|52.0819,-36.854|153.3864|-68.9732,-31.3214|131.2293|76.8111,-31.7626|166.3146|-95.4839,-28.5571|91.9219|19.6783,-9.0609|92.6148|1.627,-35.3215|56.6524|52.7977,21.7369|56.5417|-10.0816,-57.9575|17.2646|30.5025,34.7108|16.689|-38.4432,-55.7668|8.3868|40.8675,45.2225|8.3923|-35.0079,-17.4997|146.6975|-56.6879,-34.1001|204.6915|-184.9847,-38.3866|200.0456|-182.1563,-34.7763|163.7164|-110.7884,-34.8699|163.4318|-111.6451,-31.7634|166.3158|-95.4852
attack2,18,0.6,-20.7674|103.4128|7.4979,-19.4351|98.7608|9.4908,-24.5602|109.285|4.2292,-30.85|122.0971|-1.5408,-42.552|152.6595|-9.4913,-40.5086|159.1904|-7.2203,-39.617|145.6305|-3.9171,-37.6441|144.6517|-10.5827,-50.5271|141.7001|12.7247,-41.5024|141.3624|-30.2236,-46.0907|133.5441|52.2529,-37.1616|151.7482|-69.2401,-27.8498|133.0738|75.9388,-32.7856|163.9656|-96.2117,-28.2637|91.6411|19.2127,-8.6436|92.4655|1.3017,-35.1577|56.6279|52.5765,22.6407|56.6407|-9.8673,-57.8844|17.1825|30.4762,34.4519|16.6616|-38.557,-55.6984|8.312|40.8484,44.9649|8.3508|-35.1598,-17.1078|145.3364|-57.5017,-38.3104|200.5635|-186.3403,-42.4397|195.9086|-183.3006,-36.2018|161.0339|-111.3905,-36.468|160.2995|-112.2664,-32.7864|163.9667|-96.2129
attack2,19,0.6333,-20.4279|103.3392|7.2684,-19.139|98.6393|9.1804,-24.1673|109.3012|4.0967,-30.294|122.2683|-1.566,-41.6164|153.0708|-9.1303,-39.502|159.5218|-6.7475,-38.7352|145.9324|-3.7124,-36.8203|145.0109|-10.3301,-49.5708|141.8657|12.9453,-40.6772|141.524|-29.937,-44.4221|134.0186|52.4497,-36.7587|150.8338|-69.2686,-25.0227|134.1753|75.1306,-33.0215|162.3029|-96.6615,-28.0373|91.4541|18.7898,-8.3314|92.388|0.9786,-35.0353|56.6732|52.3741,23.3985|56.7985|-9.6737,-57.8789|17.1509|30.5331,34.4677|16.6712|-38.4523,-55.693|8.2917|40.915,45.0019|8.375|-35.0853,-16.1727|144.5254|-58.049,-41.2239|197.2155|-187.2588,-45.2299|192.5809|-184.0291,-36.8047|159.0744|-111.6927,-36.7103|158.5295|-112.4098,-33.0223|162.304|-96.6628
attack2,20,0.6667,-20.1088|103.3276|7.0815,-18.8686|98.5767|8.9022,-23.7878|109.3875|4.0211,-29.7364|122.5237|-1.5204,-40.359|153.6909|-8.59,-38.1299|160.0464|-6.0561,-37.6381|146.3935|-3.3359,-35.7358|145.5497|-9.9133,-48.515|142.2051|13.2646,-39.4353|142.0666|-29.5512,-42.8175|134.3085|52.6837,-35.7972|150.4668|-69.1139,-22.4259|134.7714|74.4182,-32.5653|161.2281|-96.8561,-27.8433|91.327|18.3915,-8.0743|92.3613|0.6559,-34.9192|56.7647|52.1845,24.0434|56.9792|-9.514,-57.8979|17.1506|30.6539,34.637|16.6879|-38.2426,-55.7042|8.3041|41.045,45.1997|8.4172|-34.9025,-14.8249|144.301|-58.2699,-42.8274|194.3706|-187.9153,-46.7381|189.7753|-184.517,-36.6346|157.7042|-111.7461,-36.3049|157.4721|-112.3121,-32.5662|161.2291|-96.8574
attack2,21,0.7,-19.783|103.3521|6.9124,-18.5953|98.5489|8.6327,-23.397|109.515|3.977,-29.1548|122.8321|-1.428,-38.9536|154.3818|-7.9706,-36.5916|160.643|-5.2822,-36.4369|146.9182|-2.8735,-34.5274|146.1532|-9.4208,-47.3717|142.6246|13.662,-37.9743|142.7986|-29.127,-40.913|134.5075|52.9187,-34.4111|150.55|-68.8286,-19.6279|135.0826|73.7368,-31.5206|160.7422|-96.8223,-27.6469|91.2346|17.9985,-7.8376|92.3666|0.3139,-34.775|56.8749|51.9866,24.5898|57.1425|-9.4123,-57.9094|17.1617|30.8082,34.8406|16.6842|-38.0304,-55.7006|8.3283|41.2073,45.4284|8.4356|-34.7151,-13.1692|144.6884|-58.1588,-43.179|192.1081|-188.3504,-47.0112|187.5482|-184.8177,-35.7498|156.9233|-111.5951,-35.5021|156.8238|-112.0637,-31.5215|160.7432|-96.8236
attack2,22,0.7333,-19.4237|103.3869|6.7369,-18.2911|98.5311|8.3485,-22.9691|109.6554|3.9386,-28.5229|123.164|-1.313,-37.5287|155.0451|-7.3715,-35.034|161.2294|-4.5525,-35.2119|147.4369|-2.4092,-33.2937|146.7376|-8.9387,-46.1461|143.0585|14.1044,-36.4403|143.5659|-28.7252,-38.428|134.6758|53.0769,-33.0697|150.7322|-68.5534,-16.3738|135.2597|73.0534,-30.6138|160.3837|-96.7793,-27.418|91.1505|17.5883,-7.5867|92.3842|-0.0646,-34.5877|56.9708|51.7488,25.0748|57.264|-9.3742,-57.8978|17.1641|30.942,35.015|16.654|-37.8868,-55.6722|8.342|41.3471,45.6155|8.4148|-34.5887,-11.5704|145.4182|-58.0223,-43.8184|189.6931|-188.7849,-47.5389|185.1495|-185.1145,-34.957|156.2099|-111.4229,-34.407|156.4221|-111.7088,-30.6148|160.3847|-96.7806
attack2,23,0.7667,-19.0042|103.4061|6.5304,-17.9326|98.4972|8.0244,-22.4726|109.7839|3.8803,-27.7967|123.499|-1.1972,-35.8941|155.7077|-6.7868,-33.251|161.8161|-3.8402,-33.8182|147.958|-1.9445,-31.8728|147.3157|-8.4622,-44.7602|143.5514|14.5564,-34.6262|144.3938|-28.3456,-35.5737|134.8094|53.1294,-31.3821|151.0247|-68.2769,-13.1094|135.115|72.6393,-29.2913|160.1768|-96.6979,-27.1433|91.047|17.1242,-7.2861|92.3915|-0.4916,-34.4108|57.0045|51.4007,25.6311|57.3901|-9.3361,-57.9201|17.1461|30.9194,35.3308|16.6761|-37.7833,-55.6958|8.3242|41.3249,45.9362|8.4497|-34.469,-9.7317|146.2616|-57.811,-43.631|187.5089|-189.1448,-47.2529|182.9797|-185.3597,-33.6773|155.661|-111.2271,-33.1248|156.1048|-111.2919,-29.2922|160.1777|-96.6992
attack2,24,0.8,-18.4971|103.3836|6.2683,-17.4897|98.423|7.6368,-21.8843|109.8715|3.7785,-26.9586|123.8045|-1.0995,-34.0453|156.3328|-6.1883,-31.2351|162.36|-3.1132,-32.2423|148.4422|-1.4646,-30.262|147.8543|-7.9786,-43.1839|144.0181|15.032,-32.5582|145.2207|-27.9601,-32.5144|134.8079|53.1112,-29.3497|151.3585|-67.973,-9.7632|134.661|72.2895,-27.5218|160.0772|-96.5479,-26.7799|90.9009|16.5955,-6.9083|92.3662|-0.9944,-34.1802|56.9572|50.9415,26.2413|57.4668|-9.3613,-57.9386|17.0961|30.755,35.5682|16.677|-37.8245,-55.7276|8.2638|41.1546,46.1647|8.4542|-34.4729,-7.6832|146.975|-57.5175,-42.4575|185.8458|-189.3465,-46.0142|181.3314|-185.4828,-31.8964|155.2891|-110.9929,-31.7591|155.7089|-110.857,-27.5228|160.0782|-96.5492
attack2,25,0.8333,-17.8768|103.2936|5.9266,-16.9328|98.2846|7.1636,-21.1844|109.8886|3.6098,-25.998|124.045|-1.0405,-32.034|156.8675|-5.5639,-29.0402|162.8073|-2.3632,-30.5119|148.8393|-0.9674,-28.5051|148.3092|-7.4894,-41.4124|144.3483|15.5383,-30.3314|145.9617|-27.5548,-29.3971|134.5779|53.0732,-27.2941|151.5982|-67.6547,-6.2108|134.009|71.7281,-25.7657|159.9037|-96.37,-26.2818|90.6882|15.9978,-6.428|92.2859|-1.6007,-33.8132|56.8132|50.3831,26.8676|57.4253|-9.5385,-57.8948|16.9994|30.4884,35.4494|16.5693|-38.1408,-55.699|8.1487|40.8756,46.0152|8.3233|-34.7495,-5.6716|147.4356|-57.2508,-41.2588|184.3726|-189.4187,-44.7639|179.8781|-185.4853,-30.1533|154.8841|-110.7316,-30.4182|155.0728|-110.4494,-25.7667|159.9046|-96.3714
attack2,26,0.8667,-17.1447|103.224|5.5353,-16.2602|98.1709|6.6368,-20.3794|109.9197|3.4046,-24.9302|124.2999|-0.9877,-29.9357|157.3787|-4.8547,-26.7438|163.2249|-1.5354,-28.6789|149.217|-0.4024,-26.6693|148.7557|-6.9474,-39.4721|144.5492|16.1248,-27.9013|146.7096|-27.091,-26.6784|134.1749|53.2379,-25.2721|151.5767|-67.3204,-2.7972|133.4158|71.0103,-24.1199|159.2919|-96.2173,-25.6311|90.4965|15.3798,-5.8484|92.2419|-2.2845,-33.2543|56.6676|49.7903,27.4521|57.3152|-9.9056,-57.7553|16.9521|30.2137,34.6754|16.4002|-38.7975,-55.5659|8.0772|40.5815,45.1817|8.0881|-35.3826,-3.7612|147.6064|-56.9699,-40.1932|182.0058|-189.5917,-43.6504|177.5574|-185.5646,-28.5346|153.9632|-110.4573,-28.9976|154.2673|-109.9886,-24.1209|159.2928|-96.2187
attack2,27,0.9,-16.3261|103.2323|5.1286,-15.4931|98.1406|6.0919,-19.5011|110.019|3.1967,-23.7876|124.6189|-0.9123,-27.8346|157.9212|-3.8775,-24.43|163.646|-0.4169,-26.8126|149.6111|0.3733,-24.8265|149.266|-6.2105,-37.4048|144.367|16.8575,-25.2254|147.6332|-26.4255,-24.1624|133.2914|53.6089,-22.8976|151.7275|-66.7593,0.8962|132.8291|69.7232,-21.9311|158.8968|-95.8033,-24.8192|90.363|14.7914,-5.1947|92.3151|-3.027,-32.5322|56.4969|49.1453,27.7173|56.9872|-10.4846,-57.6435|16.9681|29.9683,30.4495|16.4494|-40.6539,-55.4343|8.081|40.3215,40.7558|7.9646|-37.0593,-1.7759|148.0497|-56.2925,-37.6002|180.0964|-189.6672,-41.0598|175.6981|-185.5874,-26.2686|153.4105|-110.0178,-27.1102|153.2224|-109.4105,-21.9321|158.8976|-95.8047
attack2,28,0.9333,-15.4287|103.2475|4.6875,-14.6425|98.1219|5.5091,-18.5515|110.1174|2.9667,-22.5616|124.9354|-0.8257,-25.6116|158.4069|-2.9625,-21.9783|164.0008|0.6213,-24.8339|149.9693|1.1065,-22.8743|149.7247|-5.5181,-35.2228|144.1167|17.5152,-22.2448|148.4075|-25.7501,-21.7752|132.7177|54.0928,-20.3314|151.4225|-66.2007,4.6553|133.0404|67.8907,-19.4402|157.9271|-95.4032,-23.8631|90.215|14.2044,-4.4777|92.4332|-3.8432,-31.719|56.24|48.4182,27.5702|56.3525|-11.458,-57.6059|16.9795|29.7275,24.2249|16.8465|-42.9072,-55.3715|8.0967|40.079,34.2761|8.1661|-39.0657,-0.0929|148.0988|-55.3854,-33.384|177.4335|-190.0345,-36.9135|173.108|-185.9366,-23.5483|152.3448|-109.6703,-24.4317|151.5617|-108.7833,-19.4412|157.928|-95.4046
attack2,29,0.9667,-14.4629|103.1986|4.1944,-13.727|98.0424|4.8693,-17.529|110.1483|2.6964,-21.2423|125.1852|-0.7259,-23.0887|158.7774|-2.2623,-19.2036|164.2396|1.3996,-22.6106|150.2475|1.6827,-20.6753|150.0488|-4.9809,-32.8668|144.0841|18.0611,-18.885|148.8472|-25.1506,-19.2135|132.3712|54.4628,-17.8318|150.304|-65.7188,8.5017|133.4908|65.4631,-16.9551|155.9817|-95.0936,-22.8183|90.01|13.5858,-3.7137|92.4901|-4.7253,-30.8559|55.9668|47.6893,26.2902|54.9151|-13.3709,-57.5265|16.9891|29.5159,17.3756|16.649|-45.2645,-55.3108|8.1108|39.8752,27.1268|7.6611|-41.3574,0.8112|146.8136|-54.2249,-27.2536|174.0072|-190.5042,-30.9424|169.7493|-186.4765,-20.5377|150.2018|-109.4315,-21.1899|149.6655|-108.4301,-16.956|155.9825|-95.095
attack2,30,1.0,-13.4362|103.0144|3.6304,-12.7624|97.8303|4.1517,-16.4294|110.0446|2.367,-19.8156|125.3013|-0.6094,-20.4222|158.9552|-1.7297,-16.303|164.3126|1.9654,-20.2529|150.3664|2.1377,-18.3448|150.1774|-4.5648,-30.3802|144.0702|18.5456,-15.2788|148.8963|-24.5754,-16.1442|131.2628|54.3507,-15.4575|148.8475|-65.1829,12.5858|132.8872|62.3311,-14.6524|153.8481|-94.6826,-21.7372|89.7068|12.9045,-2.9159|92.3794|-5.6709,-29.9744|55.7406|47.0372,26.3211|54.1839|-14.2248,-57.2922|16.9908|29.3438,14.351|16.7234|-46.0744,-55.1911|8.1027|39.7186,24.0079|7.7972|-41.8079,2.5669|144.1019|-53.415,-23.3492|172.5105|-189.872,-27.0321|168.1304|-185.972,-17.7585|147.7917|-108.9874,-17.4587|147.4863|-108.1583,-14.6533|153.8489|-94.6841
attack2,31,1.0333,-12.3573|102.624|2.977,-11.7737|97.4131|3.3292,-15.2382|109.7446|1.9714,-18.2379|125.2315|-0.3938,-17.8831|158.8857|-1.6095,-13.6075|164.2543|2.0173,-17.949|150.3074|2.309,-16.0726|150.0439|-4.4289,-27.8319|144.2357|18.949,-11.8438|148.3732|-24.1974,-12.1533|130.1229|53.6436,-13.8339|145.7312|-64.6705,17.3175|131.6584|58.3491,-11.2253|150.5225|-94.1005,-20.6858|89.3021|12.1573,-2.124|91.9511|-6.6808,-29.1481|55.7821|46.6739,27.3297|53.7577|-14.4665,-56.7543|17.0771|29.3338,13.3475|17.0134|-46.3307,-55.0108|8.1528|39.7437,22.9776|8.1772|-41.8232,3.8441|137.7213|-51.9058,-14.187|173.568|-187.8804,-17.9246|168.8093|-184.5124,-12.8931|144.0733|-108.4262,-12.6978|144.0149|-107.2659,-11.2262|150.5233|-94.102
attack2,32,1.0667,-11.2345|101.9564|2.2159,-10.795|96.7198|2.3644,-13.9291|109.1889|1.5233,-16.4038|124.9204|0.1155,-15.2907|158.5397|-1.5311,-10.9125|164.0009|1.9497,-15.5302|150.0164|2.5207,-13.7027|149.6241|-4.2502,-25.0117|144.3376|19.5289,-8.4565|147.3909|-23.717,-6.866|128.8137|52.3685,-13.0741|139.9572|-63.3708,23.0221|129.0891|53.257,-6.59|144.5972|-92.2206,-19.6995|88.8181|11.3877,-1.426|91.0319|-7.7854,-28.4545|56.4983|46.9598,28.7144|53.1146|-14.1648,-55.7161|17.4882|29.7586,13.108|16.8664|-45.8427,-54.8516|8.5137|40.2353,22.7242|8.1158|-41.1427,5.2003|125.3987|-49.3599,-1.0069|177.0809|-181.2292,-4.5305|171.5636|-178.9703,-5.5027|137.5239|-106.3988,-6.1699|138.1656|-105.0197,-6.5907|144.5981|-92.2222
attack2,33,1.1,-10.0091|100.7654|1.2355,-9.7077|95.5155|1.1915,-12.523|108.0873|0.8417,-14.4385|123.9779|0.2818,-12.6622|157.5259|-2.0819,-8.2182|163.1314|1.1857,-13.0434|149.0974|2.1696,-11.2778|148.5249|-4.6255,-22.0491|143.9866|19.6111,-5.0119|145.6632|-23.7046,-0.6341|127.4915|49.9098,-11.8947|132.3394|-61.442,29.0427|125.7719|46.5319,-1.2343|136.3264|-89.1249,-18.5716|87.717|10.3437,-0.584|89.7217|-9.1206,-27.4387|56.6227|46.965,30.6007|52.4439|-14.0958,-54.4665|17.3887|29.9047,12.8484|16.9302|-45.4743,-54.4189|8.3609|40.3712,22.4742|8.1725|-40.8074,11.1561|110.5832|-46.746,6.0639|178.6442|-171.0071,3.5424|172.2963|-169.8648,3.1907|128.578|-102.6723,2.817|129.4551|-101.1836,-1.2349|136.3273|-89.1265
attack2,34,1.1333,-8.4131|98.2835|-0.3499,-8.2448|93.0307|-0.577,-10.7506|105.6758|-0.4563,-12.0835|121.6532|-0.2486,-9.4729|155.1059|-3.1319,-4.9538|160.8152|-0.0629,-10.03|146.7549|1.2617,-8.3452|146.0357|-5.5537,-18.581|142.2338|19.0905,-1.1222|142.7177|-24.216,5.9362|124.577|46.2169,-9.3352|123.5835|-59.079,34.6836|120.5976|38.9071,5.0784|126.5174|-85.1468,-17.0458|85.2564|8.6561,0.6648|87.2189|-11.0648,-25.8388|55.7096|46.5543,33.1328|50.8857|-14.615,-53.1935|17.1136|28.5843,12.8721|16.3153|-45.524,-53.6005|7.8061|38.7949,22.5002|7.4984|-40.9745,21.7986|96.8326|-42.795,7.4855|174.3273|-160.6452,6.5029|167.4827|-160.2651,12.8946|118.1675|-97.3894,12.3254|119.3609|-96.7166,5.0777|126.5182|-85.1484
attack2,35,1.1667,-6.6821|95.1336|-2.1916,-6.6416|89.8871|-2.5943,-8.8479|102.5792|-2.0239,-9.6061|118.579|-1.1408,-5.8022|151.8918|-4.303,-1.1718|157.6315|-1.3948,-6.6243|143.5997|0.1637,-5.029|142.769|-6.6654,-14.8566|139.7247|18.2921,3.0173|139.0187|-24.9044,11.7274|120.9278|42.5546,-5.9651|114.8195|-56.2525,39.2714|115.9944|31.9297,10.6182|115.9189|-81.1458,-15.3872|82.0562|6.6437,2.0824|84.1505|-13.2776,-21.6174|55.7557|47.3385,36.048|49.1149|-15.6689,-50.3988|17.8547|30.1339,13.0363|15.7785|-46.0025,-50.2629|8.3942|40.2102,22.6753|6.8973|-41.604,34.5844|87.7819|-37.5201,2.0643|160.8222|-154.5949,2.6715|153.9314|-154.2696,20.6274|106.9191|-91.8706,20.2567|108.8716|-92.5726,10.6175|115.9195|-81.1475
attack2,36,1.2,-5.1315|92.1495|-3.8287,-5.2088|86.9176|-4.402,-7.1359|99.6325|-3.4041,-7.356|115.6063|-1.9384,-1.9321|148.6736|-5.3074,2.8463|154.3905|-2.5465,-3.1351|140.4557|-0.7901,-1.6245|139.5115|-7.6238,-11.256|137.4407|17.5508,6.9452|135.3027|-25.521,15.7495|116.2689|39.257,-2.488|107.8442|-53.9117,41.4573|111.398|24.7215,15.3696|106.4402|-77.8914,-13.9425|78.954|4.7333,3.3856|81.3491|-15.2775,-14.7474|56.9379|48.3366,39.3748|48.3368|-16.6371,-45.2249|20.0138|31.9481,12.8788|16.7108|-45.9415,-43.6866|10.1331|41.4904,22.5293|7.8207|-41.5862,46.5894|82.5373|-33.7037,-6.4684|142.9859|-150.4506,-4.5937|136.3391|-149.9376,25.7716|96.2904|-87.4855,25.8104|96.875|-87.9534,15.3689|106.4406|-77.8931
attack2,37,1.2333,-3.8998|89.2472|-5.1441,-4.0763|84.0348|-5.8694,-5.7673|96.7515|-4.4922,-5.5069|112.6703|-2.5397,1.4711|145.4199|-6.1432,6.3635|151.1434|-3.5501,-0.0961|137.2957|-1.5686,1.3264|136.2402|-8.4048,-8.1377|135.2851|16.944,9.9024|131.7737|-26.2365,18.5681|110.1163|34.323,-0.0439|101.7123|-51.6602,42.2983|105.1337|16.7746,19.0631|96.9878|-74.2099,-12.797|75.9087|3.1343,4.4299|78.6723|-16.9164,-8.2616|57.2289|48.0465,42.1799|47.67|-17.7389,-40.6912|21.3158|33.2336,12.7209|17.4325|-45.6468,-37.5961|11.161|42.0852,22.3578|8.5558|-41.2344,56.2256|77.8601|-30.7661,-15.0137|123.3681|-144.5773,-12.3115|117.0311|-143.872,28.6832|85.2694|-82.7423,29.0181|85.3136|-81.6659,19.0624|96.988|-74.2116
attack2,38,1.2667,-3.2023|87.0632|-5.8107,-3.4533|81.8703|-6.6557,-4.9682|94.5762|-4.974,-4.2975|110.4296|-2.6602,3.8335|142.8691|-6.6325,8.768|148.6701|-4.2495,2.0124|134.8496|-1.968,3.3357|133.6804|-8.8057,-5.8399|133.8924|16.7095,11.4757|129.2147|-26.8408,19.6421|104.0364|27.1007,1.3373|96.8539|-49.1781,42.6795|97.6897|9.076,22.8138|87.1452|-67.6279,-12.1104|73.5684|2.2483,4.981|76.7251|-17.8602,-4.7196|54.7016|46.7008,43.4494|46.6386|-19.2278,-39.1332|19.0754|36.341,12.8594|16.5375|-46.0449,-34.1376|9.2615|44.6945,22.483|7.6438|-41.6378,60.5034|71.3418|-22.5643,-14.6681|105.617|-137.7748,-11.8855|99.3906|-136.5721,31.2891|73.7119|-74.0998,31.5217|73.7541|-74.9216,22.8132|87.1453|-67.6296
attack2,39,1.3,-3.3424|86.8569|-5.2845,-3.6444|81.6813|-6.2241,-5.0404|94.3698|-4.2985,-4.0187|110.1557|-1.717,4.9827|142.3145|-6.0764,9.912|148.225|-3.9103,2.9815|134.3934|-1.3183,4.206|133.1235|-8.1564,-4.5698|134.4309|17.5073,11.4047|128.9791|-26.6623,19.7102|101.9645|19.7643,1.0876|94.6293|-45.7047,42.672|91.9656|3.3731,22.4401|73.6548|-45.8919,-12.1986|73.1889|2.5994,4.7514|76.7634|-17.5588,-2.6714|52.4755|45.8059,43.4882|47.0867|-19.9318,-38.7868|17.4761|40.1875,12.8102|16.3467|-45.9107,-32.1498|8.1961|47.9902,22.4498|7.4667|-41.5108,45.7135|63.1882|10.035,4.0118|82.2476|-124.1169,5.6171|76.1271|-121.3024,29.6422|58.6353|-46.8506,29.7453|58.7172|-48.0156,22.44|73.6546|-45.8938
attack2,40,1.3333,-3.9898|87.424|-4.157,-4.3116|82.2613|-5.1677,-5.6648|94.9285|-3.0559,-4.3375|110.6616|-0.3533,5.2102|142.5962|-5.1733,10.0458|148.6879|-3.2592,3.1132|134.7678|-0.3044,4.2419|133.3984|-7.1399,-3.9447|136.0172|18.6706,10.1111|129.9071|-26.2404,20.069|103.3778|16.0811,4.8302|92.5833|-41.3407,42.4851|90.2615|1.2027,24.059|69.7596|-43.6255,-12.6871|73.4693|3.533,4.1168|77.69|-16.6225,-0.3575|49.9737|44.5519,42.9733|48.3043|-20.3024,-38.6472|17.0199|41.5858,12.588|16.9342|-45.8689,-31.385|8.0525|49.1948,22.25|8.0477|-41.5317,48.701|68.1376|11.8106,-0.6741|68.0733|-121.0849,2.45|62.7061|-118.0204,32.375|56.2526|-43.9317,32.0615|56.4809|-45.2458,24.0589|69.7594|-43.6274
attack2,41,1.3667,-4.8085|87.8153|-3.0153,-5.1398|82.6618|-4.0778,-6.4756|95.3106|-1.8272,-4.8708|111.0018|0.8976,5.1079|142.7227|-4.4337,9.8665|148.9617|-2.7598,2.947|134.9892|0.5573,3.9772|133.517|-6.2723,-3.4217|138.8533|19.4235,7.9851|131.1598|-26.0169,19.7893|105.5559|18.3185,5.0609|93.4344|-40.7549,42.2978|95.273|1.4804,25.2169|71.3773|-42.5189,-13.347|73.6206|4.5274,3.3098|78.3829|-15.6296,1.4264|47.1404|42.8308,42.0448|49.0368|-20.6579,-38.9904|16.7001|41.9758,12.0658|17.1028|-46.005,-31.5524|7.8241|49.522,21.6966|8.156|-41.7228,49.8772|77.6965|12.363,-1.7523|60.9762|-118.6099,1.9578|56.2381|-115.1829,33.7851|59.3664|-41.6744,34.7806|58.6121|-42.5815,25.2168|71.377|-42.5207
attack2,42,1.4,-5.7599|88.2462|-1.8365,-6.1148|83.0954|-2.9127,-7.3984|95.7452|-0.6171,-5.5718|111.4052|2.0646,4.9489|142.883|-3.6517,9.773|149.1244|-2.1203,2.6947|135.2356|1.4299,3.6248|133.6848|-5.3966,-2.6556|143.1725|19.313,5.6024|132.7549|-25.5632,19.7906|109.5558|23.1558,5.5281|95.0022|-40.5199,41.1406|105.1367|2.6486,28.342|75.6297|-40.8791,-14.2594|74.0627|5.7605,2.2715|78.802|-14.5053,2.2206|45.8947|42.1141,40.7723|49.2994|-20.3507,-39.4016|17.1149|42.5244,11.4686|16.7387|-45.6903,-31.963|8.2306|50.0602,21.0069|7.7368|-41.3176,49.5176|91.3267|12.4734,2.01|52.7327|-115.4038,6.4499|49.0646|-111.5579,36.9762|65.0707|-39.1823,37.8727|64.7166|-40.0049,28.342|75.6294|-40.8809
attack2,43,1.4333,-6.7701|88.6986|-0.6332,-7.1809|83.5352|-1.635,-8.3325|96.2315|0.4872,-6.3805|111.8763|3.0709,5.1315|142.91|-3.1419,10.1691|149.0286|-1.7468,2.6802|135.4029|2.0564,3.4759|133.7426|-4.7614,-1.138|147.3127|18.0252,3.527|134.2097|-25.0406,21.1421|114.7446|27.5963,6.3663|96.7263|-40.3999,39.4543|114.1375|3.928,31.417|80.3838|-39.2672,-15.3667|74.7988|7.2989,1.0873|78.8782|-13.1719,2.4695|45.4647|42.0551,39.8715|49.9464|-19.9263,-39.3449|16.9621|42.0409,12.017|16.724|-46.03,-31.9464|8.0909|49.6313,21.6052|7.7902|-41.6268,47.7627|102.3926|12.7176,8.8455|48.3598|-112.442,13.693|45.658|-108.2992,40.1622|71.0088|-37.0044,40.4431|69.2418|-38.0983,31.4169|80.3834|-39.269
attack2,44,1.4667,-7.7682|89.1554|0.586,-8.2388|83.9725|-0.2895,-9.2475|96.7322|1.5248,-7.2172|112.3757|3.938,5.5823|142.7734|-2.8713,10.8893|148.7072|-1.6212,2.8542|135.4632|2.4677,3.5119|133.6634|-4.3293,0.7548|149.8483|16.6129,2.7633|134.5323|-24.5815,23.3586|118.9326|30.1032,7.4345|97.3005|-40.1042,39.5643|119.0321|4.9387,33.5455|82.8191|-38.0062,-16.529|75.74|9.0189,-0.1006|78.7185|-11.6613,2.5445|45.3458|42.1701,39.0138|50.4793|-19.3745,-38.861|16.2647|41.3175,12.5899|16.7619|-46.3175,-31.3096|7.3567|48.7118,22.2858|7.9417|-41.9209,48.6415|106.0674|13.5594,11.5784|48.8758|-110.7566,16.5951|46.4716|-106.6321,42.2873|73.8549|-35.8062,42.4949|72.1941|-36.8592,33.5455|82.8188|-38.008
attack2,45,1.5,-8.6823|89.5994|1.8112,-9.2127|84.3958|1.0969,-10.0775|97.2202|2.5114,-7.9997|112.8703|4.6978,6.2746|142.447|-2.7637,11.8779|148.147|-1.6609,3.217|135.3856|2.7294,3.7358|133.4282|-4.0361,2.5821|150.8377|15.8538,2.8924|133.9556|-24.2963,24.4813|120.7858|32.1636,6.6397|96.6677|-39.9344,40.0456|117.9226|6.758,32.9036|82.5613|-37.2667,-17.6627|76.8876|10.8627,-1.2417|78.332|-9.9866,2.356|45.7576|42.7496,38.0768|50.65|-18.6266,-38.5961|16.0798|41.0153,12.9598|16.52|-46.2904,-30.9187|7.1631|48.2679,22.7468|7.806|-41.8843,47.6348|106.0544|14.3024,11.0883|48.458|-109.9796,16.109|46.0859|-105.8414,41.5322|73.7224|-35.0167,42.9775|73.6577|-35.6845,32.9035|82.561|-37.2685
attack2,46,1.5333,-9.4407|90.0132|3.0324,-10.0092|84.7958|2.4479,-10.7821|97.6618|3.5321,-8.6325|113.3158|5.4449,6.8406|142.1464|-2.5295,12.6718|147.6466|-1.5287,3.5006|135.3123|3.0853,3.9307|133.2195|-3.6457,3.8863|151.3352|15.5168,3.0824|133.4428|-23.9114,25.7474|122.7387|34.306,5.447|96.1439|-39.7913,40.0852|115.5251|9.0417,32.2315|83.4128|-35.7403,-18.5687|77.7684|12.4729,-2.099|78.2182|-8.3833,1.8663|46.4918|43.9497,37.1924|50.8082|-17.9622,-38.8924|16.5815|41.7242,13.1236|16.4301|-46.2439,-31.2261|7.7347|49.0735,22.9503|7.7688|-41.822,48.0935|105.8824|16.0763,8.8684|51.1273|-108.6728,13.9305|48.6211|-104.6661,40.8223|74.5908|-33.753,41.8909|73.6326|-34.5741,32.2314|83.4125|-35.7422
attack2,47,1.5667,-9.9718|90.3798|4.2411,-10.56|85.1517|3.7663,-11.2854|98.0451|4.5632,-9.0392|113.6984|6.1472,7.4937|141.8129|-2.2462,13.5136|147.1319|-1.3134,3.8879|135.2006|3.4688,4.2683|132.9786|-3.2237,5.0091|151.5641|15.4019,3.4986|132.9035|-23.4936,27.2373|124.3422|35.7386,4.2208|95.7017|-39.7564,40.525|113.1179|11.38,31.2289|83.9724|-34.3822,-19.1897|78.3948|13.9162,-2.6129|78.2898|-6.8595,1.8739|46.7251|44.5749,36.4867|50.9546|-17.3902,-38.374|16.226|41.2943,13.2679|16.4411|-46.2126,-30.6476|7.4024|48.6085,23.1021|7.7973|-41.7733,46.8384|105.4062|18.0593,8.3871|53.424|-108.1088,13.4057|50.8127|-104.1147,39.8353|75.1867|-32.4652,41.1761|73.9689|-33.6868,31.2288|83.9721|-34.384
attack2,48,1.6,-10.2161|90.6874|5.4339,-10.8254|85.4539|5.0311,-11.4994|98.3643|5.6325,-9.1596|114.0012|6.9737,8.0067|141.6668|-1.6373,14.1337|146.88|-0.7323,4.2355|135.1935|4.13,4.5977|132.8934|-2.5371,5.7907|151.7489|15.7456,3.9486|132.5435|-22.8083,28.8648|125.3799|36.2631,3.6711|95.5476|-39.5476,41.3691|111.6436|12.7929,30.66|84.095|-33.5195,-19.5515|78.8802|15.2188,-2.8247|78.4055|-5.4311,1.4921|47.1631|45.8423,35.9298|50.9648|-16.9193,-38.6815|16.6358|41.967,13.3581|16.4208|-46.2152,-31.0572|7.8661|49.4511,23.1709|7.7611|-41.7595,46.9131|105.4557|18.7646,6.9695|53.6695|-107.0199,11.9814|51.0044|-103.0529,39.1932|75.2096|-31.6394,40.5547|74.5654|-32.8572,30.6599|84.0947|-33.5214
attack2,49,1.6333,-10.2232|90.9623|6.6537,-10.8639|85.7283|6.286,-11.461|98.6505|6.7836,-9.036|114.2578|8.0001,8.3016|141.8036|-0.6516,14.4537|146.9993|0.2537,4.4808|135.3686|5.1258,4.8474|133.046|-1.5333,6.1911|152.0216|16.5789,4.2936|132.5284|-21.8038,30.5702|125.9137|35.8854,3.6003|95.8703|-39.2588,42.5955|111.2192|12.7477,30.6491|84.7397|-32.9048,-19.7347|79.3143|16.4505,-2.8268|78.5246|-4.0418,1.4165|47.1115|46.4873,35.4646|50.8608|-16.5064,-38.6095|16.529|41.6414,13.3686|16.3885|-46.2461,-31.0349|7.7093|49.1173,23.142|7.6876|-41.7842,47.1259|106.2914|19.1504,6.5898|53.8322|-106.1647,11.6408|51.2062|-102.2213,39.2136|75.8152|-31.0848,40.0442|75.2094|-32.0986,30.649|84.7394|-32.9067
attack2,50,1.6667,-10.0381|91.2086|7.8899,-10.7137|85.976|7.5419,-11.2251|98.9078|7.9729,-8.7144|114.4799|9.1049,8.6054|142.0448|0.4785,14.748|147.2612|1.3955,4.7811|135.6069|6.2504,5.1642|133.2825|-0.4071,6.5169|152.3238|17.6063,4.7178|132.6032|-20.6754,32.7808|126.6938|34.9849,3.8861|96.3394|-38.9297,44.4604|111.6457|11.8974,31.0126|85.4688|-32.458,-19.7473|79.7004|17.6493,-2.6405|78.6415|-2.6649,1.41|46.9689|47.1047,35.1228|50.7178|-16.1218,-38.5155|16.4256|41.2809,13.3857|16.3951|-46.296,-30.9927|7.542|48.7333,23.1173|7.6433|-41.8421,47.4633|106.6594|19.6801,6.9774|54.8553|-105.9236,12.0595|52.238|-102.0145,39.6435|76.5106|-30.7668,39.8867|75.8445|-31.4705,31.0125|85.4685|-32.4599
attack2,51,1.7,-9.6971|91.4247|9.1222,-10.4067|86.1943|8.7826,-10.8344|99.134|9.1751,-8.2448|114.6677|10.2539,8.9538|142.331|1.7001,15.0673|147.5887|2.637,5.1512|135.8655|7.4555,5.5575|133.5532|0.7952,6.8329|152.6184|18.7663,5.2535|132.6676|-19.4679,34.9947|127.5802|33.8893,4.4748|96.8387|-38.5641,46.505|112.4967|10.74,31.6982|86.1944|-32.1232,-19.604|80.0348|18.8135,-2.2973|78.7532|-1.3178,1.4239|46.8665|47.8703,34.8923|50.5494|-15.7524,-38.4599|16.441|41.2055,13.4093|16.4364|-46.3436,-30.9945|7.5192|48.67,23.1001|7.6304|-41.9076,48.2032|106.9232|20.1264,7.5968|56.0572|-105.8214,12.7134|53.4391|-101.9581,40.4028|77.2137|-30.5835,40.332|76.4296|-31.0357,31.698|86.1941|-32.125
attack2,52,1.7333,-9.236|91.6092|10.3315,-9.9744|86.381|9.993,-10.3312|99.327|10.3658,-7.6766|114.8216|11.414,9.3831|142.6022|2.9631,15.4629|147.9044|3.9254,5.6061|136.1008|8.6948,6.0375|133.808|2.0294,7.2055|152.8655|20.0001,5.9306|132.6274|-18.2206,37.0209|128.488|32.8642,5.2879|97.2566|-38.1572,48.5108|113.4455|9.6782,32.5871|86.7116|-31.876,-19.3201|80.3135|19.9425,-1.8283|78.8573|-0.0163,1.5314|46.8466|48.7832,34.7613|50.3633|-15.3841,-38.3065|16.5137|41.455,13.4373|16.5016|-46.3634,-30.8752|7.6038|48.9677,23.0918|7.6441|-41.951,49.3954|108.0345|20.0075,8.0732|55.6433|-105.0791,13.2298|53.0888|-101.2264,41.3466|77.7481|-30.3207,41.443|77.009|-30.8136,32.587|86.7113|-31.8778
attack2,53,1.7667,-8.6921|91.7601|11.495,-9.4487|86.533|11.1537,-9.7607|99.484|11.5179,-7.0661|114.9416|12.5507,9.8941|142.8187|4.2181,15.9458|148.1573|5.2088,6.1327|136.2843|9.9225,6.5872|134.0134|3.2511,7.6591|153.0408|21.2501,6.7182|132.4724|-16.9745,38.8798|129.3216|31.8036,6.2286|97.5439|-37.6805,50.404|114.3797|8.5695,33.5683|86.9617|-31.6425,-18.9127|80.5282|21.0292,-1.2623|78.9536|1.2197,1.7229|46.747|49.6579,34.713|50.1561|-15.0088,-38.0949|16.5349|41.7446,13.4594|16.5657|-46.33,-30.6716|7.6493|49.2939,23.0858|7.6666|-41.9399,50.6476|108.7312|19.9708,8.6787|55.2741|-104.4479,13.8628|52.7595|-100.6059,42.3553|78.0316|-30.0668,42.8853|77.5644|-30.7157,33.5681|86.9614|-31.6443
attack2,54,1.8,-8.101|91.876|12.5935,-8.8614|86.6483|12.2432,-9.1649|99.6029|12.616,-6.4721|115.0286|13.6532,10.3254|143.0465|5.4646,16.3377|148.4327|6.4873,6.5963|136.4647|11.1355,7.0755|134.2247|4.4553,8.0152|153.1966|22.5132,7.4516|132.3323|-15.7373,40.4955|130.2503|30.7109,7.2316|97.8304|-37.151,52.1764|115.4664|7.4541,34.6261|87.2094|-31.4384,-18.4172|80.6664|22.0439,-0.6213|79.0496|2.3685,1.7546|46.3751|50.3953,34.693|49.8971|-14.6584,-38.2504|16.5789|41.8722,13.4361|16.5769|-46.2648,-30.8827|7.6572|49.4334,23.0473|7.6579|-41.8818,51.9576|108.89|20.1362,9.3851|55.6692|-104.1788,14.5948|53.154|-100.3721,43.4381|78.3002|-29.9305,44.2949|78.0651|-30.6434,34.626|87.2091|-31.4402
attack2,55,1.8333,-7.4991|91.9552|13.607,-8.2584|86.7269|13.2382,-8.5656|99.684|13.6436,-5.889|115.078|14.7132,10.7154|143.2647|6.7121,16.6829|148.7015|7.7744,7.0274|136.6223|12.3393,7.5304|134.4259|5.6464,8.3241|153.3057|23.8025,8.1322|132.2622|-14.5136,41.8815|131.2067|29.6545,8.2576|98.1926|-36.6093,53.7727|116.6482|6.3621,35.7212|87.5504|-31.2805,-17.8947|80.7408|22.9572,0.0374|79.1352|3.4049,1.7431|45.9697|51.0984,34.662|49.5971|-14.358,-38.4845|16.6356|42.0369,13.3671|16.542|-46.2162,-31.177|7.6847|49.6219,22.9761|7.6245|-41.8253,53.4904|109.1769|20.1735,9.8694|56.1|-103.839,15.1313|53.5997|-100.0947,44.5929|78.6877|-29.8888,45.3983|78.5041|-30.509,35.721|87.5501|-31.2823
attack2,56,1.8667,-6.8875|92.0075|14.5588,-7.652|86.7804|14.1597,-7.9473|99.7393|14.6282,-5.2679|115.0949|15.7656,11.1751|143.4455|8.0139,17.1043|148.9224|9.1272,7.5217|136.7349|13.5824,8.0439|134.597|6.872,8.7153|153.3365|25.1748,8.8482|132.256|-13.261,43.0737|132.0342|28.9712,9.3639|98.6986|-36.1217,55.2378|117.7197|5.6684,36.9113|88.0782|-31.1973,-17.3724|80.7795|23.7853,0.6868|79.2084|4.3476,1.7277|45.5348|51.7067,34.6232|49.2851|-14.086,-38.706|16.655|42.1191,13.2991|16.49|-46.1924,-31.447|7.6785|49.7203,22.9177|7.5932|-41.7806,55.2018|110.5304|19.7216,10.3425|55.4618|-102.9737,15.7134|53.0917|-99.2999,45.9625|79.392|-29.877,46.4972|78.9901|-30.3242,36.9111|88.0779|-31.1991
attack2,57,1.9,-6.2472|92.0442|15.4851,-7.0325|86.8221|15.0414,-7.2773|99.7817|15.6083,-4.5493|115.0871|16.855,11.816|143.5694|9.4286,17.7229|149.0648|10.6075,8.1778|136.7875|14.92,8.7121|134.7247|8.1871,9.3141|153.2673|26.6906,9.7022|132.2837|-11.9257,44.1084|132.4816|29.1443,10.5037|99.2503|-35.5294,56.6768|118.2932|5.9794,38.1022|88.581|-31.0141,-16.8524|80.8103|24.5586,1.325|79.2714|5.2286,1.7681|45.1197|52.2363,34.6065|48.9937|-13.8102,-38.8224|16.6333|42.1472,13.3002|16.4499|-46.183,-31.5858|7.6429|49.7534,22.94|7.5916|-41.7402,56.9111|111.3423|19.5802,10.815|55.5267|-102.3167,16.2699|53.2271|-98.723,47.2758|80.0082|-29.8195,47.6179|79.5027|-30.1186,38.102|88.5806|-31.016
attack2,58,1.9333,-5.5808|92.0673|16.3894,-6.3962|86.8532|15.8896,-6.5672|99.8113|16.5844,-3.7634|115.0573|17.9738,12.575|143.6534|10.9357,18.4697|149.153|12.1923,8.9402|136.7957|16.3346,9.4822|134.8223|9.5756,10.0452|153.1195|28.3236,10.633|132.3646|-10.5267,45.0668|132.6344|29.9197,11.5249|99.7918|-34.7588,57.8125|118.5644|6.7794,39.1216|88.9398|-30.6903,-16.3238|80.8288|25.2864,1.9639|79.3306|6.0576,1.928|44.8685|52.8604,34.6179|48.7292|-13.5423,-38.7429|16.6178|42.4379,13.3605|16.4119|-46.1732,-31.4907|7.6693|50.0786,23.0345|7.6074|-41.6976,58.7644|111.0653|19.8702,10.6529|56.79|-101.9434,16.1391|54.4172|-98.4463,48.2502|80.2939|-29.7036,48.7121|79.9981|-29.9156,39.1214|88.9395|-30.6921
attack2,59,1.9667,-4.8916|92.0784|17.2747,-5.7433|86.8751|16.7088,-5.8251|99.8286|17.5566,-2.9272|115.007|19.1167,13.4181|143.7045|12.5214,19.3073|149.1975|13.8657,9.7791|136.7666|17.8138,10.3257|134.8951|11.0263,10.8676|152.9034|30.0548,11.6051|132.5117|-9.0772,46.1607|132.9629|32.3964,12.3633|100.3239|-33.8229,58.7723|119.1005|9.0583,39.8953|89.1256|-30.289,-15.7831|80.8348|25.9753,2.6081|79.3893|6.8413,2.1018|44.6064|53.4386,34.6427|48.4694|-13.2739,-38.6472|16.5871|42.7013,13.4479|16.3714|-46.1611,-31.371|7.6826|50.3706,23.1569|7.6221|-41.6533,59.6056|112.4006|19.726,11.3633|55.3305|-100.7512,16.9787|53.1733|-97.32,49.3152|80.7908|-29.3649,49.7302|80.4326|-29.7389,39.895|89.1253|-30.2908
attack2,60,2.0,-4.1828|92.0793|18.1435,-5.0756|86.8898|17.503,-5.0563|99.8345|18.526,-2.051|114.9372|20.2806,14.3271|143.7246|14.1762,20.2159|149.2018|15.617,10.6778|136.7028|19.3497,11.2269|134.9445|12.5321,11.7592|152.6236|31.871,12.6075|132.7152|-7.5823,47.2607|133.4865|36.5743,13.0909|100.8805|-32.7874,59.6529|119.8247|13.0015,40.4988|89.2014|-29.9044,-15.2304|80.8305|26.6307,3.258|79.45|7.5858,2.2279|44.2175|53.8574,34.662|48.1908|-12.9942,-38.6411|16.5285|42.7265,13.5296|16.3279|-46.1492,-31.3488|7.6327|50.3906,23.2609|7.6192|-41.611,60.1498|113.7429|19.5238,12.0901|53.5897|-99.5178,17.8436|51.6876|-96.1654,50.2504|81.2463|-29.0659,50.6227|80.7619|-29.6118,40.4985|89.2011|-29.9062
attack2,61,2.0333,-3.457|92.0716|18.9995,-4.394|86.899|18.277,-4.2655|99.8298|19.4945,-1.1435|114.8491|21.4636,15.285|143.7158|15.8929,21.177|149.1697|17.4376,11.6212|136.6071|20.9357,12.1715|134.9721|14.0876,12.6989|152.2844|33.7608,13.6349|132.9573|-6.0436,48.2481|134.4233|41.8811,13.7643|101.4492|-31.66,60.8098|120.922|18.3056,40.9792|89.1695|-29.5481,-14.6652|80.8176|27.2586,3.9152|79.5148|8.2979,2.2551|43.6073|54.0111,34.6547|47.8711|-12.6934,-38.8093|16.4404|42.3269,13.5701|16.282|-46.1396,-31.5218|7.4862|49.9272,23.2978|7.5832|-41.5746,61.2597|114.1392|19.407,11.7039|52.9349|-98.4797,17.5656|51.1461|-95.2549,50.8956|81.3984|-28.9212,51.3409|80.9422|-29.5581,40.9789|89.1691|-29.5499
attack2,62,2.0667,-2.7188|92.0571|19.8437,-3.7019|86.9041|19.0342,-3.4594|99.8158|20.4594,-0.2157|114.7446|22.6557,16.2744|143.6795|17.6492,22.1717|149.1043|19.3032,12.5933|136.4828|22.5526,13.1443|134.9785|15.6747,13.664|151.8927|35.6984,14.6814|133.2151|-4.4746,48.7829|135.837|48.2518,14.44|102.0062|-30.4539,61.8489|122.3757|24.9287,41.3817|89.0236|-29.2309,-14.09|80.7998|27.8645,4.5786|79.5832|8.985,2.4028|43.266|54.4315,34.6201|47.5235|-12.3822,-38.7541|16.3938|42.396,13.5666|16.241|-46.1349,-31.441|7.4663|50.0032,23.2746|7.5288|-41.5539,63.5836|113.1347|19.3164,9.3836|54.0016|-97.5796,15.3138|52.0855|-94.5594,51.186|81.0872|-28.9976,51.8336|80.9291|-29.6012,41.3813|89.0232|-29.2327
attack2,63,2.1,-1.9709|92.0374|20.6797,-3.0014|86.907|19.78,-2.6414|99.7938|21.4216,0.7278|114.6259|23.8524,17.2882|143.6161|19.4319,23.1924|149.0068|21.1988,13.5871|136.332|24.1891,14.1393|134.9633|17.283,14.6449|151.453|37.6672,15.749|133.4685|-2.8823,48.821|137.4349|54.5254,15.0591|102.4874|-29.1249,62.6626|124.1524|31.5499,41.5538|88.5617|-29.0682,-13.5068|80.7814|28.4554,5.2477|79.6544|9.6556,2.5734|42.9727|54.8851,34.5714|47.178|-12.0765,-38.6587|16.3583|42.5386,13.5412|16.213|-46.135,-31.3137|7.4726|50.1639,23.2326|7.4829|-41.5527,63.3132|114.2906|18.8415,10.2295|51.2198|-96.498,16.2856|49.6193|-93.5447,51.7188|81.0876|-28.8881,52.0737|80.6999|-29.7514,41.5534|88.5613|-29.07
attack2,64,2.1333,-1.2165|92.0143|21.5103,-2.2952|86.9092|20.5178,-1.8151|99.7653|22.3827,1.6821|114.4946|25.053,18.3193|143.5265|21.2368,24.2315|148.8787|23.1197,14.5962|136.1564|25.8418,15.1501|134.9275|18.9096,15.6349|150.969|39.6595,16.8312|133.7178|-1.269,48.2259|139.1312|60.7878,15.6189|102.8855|-27.6674,63.7608|125.9825|38.8409,41.399|87.7465|-29.1151,-12.9183|80.7649|29.0352,5.9205|79.7296|10.3147,2.7375|42.6701|55.3084,34.5067|46.841|-11.777,-38.5757|16.3314|42.6456,13.4935|16.2008|-46.1386,-31.2|7.4829|50.2847,23.171|7.4495|-41.5673,62.8081|115.1168|18.0332,10.6237|48.0523|-95.4486,16.8057|46.7837|-92.5967,51.9149|80.7685|-29.0466,52.099|80.2892|-29.9894,41.3986|87.7461|-29.1169
attack2,65,2.1667,-0.4588|91.9895|22.338,-1.5863|86.9125|21.2512,-0.9845|99.7319|23.3444,2.6422|114.3526|26.2571,19.3608|143.4126|23.0597,25.2816|148.7223|25.0607,15.6138|135.9583|27.5072,16.1705|134.8724|20.5514,16.6277|150.4455|41.6675,17.9224|133.9616|0.3631,47.033|140.7203|66.7602,16.2738|103.2372|-26.1373,64.5506|127.7867|46.2237,41.0823|86.7861|-29.2676,-12.3272|80.7527|29.6082,6.5948|79.8096|10.9668,2.8795|42.3325|55.6705,34.4247|46.5182|-11.4844,-38.5308|16.3159|42.6639,13.4237|16.2073|-46.1442,-31.1298|7.4902|50.3048,23.0898|7.4328|-41.5935,63.5948|114.511|17.1501,8.7752|46.5721|-94.5551,15.0698|45.4081|-91.9127,51.7109|79.9823|-29.5566,51.9593|79.7387|-30.2951,41.0818|86.7857|-29.2694
attack2,66,2.2,0.2996|91.9647|23.1667,-0.8767|86.9184|21.9844,-0.1524|99.6952|24.3093,3.6044|114.2021|27.4651,20.4065|143.2764|24.8981,26.3364|148.5402|27.0189,16.6345|135.7402|29.1836,17.1951|134.8|22.2069,17.618|149.8874|43.6857,19.0188|134.1978|2.0134,45.5134|141.9462|72.102,17.182|103.5706|-24.587,65.0574|129.4379|53.1951,40.8258|85.8678|-29.4323,-11.7352|80.7471|30.1792,7.2691|79.8955|11.6174,2.9949|41.9583|55.968,34.3243|46.2156|-11.1983,-38.5299|16.3178|42.5851,13.3326|16.2356|-46.1503,-31.1102|7.4983|50.2151,22.9897|7.4369|-41.6273,66.3618|112.1082|16.2747,4.2332|47.7502|-93.7119,10.6152|46.3678|-91.406,51.2331|78.7815|-30.3668,51.7035|79.0898|-30.6484,40.8252|85.8674|-29.434
attack2,67,2.2333,1.0541|91.9416|23.9972,-0.1708|86.9285|22.7192,0.6754|99.6568|25.277,4.5616|114.0459|28.674,21.4473|143.1209|26.7435,27.386|148.3363|28.985,17.6495|135.506|30.8638,18.2154|134.7128|23.8693,18.5975|149.3021|45.7027,20.1128|134.4239|3.6757,44.1663|142.532|76.5102,18.442|103.8623|-23.0108,65.7021|130.9156|59.2718,40.7138|84.9844|-29.6052,-11.1464|80.7499|30.7511,7.9399|79.9879|12.2697,3.0852|41.5609|56.2125,34.2055|45.9395|-10.9188,-38.5673|16.344|42.4276,13.2222|16.2885|-46.1554,-31.1359|7.5164|50.0368,22.8724|7.4659|-41.6642,66.1851|112.4338|15.4194,4.2602|45.1327|-92.9079,10.7393|44.0112|-90.7346,51.3665|78.299|-30.7346,51.3819|78.3857|-31.0284,40.7132|84.984|-29.6069
attack2,68,2.2667,1.802|91.922|24.8332,0.5292|86.9443|23.46,1.4961|99.6188|26.2501,5.5101|113.8866|29.8845,22.4771|142.9497|28.5936,28.4241|148.1145|30.9558,18.6534|135.2593|32.5463,19.2261|134.6134|25.5373,19.5613|148.6964|47.7135,21.2003|134.6387|5.349,43.3185|142.4955|80.053,19.9468|104.0898|-21.375,66.0417|131.9649|63.6623,40.5644|84.0873|-29.7834,-10.5625|80.7633|31.3288,8.6057|80.0874|12.929,3.1557|41.1587|56.4264,34.0683|45.6954|-10.6447,-38.6319|16.4009|42.2247,13.0952|16.3689|-46.1578,-31.1951|7.5557|49.808,22.7403|7.5239|-41.6999,66.3432|112.3318|14.5668,3.7164|43.0926|-92.123,10.2781|42.1645|-90.1127,51.377|77.7125|-31.1769,51.0438|77.6675|-31.4152,40.5638|84.0868|-29.7851
attack2,69,2.3,2.5401|91.9074|25.6774,1.2205|86.9671|24.2101,2.3058|99.5828|27.2302,6.4452|113.7272|31.0962,23.489|142.7668|30.4438,29.4434|147.8797|32.9263,19.6398|135.0045|34.2277,20.2208|134.5055|27.2074,20.5034|148.0782|49.7117,22.276|134.8412|7.0299,43.321|141.9074|82.7264,21.5432|104.2803|-19.6996,66.3963|132.3991|66.2032,40.2829|83.2825|-29.8881,-9.9863|80.7888|31.9164,9.2642|80.1944|13.5998,3.2152|40.7759|56.6407,33.9137|45.4886|-10.3748,-38.7075|16.4927|42.0234,12.9551|16.4795|-46.1562,-31.2701|7.6273|49.5825,22.5965|7.6147|-41.7298,67.5306|111.2364|13.7606,1.3746|42.6897|-91.2326,8.0065|41.7673|-89.4645,51.0594|76.9554|-31.7198,50.7387|76.9773|-31.7885,40.2822|83.282|-29.8898
crit,0,0.0,6.5997|121.9874|55.2982,5.5752|116.9945|55.7957,4.8923|129.2473|54.3631,3.1946|143.598|51.8866,-2.1182|172.832|36.0328,-0.5863|178.5754|34.8239,1.3456|166.989|42.6099,-0.9858|163.4899|36.9387,8.9716|177.7667|58.0085,-9.202|154.6554|20.634,43.2394|164.2575|40.9208,10.2468|133.4867|-8.0442,53.3371|153.198|15.0053,31.0218|120.1375|-24.957,-2.8833|113.4073|67.5739,11.2328|107.361|45.8826,-17.1351|65.8718|66.1562,12.1339|67.6046|9.1252,-31.8969|16.6301|64.6942,13.0704|26.4259|-28.955,-25.3915|7.7545|73.0556,19.871|14.5484|-30.8941,62.2755|151.9262|12.9976,-13.2543|73.6117|-77.8884,-6.3398|74.0198|-77.8125,42.0178|115.9909|-29.5849,42.0048|115.9782|-29.5734,31.0208|120.1383|-24.9578
crit,1,0.0333,10.2974|128.7936|66.6474,9.4945|123.8248|67.2528,8.3043|135.8078|65.248,5.7752|150.0176|62.2401,-1.8096|180.868|51.0636,-0.6029|186.8415|50.4045,1.9819|174.3558|56.7744,0.1909|171.6449|50.5066,9.5423|184.9189|72.3531,-6.4799|164.1798|32.8665,35.6655|171.9577|40.0049,15.4814|145.8324|1.1495,54.9224|162.4077|16.1608,31.663|132.3074|-22.2345,0.4904|120.2519|78.6238,15.5982|114.1809|57.6183,-15.6912|69.2633|72.1802,14.4373|76.282|23.2528,-32.452|16.4439|65.5125,13.2382|37.0269|-12.3494,-25.836|7.5288|73.7441,17.0402|23.9756|-14.8575,61.5443|165.1522|15.9219,-9.7885|82.5296|-74.5402,-3.1797|84.457|-75.3092,42.5857|130.5457|-28.3269,41.8292|133.168|-27.0932,31.6619|132.3081|-22.2351
crit,2,0.0667,13.5565|134.214|78.4888,12.9064|129.3488|79.1032,11.5084|140.9059|76.7118,8.483|155.0016|73.5927,-0.635|186.6382|66.5092,0.4714|192.7732|66.327,3.3016|179.6016|71.4474,2.023|177.7358|64.7597,10.3147|190.8845|86.7755,-3.081|171.793|46.0506,34.9106|181.7843|49.8103,17.2009|158.2611|9.3385,53.041|175.0807|22.5636,32.1445|148.2832|-17.7265,3.0127|125.7412|89.6975,19.6737|119.7477|69.8777,-13.9695|72.3104|77.4567,23.5428|78.9104|43.3459,-31.5597|16.9606|64.7842,15.865|45.7992|5.8545,-25.0525|8.0863|73.1455,17.7506|32.4401|2.8441,61.5684|179.8541|21.896,-6.63|98.3236|-71.9121,-0.8161|101.853|-73.225,42.3287|149.2989|-25.1276,41.6533|150.3751|-24.6104,32.1432|148.2837|-17.7269
crit,3,0.1,15.6041|135.635|92.076,15.0872|130.6996|92.3305,13.7731|142.2684|89.8129,10.8199|156.597|86.8577,2.8804|188.7786|80.8996,4.3533|194.9962|81.004,5.9583|181.3349|85.8508,5.8389|180.0215|78.9152,10.0704|192.2063|102.4742,3.4789|177.9193|58.8799,36.1091|192.254|68.1574,20.1367|177.593|19.3719,55.2595|192.2928|42.9209,32.3843|177.3484|-9.6931,2.5585|126.2021|99.1086,25.1115|121.7882|85.7587,-14.4916|72.3003|82.0551,33.2871|79.9481|62.6203,-32.1533|16.4606|64.3968,18.4631|55.4321|21.3423,-27.793|7.5852|74.052,19.9221|42.0436|18.2271,56.7727|198.4736|39.3584,4.9675|140.2762|-79.0798,9.1436|145.7991|-78.8828,41.6269|183.2958|-15.916,40.0172|184.0087|-13.8947,32.3828|177.3486|-9.6932
crit,4,0.1333,16.9767|135.3035|105.538,16.649|129.9609|105.4115,15.3586|142.4182|102.6771,12.0895|157.2666|99.6798,4.6274|189.5293|93.5459,6.3131|195.8871|93.892,6.8447|181.9277|98.7127,8.1696|180.9295|91.8505,7.1894|192.6576|115.9227,9.1398|183.0387|71.7008,45.044|200.0572|103.2319,21.0812|200.3975|36.0282,52.0712|213.1227|77.236,29.8795|213.1873|9.7296,3.0339|124.2316|107.635,29.0445|122.115|102.6047,-14.2637|70.9203|86.3581,36.4565|81.6253|76.2945,-32.1834|15.6915|64.3247,22.7545|58.7197|33.3006,-30.2134|6.8175|74.7352,24.1282|45.3184|30.2021,51.639|210.7141|64.3907,9.4104|207.6045|-70.9069,13.0276|212.7511|-68.0069,39.7636|220.6168|7.155,39.6445|220.5359|7.3247,29.8781|213.1877|9.7295
crit,5,0.1667,17.8972|134.9769|117.1067,17.4768|128.8135|116.7354,16.2218|143.1902|113.557,12.0671|159.1185|109.7521,3.1066|190.9646|103.4494,4.5547|197.5871|104.1231,4.9441|183.2992|108.6707,7.6588|182.7774|102.1745,0.6281|193.3923|125.7275,11.7492|187.3972|82.8529,38.8874|204.2523|119.7072,23.7093|210.2442|51.4295,42.7295|224.8954|98.3745,28.0583|233.1493|32.1964,3.5138|123.6297|117.8769,29.6214|120.5769|113.9511,-13.9222|71.1807|91.3673,34.1857|79.9369|88.8759,-31.9871|16.8487|63.9142,29.5921|58.6353|44.2152,-30.3923|7.9776|74.3912,31.4159|45.1253|41.927,50.7247|226.5205|86.2789,9.0656|232.8357|-49.0827,12.0875|238.022|-45.6255,37.8026|240.9438|30.2436,38.5872|239.7848|31.4527,28.0568|233.1497|32.1963
crit,6,0.2,18.5362|133.5132|127.7398,18.1182|126.1888|127.1197,16.682|143.177|123.1557,12.0037|161.8275|117.5761,2.0371|193.3147|110.9872,3.141|200.188|112.109,3.3214|185.4725|116.1103,7.415|185.5648|110.3591,-6.0526|194.4436|131.7013,14.504|192.9126|92.8333,32.0525|207.1977|133.1188,34.889|219.9631|72.0839,35.9258|231.9497|116.1705,28.1964|246.0915|59.3148,3.9831|121.3578|127.1531,30.1638|117.8457|124.2248,-13.1824|69.0637|96.614,34.291|83.5599|89.3195,-30.9664|14.8998|64.9906,38.5722|48.0431|53.1651,-28.9772|6.1125|75.4707,41.9219|34.6683|54.1515,48.4475|236.0495|113.8828,14.8219|251.2232|-23.0003,17.0925|256.3188|-18.8941,37.645|254.4392|58.565,38.1458|253.8502|58.4698,28.195|246.0918|59.3146
crit,7,0.2333,19.0225|127.955|136.8633,18.7905|119.2712|135.4476,17.4788|139.6951|131.4925,13.2311|162.567|124.9531,4.8444|194.5396|118.5028,5.7305|201.5269|120.3705,4.7605|186.2587|123.0654,10.3665|186.8725|118.8183,-10.0309|194.3392|134.3507,20.3695|198.1042|105.21,24.8516|213.2211|144.2901,41.2383|231.1459|97.3859,41.857|233.9071|128.2621,31.5741|255.5835|82.1944,4.8325|114.65|132.8102,31.1948|111.2907|133.0956,-14.2838|62.134|108.407,35.424|58.3951|102.7843,-31.4485|18.7078|65.8958,40.996|16.4137|55.7693,-29.5808|9.6392|76.1564,41.0518|7.4966|66.3316,49.5111|237.4995|135.5078,22.538|273.0595|0.9497,24.3773|277.5115|5.9275,40.885|264.057|83.2084,41.5|263.9396|84.113,31.5726|255.5838|82.1942
crit,8,0.2667,17.8992|110.3992|144.1889,18.0056|100.5892|140.6494,17.0441|125.2022|139.8451,13.9958|156.401|135.7684,7.688|189.4326|133.9476,8.1407|196.1189|137.3331,6.2544|180.4076|136.3746,12.9208|181.5697|134.3618,-11.8434|187.832|141.7398,24.4451|196.8097|127.5555,20.8303|213.338|151.6071,32.7672|238.0566|123.5873,44.3676|235.1262|143.2269,34.7274|265.3202|105.6,4.6923|97.0219|134.8901,30.8053|93.3073|138.1534,-15.3077|51.0877|109.9198,35.759|50.7314|102.5528,-31.4706|17.5577|65.5074,41.4201|16.6263|56.3476,-29.5016|8.6824|75.917,41.4553|7.7461|66.9411,49.5936|234.1405|153.5342,30.3711|302.9747|31.0986,31.8795|305.9991|37.1451,43.8826|273.1966|109.2967,43.7784|272.1763|109.493,34.7259|265.3206|105.5998
crit,9,0.3,10.1785|71.0479|144.7925,9.5319|60.2903|136.1888,11.4459|91.6918|145.0269,12.3767|132.103|152.1547,9.9028|165.0291|158.7835,9.5836|170.8999|163.7506,6.8898|156.2082|157.1992,13.7569|156.3965|158.8269,-9.638|167.7185|154.7952,25.3499|172.1451|153.4436,0.2764|205.5141|189.6067,21.7377|226.3949|181.504,12.654|246.2078|186.5145,15.9417|273.5629|171.273,-3.7038|60.3188|129.2639,22.0006|53.8221|131.1113,-21.0592|28.9203|93.6439,31.4198|35.7731|94.8307,-31.8968|16.6273|43.9612,41.241|16.9627|57.0238,-31.4541|7.7516|54.546,41.4562|7.5516|67.1464,22.0148|246.786|179.3901,28.2711|377.389|124.603,28.4561|375.9227|131.3704,25.3658|304.9795|168.5643,25.3661|304.9841|168.5609,15.9404|273.5635|171.2728
crit,10,0.3333,7.0252|56.7257|125.3386,7.2243|54.5121|120.4804,5.9095|62.2121|130.8572,1.2104|69.4151|143.6969,-11.6348|82.3156|172.03,-14.3437|82.4767|179.5372,-11.6354|79.0648|163.1515,-5.8215|77.14|166.6637,-31.1991|84.1795|161.5573,7.334|83.3356|180.8039,-23.6154|45.3753|134.6691,1.7468|42.5098|153.5353,-18.0289|16.7714|114.8524,-2.3654|12.4159|133.4359,-6.1472|53.8921|113.8502,20.0099|49.2831|114.7996,-26.8062|22.5232|43.3537,34.697|16.1373|97.6541,-31.9483|16.5475|-38.9575,41.4129|16.6129|56.3433,-37.3895|7.6799|-29.8597,39.6374|7.7336|66.7879,1.0013|8.6737|106.6622,-11.722|37.4736|257.9714,-10.42|30.7139|242.3349,-4.0065|7.9833|165.7324,-5.8285|7.6944|165.7744,-2.3655|12.4173|133.4362
crit,11,0.3667,5.2464|59.0988|99.6248,5.3438|56.6493|95.4951,4.2595|63.8312|104.5932,-0.3623|70.3959|117.8347,-13.8909|78.4704|147.5999,-16.3012|78.3547|155.683,-13.6604|76.8132|138.2942,-7.9992|74.1726|141.5836,-32.5363|73.2521|131.7782,7.0728|65.3575|151.9049,-43.1869|41.4241|108.9248,24.0881|36.7551|128.6425,-16.3894|25.0718|112.5491,-3.8098|21.6047|131.2861,-8.0934|55.8194|89.0225,18.0317|51.0317|89.9683,-25.2759|28.7661|29.9746,39.1099|13.8562|103.2318,-31.4173|16.8815|-38.2962,41.7466|16.5563|56.8875,-36.8662|7.9675|-29.2485,39.9661|7.6453|67.3043,-2.7436|16.5053|104.8135,-14.7999|52.5566|246.3527,-14.1788|45.6594|239.1349,-7.7558|18.9265|163.8373,-5.841|20.6247|164.88,-3.8099|21.6061|131.2864
crit,12,0.4,3.7028|64.5737|77.5835,3.6279|61.5864|72.9592,3.0166|70.5708|83.0259,-0.9071|77.9387|96.1075,-12.7345|85.1193|126.8115,-14.4101|85.2994|135.4993,-12.9794|83.9476|117.4327,-7.3389|80.8451|120.3311,-32.3116|82.4726|111.4719,7.962|71.3873|129.703,-42.5342|45.7149|97.5754,26.6482|35.9022|123.3447,-17.9462|36.6489|112.0365,-2.2525|34.2872|130.9587,-10.0356|60.3968|67.0405,15.9598|54.9203|67.8042,-21.2144|38.0765|13.4405,35.6599|29.9715|104.8997,-32.8002|14.9577|-42.0727,41.3006|16.4758|56.4554,-38.2536|6.1203|-32.9529,39.5206|7.6302|66.928,-0.8996|28.1266|104.79,-12.4907|71.638|239.2123,-12.2789|65.0129|237.201,-5.8842|33.9629|163.5766,-5.8523|32.0336|164.1538,-2.2525|34.2887|130.9589
crit,13,0.4333,2.3867|70.3224|69.4632,2.0645|66.8068|65.1862,2.0776|76.864|74.384,-1.157|85.2814|87.0566,-11.3767|93.1251|118.1729,-12.541|93.6354|127.1239,-12.0642|91.9093|108.8217,-6.4386|88.5937|111.5052,-31.6636|91.8309|103.5973,9.1196|79.1258|120.4329,-38.1553|53.101|94.3348,24.636|41.6152|118.7823,-17.4893|40.7516|112.4163,-1.9718|38.5901|130.7615,-11.805|65.2951|59.8484,14.0485|59.179|60.5727,-21.8421|41.0782|11.2143,32.6683|38.9395|101.9309,-32.2462|15.9934|-39.161,41.8898|15.387|57.1636,-37.8855|7.1467|-30.1641,40.2177|6.5037|67.6221,-0.4625|32.2004|104.6887,-12.0139|78.1546|237.7403,-11.864|71.5772|236.3789,-5.4868|39.1441|163.3515,-5.8649|37.8081|163.8405,-1.9719|38.5916|130.7617
crit,14,0.4667,1.2507|74.6137|63.558,0.7921|70.756|59.5549,1.1452|81.4854|68.1105,-1.7065|90.4792|80.5243,-11.3508|98.6179|111.7483,-12.4019|99.2432|120.7484,-12.1978|97.3556|102.4163,-6.5684|93.9925|105.0318,-31.8518|97.9272|97.433,9.2188|84.8124|113.8575,-33.0528|57.4366|94.637,20.7081|45.8801|114.6445,-17.5248|37.3845|112.3875,-1.8657|35.8067|130.3832,-13.1972|69.0328|54.6083,12.5722|62.5769|55.3815,-22.2877|43.3272|8.8825,29.8656|43.5786|97.9077,-31.7115|16.6994|-38.4824,41.9263|15.5882|56.4753,-37.3345|7.991|-29.3415,40.1493|6.695|66.908,-0.3533|30.0351|104.1933,-11.9691|73.6312|238.0192,-11.8051|67.0805|236.5539,-5.3751|35.9421|162.9698,-5.8732|34.5303|164.2269,-1.8658|35.8082|130.3835
crit,15,0.5,0.4411|76.9877|60.3254,-0.0719|72.9849|56.4395,0.4146|83.9783|64.7669,-2.2953|93.0229|77.2289,-11.7978|100.5547|108.6481,-12.92|100.9672|117.6116,-12.694|99.4509|99.3006,-7.0288|96.0768|101.823,-32.3758|100.0776|94.4351,8.9028|86.9182|110.4082,-24.0077|59.9474|105.4009,15.5205|47.1128|115.2198,-17.6878|29.6213|113.6889,-1.9434|29.7042|131.6288,-14.1154|71.1965|51.6727,11.6088|64.5653|52.4696,-22.7112|44.7373|7.5296,28.2216|46.6243|95.2805,-31.6225|17.3282|-38.1964,41.4785|16.5512|56.2133,-36.8155|8.4205|-28.9933,39.7656|7.5023|66.5221,-0.4094|25.1366|105.2192,-12.2152|63.0838|240.9963,-12.0085|56.5758|239.0095,-5.4627|28.5635|164.1896,-5.8753|26.8978|165.0162,-1.9435|29.7057|131.6291
crit,16,0.5333,0.0391|78.0321|57.9499,-0.5156|73.9299|54.1528,0.0589|85.1113|62.2949,-2.5554|94.1635|74.83,-11.9184|101.1406|106.4187,-13.1092|101.3266|115.3301,-12.8688|100.1586|97.063,-7.1473|96.815|99.4975,-32.5941|100.5579|92.3521,8.9217|87.6599|107.8265,-24.1085|58.5358|104.6784,2.4666|50.0499|122.4147,-17.8282|27.4146|113.8082,-2.2763|22.3707|133.1503,-14.6005|72.0988|49.5265,11.088|65.333|50.3402,-22.9941|45.0188|6.3236,27.1496|48.3487|93.3129,-31.6958|16.9665|-38.4284,41.2854|16.7745|56.2891,-36.7984|8.0254|-29.2072,39.5742|7.7556|66.6244,-0.7412|19.1696|106.5427,-12.5404|50.2078|244.3188,-12.3262|43.7964|241.7543,-5.8121|19.6072|165.6096,-5.8763|20.8906|165.6868,-2.2764|22.3721|133.1506
crit,17,0.5667,-0.2161|78.6146|56.035,-0.811|74.4504|52.3024,-0.1719|85.7625|60.2858,-2.6997|94.8101|72.9043,-11.7762|101.6075|104.6156,-12.933|101.6837|113.5275,-12.8232|100.6368|95.269,-7.0369|97.3519|97.6294,-32.605|100.8075|90.7871,9.2205|88.3407|105.747,-24.0973|58.129|104.269,2.6506|50.6869|121.4364,-17.8374|26.7056|114.1964,-2.1849|22.9294|133.0015,-14.9266|72.5853|47.7847,10.7365|65.7254|48.6123,-23.297|45.0497|5.2787,26.4786|49.3848|91.8764,-31.9746|16.5254|-38.7511,41.3117|16.6229|56.2754,-37.2216|7.6584|-29.5394,39.5599|7.7211|66.705,-0.7104|19.3613|106.4289,-12.2072|52.1084|243.8787,-11.9871|45.6631|241.3508,-5.6323|20.5314|165.4984,-5.8761|19.0576|165.9168,-2.185|22.9308|133.0019
crit,18,0.6,-0.2778|79.2151|55.0927,-0.9076|75.0117|51.4028,-0.2272|86.4111|59.2763,-2.6805|95.4264|71.9982,-11.3756|102.2075|103.8197,-12.4495|102.2102|112.7534,-12.5471|101.1953|94.4923,-6.6865|97.9898|96.7769,-32.3921|101.1146|90.2958,9.7992|89.2061|104.6808,-23.9762|58.0159|104.28,2.8735|51.1366|120.6321,-17.7922|26.3257|114.5635,-2.2244|23.0728|132.3904,-15.0389|73.1259|46.9428,10.609|66.2124|47.7939,-23.3726|45.3248|4.7536,26.1468|50.0464|91.1973,-32.0122|16.5255|-38.948,41.4735|16.6528|56.4014,-37.4383|7.6968|-29.8035,39.7069|7.7599|66.836,-0.7305|19.444|105.8143,-12.3348|52.1882|243.2557,-12.1032|45.7429|240.7286,-5.6776|20.6129|164.8817,-5.8778|19.3768|165.9008,-2.2245|23.0742|132.3907
crit,19,0.6333,-0.2398|79.8082|54.9143,-0.903|75.5748|51.2579,-0.1913|87.044|59.042,-2.5755|96.0304|71.865,-10.8554|102.8956|103.779,-11.8295|102.8377|112.7422,-12.1602|101.8119|94.4775,-6.2243|98.6944|96.6882,-32.0646|101.4684|90.5868,10.4935|90.1673|104.3829,-23.8479|57.9426|104.6553,3.1901|51.6507|120.6223,-17.813|25.9526|114.9961,-2.1863|23.2573|132.5931,-15.0418|73.6853|46.8234,10.5925|66.7252|47.7049,-23.3422|45.6746|4.5659,26.1036|50.4846|91.0899,-31.9472|16.6582|-39.2062,41.518|16.8971|56.52,-37.4627|7.7993|-30.1447,39.7934|7.9841|66.9446,-0.681|19.5191|106.0169,-12.3357|52.4377|243.4124,-12.0988|45.9893|240.8939,-5.6402|20.763|165.0818,-5.8895|19.3625|165.8823,-2.1864|23.2588|132.5934
crit,20,0.6667,-0.1973|80.1913|54.9615,-0.8949|75.9319|51.3357,-0.1542|87.4647|59.0344,-2.4739|96.4401|71.945,-10.3664|103.4181|103.9326,-11.2446|103.2934|112.9289,-11.7939|102.2595|94.6581,-5.7914|99.2235|96.8016,-31.7464|101.6795|91.0524,11.1324|90.9355|104.3048,-23.7661|57.7547|104.9872,3.5232|51.8884|120.8051,-17.9039|25.4651|115.2319,-2.0787|23.104|132.9682,-15.0444|74.0354|46.9386,10.581|67.0424|47.8191,-23.3211|45.9411|4.631,26.2057|50.6577|91.1091,-31.9014|16.8383|-39.1927,41.4649|17.0544|56.4858,-37.3742|7.9658|-30.1187,39.7789|8.1455|66.9202,-0.5793|19.2875|106.3852,-12.1932|52.183|243.7897,-11.9528|45.7351|241.2704,-5.5116|20.5216|165.4525,-5.9072|19.2737|165.8354,-2.0788|23.1054|132.9686
crit,21,0.7,-0.1064|80.5789|55.2519,-0.8395|76.2935|51.6588,-0.0683|87.8926|59.2621,-2.3341|96.8907|72.2337,-9.9254|103.9798|104.2697,-10.7332|103.7746|113.2993,-11.447|102.7588|95.0182,-5.3962|99.7834|97.1105,-31.4324|102.0072|91.6332,11.6775|91.6743|104.468,-23.6664|57.7324|105.38,3.8102|51.9867|121.1585,-17.9583|25.1657|115.4925,-1.9822|22.7304|133.4618,-15.0086|74.371|47.3367,10.6136|67.3614|48.1762,-23.2357|46.4286|5.3626,26.3683|50.8931|91.3873,-31.7647|17.4834|-38.1156,41.4767|17.2068|56.7785,-37.2129|8.6067|-29.0309,39.7715|8.3391|67.2448,-0.4854|18.9413|106.857,-12.0682|51.2763|244.3972,-11.8274|44.8386|241.8516,-5.4023|19.9345|165.9302,-5.9249|19.1898|165.7899,-1.9822|22.7319|133.4622
crit,22,0.7333,0.0769|81.1857|55.8032,-0.6967|76.8762|52.243,0.1144|88.5392|59.7479,-2.0972|97.5921|72.7552,-9.4734|104.8656|104.8001,-10.244|104.5877|113.862,-11.0594|103.5808|95.5681,-4.9849|100.6361|97.6348,-31.0666|102.7539|92.3331,12.1656|92.6228|104.9183,-23.5819|58.142|105.9114,3.8802|52.2411|121.7889,-18.0764|25.3017|115.9078,-2.2205|22.4732|134.2251,-14.8963|74.9008|48.0468,10.7357|67.9141|48.7693,-23.0538|47.4979|6.7282,26.5908|51.3557|91.9092,-31.5106|19.1115|-36.0708,41.6351|17.6688|57.2731,-36.9989|10.2324|-27.0127,40.0667|8.7996|67.7596,-0.6777|18.5248|107.6301,-12.4826|51.311|245.0444,-12.2369|44.865|242.5205,-5.688|19.7119|166.6918,-5.9367|19.1903|165.7755,-2.2205|22.4747|134.2255
crit,23,0.7667,0.396|82.2249|56.6318,-0.4551|77.8937|53.1123,0.4623|89.613|60.5168,-1.5979|98.7102|73.5783,-8.8237|105.9301|105.6696,-9.5901|105.5014|114.7581,-10.4502|104.6735|96.4408,-4.3778|101.7029|98.4765,-30.4732|103.9154|93.2874,12.7734|93.6129|105.673,-23.5251|58.7702|106.2458,3.7576|52.3476|122.3183,-18.4107|25.5126|115.7931,-2.8816|21.9285|134.5885,-14.7447|75.8136|49.2884,10.931|68.9525|49.4386,-23.2618|49.3688|8.5027,26.8466|51.3536|92.1421,-32.091|21.9749|-33.7442,41.5804|17.7449|57.2972,-37.5122|11.8201|-26.0958,40.4609|8.8546|67.8232,-1.2164|17.5419|108.057,-13.6456|52.3052|244.9292,-13.3858|45.8235|242.4998,-6.4892|19.5801|167.0725,-5.9364|19.354|165.8221,-2.8817|21.9299|134.5888
crit,24,0.8,0.8957|83.9129|57.7572,-0.0784|79.5619|54.2916,1.0122|91.3238|61.6008,-0.7129|100.4225|74.7644,-7.5414|107.2484|107.0285,-8.2362|106.5728|116.1394,-9.279|106.1172|97.8036,-3.1937|103.1004|99.7299,-29.3411|105.4436|94.8885,14.0119|94.8613|106.6209,-22.9213|59.549|106.5965,4.2611|52.3883|122.425,-18.194|25.7233|115.2267,-2.92|21.0789|134.075,-14.52|77.2734|51.2353,11.2178|70.7519|50.065,-33.3295|43.4159|21.4608,27.1039|49.9207|91.2998,-31.1144|25.7092|-25.8941,41.4139|16.293|56.2969,-37.1474|13.9467|-21.8622,40.2831|7.341|66.7693,-1.3355|17.0152|107.482,-13.2444|49.9281|244.8571,-13.0377|43.4797|242.3357,-6.4809|18.2566|166.5309,-5.9182|19.7608|165.9595,-2.9201|21.0804|134.0754
crit,25,0.8333,2.0883|87.742|59.705,0.9766|83.3349|56.3519,2.2531|95.2069|63.4418,0.9047|104.5335|76.5427,-5.1293|111.4347|108.9489,-5.5999|110.6681|118.0961,-7.1032|110.2337|99.7806,-0.9283|107.3065|101.5538,-27.2292|109.1648|97.4915,16.6902|100.2551|108.7139,-21.4421|62.0225|107.407,6.0833|55.6188|122.772,-17.1808|27.2747|114.7166,-1.7287|22.7149|133.1349,-13.6185|80.8276|54.3933,12.0496|74.6243|51.3919,-36.0254|42.5496|34.2828,27.7858|49.2551|90.0621,-29.9267|26.1606|-13.0361,41.2469|14.8246|55.5058,-36.4523|14.1093|-11.2493,39.432|5.9276|65.9287,-0.192|18.8858|106.5084,-11.8971|50.3957|244.2298,-11.6639|43.9734|241.645,-5.1831|19.5248|165.5803,-5.8761|20.4899|166.2175,-1.7288|22.7163|133.1352
crit,26,0.8667,3.8259|93.3046|62.7659,2.5544|88.7527|59.6729,4.0116|100.8936|66.241,3.2318|110.7957|79.018,-2.7336|119.1974|111.0807,-3.0204|118.8305|120.2849,-4.7713|117.3047|102.044,1.6298|114.9405|103.8546,-24.7391|113.9565|100.8129,19.7159|111.8378|112.4957,-19.8165|65.1679|109.5706,8.0655|63.5528|124.9812,-16.1925|29.2064|116.0269,-0.5155|27.9596|134.1856,-12.1053|85.8958|59.4061,13.2099|80.1566|53.702,-36.4261|45.268|70.0509,29.5081|48.5278|87.1774,-28.7404|24.785|24.788,36.2585|16.2954|48.7548,-33.8256|13.016|29.9497,37.7372|7.1643|59.0272,1.0239|24.9977|107.4613,-10.7136|51.8839|246.1566,-10.4601|45.5517|243.3603,-3.9375|23.6608|166.524,-5.7763|23.863|167.0363,-0.5156|27.961|134.186
crit,27,0.9,5.1618|97.9644|66.6045,3.7719|93.243|63.8346,5.308|105.6851|69.7729,5.1143|116.2606|82.0856,-2.1152|126.1248|113.4644,-2.4892|126.2425|122.6901,-3.8262|123.4|104.5737,2.7772|121.8963|106.5678,-23.0247|116.8534|104.5773,20.2864|123.827|116.6225,-19.2233|70.0333|112.9184,8.7038|76.4554|129.2657,-16.4256|35.522|119.0677,0.1721|41.536|138.5877,-10.7496|90.0996|65.3794,13.8354|84.6958|56.8519,-26.8003|66.2053|104.2404,35.5002|45.9294|77.209,-30.3409|20.9403|83.0762,24.814|18.9128|35.7759,-30.9377|10.7792|92.4256,32.2062|9.3166|42.436,1.9452|41.6948|111.7326,-10.7227|52.3081|252.5305,-10.5824|46.3456|249.0076,-3.7039|33.5202|170.18,-4.5765|32.8051|171.9733,0.172|41.5374|138.5883
crit,28,0.9333,5.6836|100.766|71.6831,4.2682|95.8995|69.1944,5.724|108.601|74.5507,5.6725|119.8698|86.3059,-2.0384|130.7063|117.2463,-2.356|131.1548|126.4733,-3.6058|127.3974|108.529,3.1185|126.5446|110.5035,-21.9673|118.946|110.2218,19.7936|131.7399|120.8159,-21.8097|76.814|112.7115,10.2706|90.6823|137.8754,-12.3322|52.1388|129.1193,3.2554|60.4178|150.454,-10.0078|92.4655|71.941,13.999|87.3611|61.7449,-21.0985|66.053|110.6952,39.3893|45.6374|62.7753,-32.2416|17.624|115.4375,17.0944|20.1211|25.19,-30.0302|8.7549|125.804,26.1587|9.7115|24.4391,5.675|65.6363|124.1836,-10.1788|49.5127|264.1343,-10.0516|44.3283|259.5424,-1.5016|46.6037|179.8717,-2.4651|45.6155|180.196,3.2553|60.4191|150.4548
crit,29,0.9667,5.8036|102.6647|77.5392,4.4126|97.681|75.2857,5.7304|110.6074|80.0766,5.4744|122.5577|91.2181,-1.7549|134.6543|121.8057,-1.8955|135.4281|131.0141,-3.449|130.899|113.2955,3.3412|130.3058|115.135,-21.5496|122.4108|116.7244,19.8519|136.8152|124.9543,-24.2883|82.4447|117.3821,11.6615|101.4458|149.0741,-8.788|77.506|142.0313,5.6279|75.3752|166.8571,-9.7327|94.1345|78.5222,14.1037|89.0024|67.9473,-19.4922|66.0288|116.2384,37.6955|47.3736|58.0955,-31.1956|17.6697|115.5029,15.0659|21.7292|20.7983,-28.8387|8.8204|125.8542,23.4732|11.5672|16.6586,8.703|85.4327|142.1304,-10.5496|43.2914|276.1134,-10.35|39.0688|270.6263,0.0875|56.286|193.0345,-0.6135|56.7947|189.3555,5.6278|75.3763|166.8582
crit,30,1.0,5.812|103.8904|82.4501,4.4689|98.795|80.4392,5.6058|111.9299|84.6287,5.0752|124.5477|95.0923,-1.8565|138.091|125.1377,-1.9028|139.2495|134.2918,-3.6243|133.8631|116.8675,3.2077|133.4968|118.6088,-21.5604|125.8118|121.8585,19.4946|141.2075|127.9189,-23.396|86.3859|126.0807,12.2447|108.7468|155.6103,-7.3319|90.0631|150.2582,6.904|84.8211|176.0259,-9.5465|95.1202|84.0731,14.2109|89.9915|73.3204,-18.8297|65.6328|120.6722,39.3311|50.6595|58.8787,-31.3162|18.0423|114.1989,18.4199|23.1408|21.9157,-29.019|8.9619|124.3618,25.4787|12.2921|17.0616,10.3795|97.7452|152.7501,-11.0494|39.9352|280.4098,-10.753|36.3972|274.4622,0.9542|62.7404|199.6631,0.4667|63.4551|197.2301,6.904|84.822|176.0271
crit,31,1.0333,5.7856|104.6951|85.7433,4.495|99.5145|83.9397,5.4521|112.7998|87.6115,4.6332|125.9766|97.4481,-2.0352|141.0053|126.8397,-2.0278|142.5651|135.9041,-3.8671|136.3171|118.8358,2.9958|136.1414|120.4828,-21.689|128.9358|125.1073,19.171|144.7569|129.1737,-22.8697|89.2719|129.5538,12.5645|112.4895|157.5985,-6.3905|94.4556|153.3846,7.6978|88.7067|178.5547,-9.391|95.7221|87.9318,14.2862|90.6356|76.9839,-18.3181|65.7654|124.1087,40.6715|53.1811|60.0259,-31.1591|18.9391|114.3583,20.5188|25.3513|22.8749,-28.8828|9.9597|124.6152,26.3706|14.0925|17.3901,11.6537|103.0151|156.2043,-12.4078|37.5612|279.635,-11.9876|34.3917|273.4902,1.2637|65.2286|200.6928,1.0732|65.9545|200.9345,7.6977|88.7075|178.5559
crit,32,1.0667,5.6475|104.8266|88.0913,4.3909|99.6166|86.3695,5.2306|112.9455|89.8336,4.1602|126.4313|99.3294,-2.194|143.0027|127.9512,-2.1686|144.9751|136.8873,-4.1082|137.8801|120.2381,2.7765|137.8224|121.8,-21.9003|131.4411|127.5468,18.9792|147.0285|129.8073,-22.5251|91.4001|132.6401,12.9386|115.0767|159.4367,-6.0802|96.8051|156.8439,8.4892|91.5269|181.2807,-9.3905|95.7086|90.6051,14.1829|90.7755|79.3669,-18.1645|65.1795|126.2649,41.3375|54.4473|61.2151,-31.0912|18.9893|114.1649,23.4696|25.9491|23.4075,-28.7875|10.1769|124.5596,29.3336|14.6851|17.9468,12.7564|106.2742|159.29,-12.8683|38.417|281.0977,-12.4439|35.3781|274.8876,1.6401|67.6457|202.8708,1.6793|67.1758|203.0917,8.4891|91.5277|181.2819
crit,33,1.1,5.4578|103.7586|89.7887,4.2319|98.5454|88.0787,4.9771|111.8683|91.5016,3.6539|125.5349|100.8148,-2.4699|143.8557|128.4017,-2.4928|146.3116|137.1499,-4.4461|138.265|121.0373,2.4509|138.3005|122.5447,-22.3333|133.0305|129.0427,18.7908|147.8266|129.8697,-20.3652|93.0547|135.8836,14.1773|116.1713|160.7447,-3.8329|97.9422|160.351,10.7801|92.8402|183.5068,-9.4533|94.4906|92.4847,14.0171|89.8195|80.9238,-18.2417|63.9029|128.0871,38.0919|52.7362|60.1433,-31.3265|18.285|114.1384,20.8374|25.1729|21.3698,-28.9812|9.501|124.5478,27.2167|14.1224|16.0523,15.5022|108.3281|162.1316,-12.5062|36.4116|281.0515,-12.0251|33.5935|274.7422,3.3899|68.2778|204.135,3.2185|68.0104|205.1728,10.78|92.8409|183.5081
crit,34,1.1333,5.2191|100.9153|90.7168,4.0247|95.7112|88.9849,4.6828|109.0053|92.4447,3.0995|122.7875|101.6488,-3.0237|143.3807|127.5837,-3.2173|146.4966|136.022,-5.0033|137.2022|120.706,1.8889|137.3325|122.2298,-23.2543|133.5554|128.7709,18.5263|146.8001|128.9348,-16.5477|94.7511|138.67,15.55|115.261|161.9597,0.0372|97.8187|163.1672,13.3599|92.0153|186.3065,-9.5657|91.4915|93.5277,13.7988|87.138|81.633,-18.3637|62.3584|130.404,32.2689|49.5561|56.4725,-31.6728|17.219|114.9731,17.7492|21.5647|16.8933,-29.3168|8.4395|125.3839,25.8275|11.3741|12.2052,18.3408|107.6991|165.1259,-10.6231|34.8147|283.225,-10.3168|32.0867|276.8654,5.3934|67.3926|206.6321,5.9256|68.2653|207.0321,13.3598|92.0161|186.3077
crit,35,1.1667,4.9288|96.8725|90.9943,3.7914|91.681|89.2154,4.2965|104.9288|92.7811,2.4195|118.7417|101.9704,-3.8949|141.3926|126.0797,-4.347|145.1226|134.1289,-5.8245|134.6724|119.7148,1.055|134.9241|121.2801,-24.4714|132.4597|127.3854,17.9782|144.1297|127.6251,-12.8537|95.976|140.9024,17.9164|113.5251|162.5031,4.4426|97.8231|164.6376,17.8755|90.9678|188.2153,-9.6583|87.1857|93.9099,13.5718|83.3712|81.575,-18.5343|60.5201|132.7508,27.6509|45.702|53.8371,-31.7335|16.6346|113.6197,14.911|16.9863|14.1639,-29.467|7.6023|123.8322,24.1737|7.5862|10.0497,23.6701|106.5299|167.1287,-9.1044|34.4874|284.7474,-8.9211|31.7846|278.3724,8.6585|66.6748|208.3749,9.3644|67.6408|208.0529,17.8755|90.9686|188.2166
crit,36,1.2,4.6384|92.8296|91.2718,3.7169|87.6727|89.3067,3.628|100.7396|93.4335,1.2688|114.095|103.2284,-5.8679|136.6704|127.1786,-6.6451|140.379|135.0656,-7.543|129.8077|120.8942,-0.6692|130.3866|122.3968,-26.1409|127.1143|128.5297,16.1424|139.5943|129.029,-14.3421|88.3999|131.8025,19.1407|106.1085|155.6455,7.6006|85.8882|151.1531,21.3557|81.4269|175.2667,-9.0793|82.114|94.6452,13.4636|80.3472|80.6798,-17.9185|60.125|136.5623,29.292|42.6265|53.9741,-31.6881|17.2358|115.1429,14.1828|16.5643|13.3129,-29.3496|8.4973|125.5921,23.7653|7.6978|8.7692,27.4125|93.6816|152.1303,-6.0872|40.1145|279.0421,-6.1877|36.5635|273.0956,11.4332|60.6439|198.6941,11.9045|60.1813|198.2811,21.3557|81.4278|175.2679
crit,37,1.2333,4.271|75.6346|68.6206,3.4851|70.6702|66.185,2.9899|83.1884|71.673,0.7901|94.9848|83.3492,-7.8396|113.4134|110.184,-9.3086|115.7601|118.3313,-9.107|107.6397|102.8047,-2.3275|107.9924|104.7427,-27.487|100.9532|108.181,13.3926|115.3452|115.2408,-15.049|62.9034|114.982,24.0902|81.421|134.824,7.8308|62.5038|134.2751,21.9304|62.4822|157.8998,-8.0861|63.7912|72.6599,12.7123|64.5943|56.1337,-12.6087|63.0577|120.8963,34.9182|26.8795|34.4295,-31.757|17.1388|114.2743,12.5209|16.7508|-9.804,-29.4611|8.2633|124.6169,23.1098|7.875|-10.2266,27.5281|69.4218|132.4969,-2.8733|44.8748|268.7734,-3.3678|40.1839|263.7009,12.1359|47.517|185.3953,11.9479|45.8146|186.2085,21.9305|62.4833|157.9008
crit,38,1.2667,4.3635|61.708|33.578,3.4944|57.0093|30.7059,3.1457|68.8116|37.5555,2.2492|78.6051|51.0927,-4.9045|91.2639|81.4699,-6.307|91.9049|89.7819,-6.5979|87.1902|73.1073,0.247|86.9496|74.8195,-24.1664|77.5832|76.3461,15.7915|89.9441|87.5,-10.9075|47.0133|99.5507,18.8687|59.9997|121.2888,6.7824|34.8836|122.8739,21.142|37.9261|146.1929,-6.5624|49.2515|38.5684,11.7762|51.6644|19.4841,-10.4404|53.7595|87.0589,35.4654|14.4793|-1.5557,-32.0929|17.0622|114.361,12.5946|17.0616|-46.6232,-29.7988|8.1879|124.705,22.2315|8.1811|-42.2246,25.8968|39.0671|119.6751,0.6079|45.4482|259.0223,-0.3382|39.8309|255.0813,11.9122|29.6642|176.5167,11.9547|31.4398|175.052,21.1422|37.9274|146.1936
crit,39,1.3,4.2631|65.3509|11.7035,3.1641|60.7024|8.8491,3.3593|72.3085|15.979,4.4073|81.5304|29.8029,3.1764|87.5114|62.9225,3.0597|86.4492|71.1568,-0.0817|85.1506|54.3663,6.9635|84.827|54.6866,-16.7283|74.4325|58.7766,24.4942|82.6574|64.6547,-2.5087|45.2775|91.9153,23.9039|51.7996|107.1469,7.9978|23.728|116.4114,23.4746|29.0519|138.4661,-5.6081|52.7086|17.9204,10.4603|55.4368|-3.0725,-18.4166|34.8006|66.4145,36.8888|14.3544|-2.472,-31.6869|16.2564|116.6511,12.4429|17.2346|-46.6866,-29.8594|7.3827|127.0883,22.0809|8.3536|-42.291,28.724|27.4391|112.1374,1.7282|48.1596|249.7591,0.4294|42.2944|246.3104,13.1577|24.2335|169.2545,14.2754|23.9317|170.7759,23.4749|29.0532|138.4667
crit,40,1.3333,3.5157|72.5464|-4.8421,2.3799|67.6664|-7.2379,2.6681|79.7693|-1.0544,4.6675|90.3025|11.4629,9.1735|95.7673|44.3874,10.2917|94.6249|52.3883,4.5573|93.291|36.5163,11.5462|93.4586|35.532,-10.2372|81.3767|43.6303,30.4121|90.0527|42.1558,2.5333|49.64|80.1506,28.6645|55.7576|92.668,11.898|26.3585|106.9444,27.3817|30.4775|129.8988,-5.6099|59.6999|2.5517,8.9607|62.295|-19.5231,-17.2653|39.4011|55.6299,32.9368|24.3529|-0.2323,-29.3418|18.3807|110.6151,12.5795|17.2707|-46.0171,-28.0953|9.6918|121.2906,22.1824|8.3729|-41.5788,32.8474|28.344|103.7671,5.1562|51.6945|240.8288,3.6548|45.8501|237.4275,16.5066|26.4214|160.7254,18.2745|24.6673|162.4101,27.382|30.4788|129.8994
crit,41,1.3667,2.6483|80.4807|-17.2718,1.5376|75.415|-19.2277,1.7749|87.9243|-13.987,4.6586|99.6287|-3.0634,15.8427|110.7007|26.7111,18.5793|110.9473|34.2518,9.9459|106.4967|20.6324,16.4048|107.3152|17.902,-2.089|94.4755|31.6819,36.5596|106.7933|20.1178,10.6859|57.4751|65.2382,35.4263|65.2964|73.5504,20.098|30.2055|89.9736,34.5957|34.7094|112.934,-5.8687|67.5132|-8.9393,7.5788|69.9256|-31.7359,-17.0275|43.3936|46.842,31.6748|38.2259|-3.432,-28.5898|18.4161|104.6265,12.5631|17.3217|-45.3674,-27.6175|9.837|115.4187,21.8746|8.1097|-40.9493,40.4833|33.7169|86.8927,9.8878|51.3849|224.1877,8.6878|45.5958|220.5785,23.4419|29.2435|143.5018,24.5573|28.3241|143.6305,34.596|34.7107|112.9346
crit,42,1.4,1.6728|88.8535|-24.0647,0.6485|83.6516|-25.6414,0.6864|96.4454|-21.2246,4.1592|109.1301|-12.0265,20.7996|126.0008|11.9041,24.9715|127.6887|18.4059,14.2672|120.2183|8.2589,19.5813|121.3657|3.7549,4.3128|109.0166|21.929,39.4628|123.6704|0.4664,20.2154|71.1678|47.1622,43.132|78.988|50.9679,32.0057|43.1019|65.8775,45.8415|46.0528|88.1924,-6.4048|75.7967|-15.073,6.3894|78.0824|-38.2554,-17.3362|46.1841|37.877,31.7094|46.9741|-10.3667,-28.6626|15.5167|92.7292,12.8322|16.3781|-45.9806,-27.7277|6.8299|103.4383,22.409|7.6253|-41.2101,52.6307|47.9251|62.2952,16.2894|50.0108|199.311,15.8132|44.4757|195.1738,34.485|36.6832|117.607,35.3969|37.4143|120.0868,45.8416|46.0541|88.1932
crit,43,1.4333,0.7468|96.0759|-23.7545,-0.1322|90.777|-25.0254,-0.4355|103.7433|-21.2642,3.2127|117.2018|-13.722,22.5383|139.299|2.7832,27.6097|142.3284|7.8875,16.2777|132.2958|1.7081,20.0317|133.4017|-4.1678,8.5745|121.9473|17.3609,37.8542|137.6891|-12.8497,28.9598|85.7734|31.2194,48.4073|94.1402|32.5012,43.9843|59.1111|41.438,56.1909|62.0411|65.9313,-6.9671|82.9411|-14.3004,5.4817|85.1625|-37.6763,-17.8082|49.608|32.9347,31.88|50.9663|-14.8651,-29.0405|15.0857|81.8679,12.6303|16.3532|-46.364,-28.2851|6.2109|92.436,22.0993|7.3893|-41.7737,64.0831|65.6207|40.0185,22.9042|56.104|175.3411,23.1114|50.8049|170.8851,45.1712|49.4424|93.8298,46.3819|48.7804|94.3216,56.1909|62.0424|65.9322
crit,44,1.4667,-0.0254|100.4367|-21.4299,-0.671|95.0786|-22.5295,-1.5316|108.0844|-19.1195,1.6846|122.0749|-12.7725,20.3048|147.9644|-1.9462,25.5427|151.9849|2.065,15.0979|140.0995|-1.2917,17.396|141.2001|-7.8758,10.7298|129.9737|15.7326,32.2718|147.1981|-20.2908,28.961|92.8255|20.2428,50.0857|107.2167|16.137,53.1176|74.0104|18.2687,63.2202|77.7488|42.9902,-7.3173|87.1974|-11.7196,4.9177|89.4866|-35.2015,-17.7776|52.3827|30.0217,31.8074|53.0136|-16.9463,-28.6145|16.3249|73.2651,12.4284|16.612|-46.2751,-26.5291|7.8047|83.9457,22.1218|7.7338|-41.9973,71.7948|85.5135|17.3293,27.6296|53.7635|148.2485,28.8929|49.1232|143.2634,53.8102|60.3321|67.9009,55.0039|59.2098|68.4537,63.22|77.7499|42.9912
crit,45,1.5,-0.6707|102.4993|-18.7146,-1.0411|97.1047|-19.6962,-2.5589|110.0776|-16.5237,-0.2213|124.4793|-11.0521,15.1719|153.564|-3.8883,20.0192|158.4628|-0.5346,11.4769|145.0204|-2.2299,12.6343|146.1025|-9.1097,11.2248|135.2967|15.5696,24.4448|153.7166|-23.7363,28.6168|99.0771|9.7061,47.7843|117.9599|1.8001,53.0679|93.7741|-6.7225,64.9914|91.607|20.6245,-7.4791|89.1781|-8.7938,4.5758|91.5283|-32.3627,-17.7146|53.4553|28.9459,31.5325|53.7398|-17.1328,-28.3178|16.456|68.0446,12.8361|16.4536|-45.7858,-25.2578|7.5818|78.1886,22.5434|7.7269|-41.2363,69.9609|106.183|-5.5358,42.327|46.9102|120.248,43.4184|43.404|114.3746,59.3725|70.5604|40.6588,59.381|70.5205|40.5634,64.9912|91.6078|20.6257
crit,46,1.5333,-1.1011|103.2986|-16.0318,-1.1468|97.8876|-16.9199,-3.4444|110.7619|-13.9575,-2.4234|125.4381|-9.0853,8.0958|157.0266|-4.0154,12.1633|162.6992|-0.9568,6.1341|148.0386|-1.8327,6.495|149.0387|-8.8121,9.1214|139.1203|16.1389,15.4796|158.0394|-24.6129,29.3655|111.1285|-4.6336,42.8126|125.6917|-9.0503,45.9264|113.5447|-29.1861,62.964|101.8511|2.4219,-7.3554|89.8896|-5.9371,4.6207|92.3485|-29.5351,-18.0332|53.0078|28.864,31.3035|53.1729|-17.7081,-29.0935|14.8076|64.919,12.5964|16.7914|-47.4947,-24.5976|6.2205|74.7711,22.2252|7.9267|-43.0463,64.6806|124.9687|-27.4861,54.8251|42.8693|87.6703,55.7838|40.5387|81.2181,62.1617|81.2053|12.4315,59.7087|82.9553|12.031,62.9641|101.8516|2.4233
crit,47,1.5667,-1.4814|103.694|-13.4096,-1.2048|98.2844|-14.1809,-4.2756|111.0248|-11.5013,-4.6629|125.795|-7.0781,0.8224|158.8292|-3.4939,4.0579|165.0705|-0.623,0.5317|149.72|-0.9769,0.2297|150.5305|-7.9836,6.2102|142.018|16.9081,6.4675|160.3409|-24.6042,23.6958|134.7055|-18.6615,36.4861|130.7706|-17.6859,36.5885|129.3151|-44.8794,58.6176|108.977|-12.5864,-7.249|90.3139|-3.0868,4.7774|92.684|-26.6682,-17.7076|53.22|30.1989,31.7202|53.2717|-16.3078,-28.5401|14.7996|64.6841,13.676|16.8331|-46.4316,-23.06|6.2271|74.0379,23.3642|7.9934|-42.0633,53.5556|143.6926|-45.185,68.2862|42.7784|53.2917,68.1871|41.655|46.4573,60.2651|93.745|-13.9571,58.5643|92.9128|-12.6748,58.6181|108.9772|-12.585
crit,48,1.6,-1.7439|103.503|-10.7688,-1.1837|98.1025|-11.3358,-4.9365|110.721|-9.1606,-6.5781|125.4834|-5.2439,-4.6165|159.0191|-2.8559,-1.9073|165.5691|-0.171,-3.6867|150.018|-0.1149,-4.5976|150.5684|-7.0941,4.1386|143.563|17.4503,-0.7585|160.4781|-24.3701,19.5478|108.2054|5.2877,32.0281|131.694|-24.6518,22.6018|104.8271|-24.1739,56.1933|110.4866|-24.8598,-7.2074|90.4178|-0.031,5.081|92.176|-23.5308,-12.1563|55.718|35.9584,31.9804|52.2305|-15.324,-28.5832|15.2503|64.2543,13.4587|16.9146|-46.4777,-23.4193|6.3454|73.4767,23.029|8.1564|-41.7041,41.5506|154.9779|-55.1364,76.5693|42.9222|24.3331,75.2729|42.7015|17.5322,55.1592|101.7829|-32.7748,56.4022|99.1163|-32.225,56.1942|110.4866|-24.8587
crit,49,1.6333,-1.7686|102.4055|-8.0843,-0.9817|97.0239|-8.3754,-5.2811|109.5303|-6.8724,-7.9732|124.2357|-3.5609,-8.0606|157.8571|-1.6176,-5.5468|164.529|0.9431,-6.2984|148.9753|1.1035,-7.8413|149.3689|-5.7745,3.4239|143.2912|17.9737,-6.1722|159.2699|-23.3979,22.6676|108.4985|9.8559,30.0755|132.2529|-29.9976,27.959|106.2038|-19.4962,56.7885|112.3509|-34.8609,-7.1134|89.9042|3.2371,5.599|90.5091|-20.0945,-8.5984|56.5512|40.0858,32.6002|50.2871|-13.7936,-28.5396|15.1452|63.343,13.0431|16.6233|-46.1215,-23.2951|6.2573|72.5361,22.4767|7.9426|-40.9507,36.856|160.1082|-59.4377,83.7881|42.8213|4.8988,81.603|43.1294|-1.6672,54.1057|105.6205|-43.6754,54.4885|103.2104|-43.3645,56.7896|112.3509|-34.8599
crit,50,1.6667,-1.4398|99.9563|-5.3403,-0.4779|94.608|-5.3461,-5.2013|106.9888|-4.5336,-8.7366|121.5973|-1.814,-10.0906|155.1979|0.0181,-7.6063|161.9309|2.4518,-7.7237|146.4176|2.6065,-9.8679|146.6977|-4.114,3.6472|141.2667|18.5944,-10.1442|156.5365|-21.8488,25.7382|107.4929|14.1187,27.5119|132.4707|-31.6498,32.7821|106.7726|-14.963,55.3505|114.6875|-38.8955,-6.7617|88.2513|6.6225,6.443|87.3662|-16.4251,-5.2826|56.736|44.5654,34.1804|47.3873|-12.0779,-28.1014|15.0971|63.4959,13.0794|16.0471|-45.7435,-22.7076|6.3353|72.7237,22.4966|7.2588|-40.7269,32.107|162.9102|-57.9185,87.7296|43.2458|-6.1063,84.6634|43.8323|-12.2899,51.4988|107.919|-47.2026,51.729|107.1379|-47.7432,55.3517|114.6875|-38.8947
crit,51,1.7,-0.8591|96.5081|-2.5531,0.1405|91.184|-2.331,-4.6923|103.5104|-2.0879,-8.4937|118.0992|0.1517,-9.6598|151.7355|1.345,-7.0121|158.466|3.6259,-7.2253|142.9998|4.02,-9.6258|143.1521|-2.6175,4.7351|138.1273|19.6612,-10.5509|152.6288|-20.5266,30.1508|106.4884|18.3404,26.8202|132.1795|-33.5786,38.002|107.4303|-10.5274,54.8903|116.8277|-43.3836,-6.2853|85.4809|9.8888,7.1957|83.3575|-12.9167,-1.6096|56.1785|48.9686,36.0511|43.9953|-10.7826,-27.4493|15.0311|63.892,13.0073|15.4468|-45.6366,-21.8774|6.2755|73.0192,22.5606|6.3993|-41.3983,22.587|157.3721|-63.9742,100.1641|53.412|-6.7723,98.1454|53.6596|-13.394,54.6187|109.0194|-51.6907,55.1916|110.5866|-53.0593,54.8913|116.8279|-43.3826
crit,52,1.7333,-0.2324|92.9377|0.2553,0.5714|87.6013|0.6246,-3.8649|100.0389|0.3414,-7.1234|114.7954|2.0204,-5.8911|148.417|0.5175,-2.8633|155.0895|2.4993,-4.2744|139.7853|4.0212,-6.2412|139.5545|-2.7553,5.1363|136.4031|21.6688,-7.3257|144.8208|-22.3127,36.1287|110.2066|23.0651,27.1754|123.2876|-36.1578,42.9176|109.4692|-6.0768,53.6375|106.7751|-46.784,-6.5109|82.1372|12.5881,8.1133|79.5617|-9.4537,0.9602|55.4815|52.8415,39.3136|42.0148|-11.2819,-28.5355|15.829|63.7312,13.4316|15.5511|-45.7875,-22.9258|6.9848|72.7492,22.7718|6.6406|-40.8431,11.8479|142.1296|-29.9683,117.4872|56.138|-69.2582,110.8337|55.2773|-70.9822,46.8444|99.781|-52.2558,44.9124|101.4062|-51.8716,53.6389|106.775|-46.7837
crit,53,1.7667,0.2807|89.914|3.1171,0.7377|84.5552|3.5643,-2.9485|97.179|2.7893,-5.1338|112.1434|3.9157,0.0071|145.0731|-0.9212,3.5402|151.5863|0.7607,0.2281|136.7968|3.645,-0.9413|135.9642|-3.2674,4.8298|136.8658|23.4,-3.4179|134.2578|-23.3262,41.3227|119.4465|27.0868,25.9712|109.6595|-39.3752,46.6425|112.9896|-1.6515,48.8449|90.5117|-51.8755,-7.4244|79.0969|14.8216,9.035|76.4925|-5.882,1.7871|55.0087|56.1148,42.7284|41.9886|-13.6812,-31.1847|17.5732|63.509,12.8566|17.4748|-46.355,-25.1307|8.6866|72.1918,22.6022|8.6157|-42.1571,22.7405|118.3566|-7.6991,86.584|52.1503|-115.5836,83.4325|48.9721|-110.297,45.8114|80.1969|-46.77,44.0903|79.9438|-46.3693,48.8462|90.5121|-51.876
crit,54,1.8,0.7829|86.9865|6.165,0.9416|81.6262|6.6493,-2.0655|94.371|5.5661,-3.3677|109.4231|6.3025,4.861|141.283|-0.8689,8.8|147.6278|0.5731,4.0111|133.4758|4.3963,3.3675|132.0907|-2.4964,5.7754|136.3592|24.3966,-0.0215|126.5384|-21.708,43.9193|123.7727|30.3454,25.9873|100.5252|-39.3895,50.9047|113.8961|2.9677,46.1803|80.3242|-53.1271,-7.8761|76.2887|17.4612,9.5279|73.4349|-2.4207,2.8509|54.0083|59.2605,44.3314|41.2744|-14.2959,-32.4003|18.4127|63.8571,12.785|17.8775|-46.2058,-26.1206|9.482|72.3319,22.4867|9.0286|-41.8863,57.9039|101.8463|-0.2611,27.7703|49.015|-128.3203,31.6068|45.8158|-123.5215,52.2023|69.9316|-49.8991,52.0938|68.0988|-49.6694,46.1807|80.3251|-53.1281
crit,55,1.8333,1.1903|84.6272|8.991,1.105|79.2771|9.4713,-1.334|92.1004|8.3065,-1.8689|107.1725|8.7865,8.3525|138.0333|-0.0071,12.6064|144.2322|1.198,6.8667|130.6407|5.6973,6.4347|128.8425|-1.116,7.9493|134.065|25.6608,3.5485|122.2261|-20.071,45.4994|120.7325|33.4712,18.3449|91.5937|-42.1484,54.9523|109.4617|7.4042,44.9371|76.4729|-47.5439,-7.8658|74.1213|20.2454,9.4242|70.9031|0.3196,4.383|52.3896|61.8278,44.323|39.6141|-13.4526,-31.6613|17.5053|64.4546,12.9407|16.9398|-46.0387,-25.1946|8.601|72.8157,22.5489|8.0501|-41.596,72.959|90.5721|1.9012,4.4127|55.7755|-117.2159,9.4221|51.9953|-114.2837,51.7794|65.8573|-47.6527,51.4885|65.337|-48.4752,44.9372|76.474|-47.5449
crit,56,1.8667,1.3935|83.4476|11.2091,1.0605|78.1157|11.6464,-0.7956|91.0031|10.5013,-0.5719|106.0518|10.8253,11.3289|136.0359|1.1546,15.8603|142.0692|2.2355,9.3132|128.965|7.0991,9.0398|126.8982|0.3541,9.7764|132.1866|27.1202,6.5248|119.6107|-18.4067,45.7993|115.363|35.3712,11.2524|86.5394|-41.3794,57.7598|101.1384|11.9088,39.465|75.2015|-38.925,-8.1387|73.1836|22.3323,9.0865|69.535|2.4246,4.6042|51.4375|63.7152,43.6293|38.3878|-12.5169,-31.6464|16.7359|64.6505,12.5952|16.0901|-45.6911,-25.1141|7.8795|73.0116,22.0674|7.0704|-41.2181,75.9733|84.4036|6.0686,-12.6274|61.4386|-102.1942,-7.3141|57.3345|-100.4891,46.0319|64.5388|-41.0896,45.9194|64.1504|-41.9456,39.465|75.2027|-38.926
crit,57,1.9,1.4376|83.3015|13.063,0.8824|77.9948|13.4287,-0.4471|90.9208|12.3821,0.4551|105.912|12.642,13.7165|135.1269|2.4037,18.5|140.9919|3.3839,11.2913|128.318|8.4992,11.1012|126.0611|1.8125,11.2945|130.979|28.6079,8.7613|118.3121|-16.7853,45.8193|111.0341|36.2894,6.2226|84.1442|-38.5748,60.2276|94.1849|16.1803,33.5509|74.6456|-30.3547,-8.5335|73.252|24.0111,8.6212|69.2578|4.1088,4.6304|51.3131|65.1539,42.6958|38.0787|-11.8096,-31.6843|16.6769|64.6811,12.2395|15.8477|-45.5591,-25.1366|7.8445|73.0554,21.6585|6.7607|-41.1104,73.0855|81.8118|12.3529,-22.9189|63.7521|-90.3861,-17.5608|59.5284|-89.189,39.7606|63.9902|-33.3289,40.4289|63.7773|-34.676,33.5508|74.6468|-30.3556
crit,58,1.9333,1.3816|83.6389|14.5498,0.6932|78.3546|14.8308,-0.3244|91.2854|13.9302,1.0034|106.2136|14.192,15.067|135.0807|4.0381,20.0382|140.8029|5.0069,12.418|128.3438|10.1204,12.2396|126.0796|3.4358,12.2476|130.5492|30.2833,9.8971|118.3546|-15.1716,45.7789|108.5775|36.7376,4.2981|83.89|-35.865,61.693|90.1692|19.3092,30.6834|74.6193|-25.5067,-8.8317|73.6586|25.3362,8.2357|69.5939|5.3732,4.6381|51.4043|66.2346,42.1651|38.7729|-11.5227,-31.9184|17.0218|64.7191,12.5269|16.1966|-45.7676,-25.4296|8.1564|73.1044,22.0637|7.2109|-41.3642,70.6243|81.2648|16.8133,-26.5995|64.4551|-84.987,-21.2376|60.2078|-83.8945,36.734|63.979|-28.6581,37.6583|63.4882|-30.1298,30.6833|74.6205|-25.5075
crit,59,1.9667,1.2737|83.9198|15.5878,0.4963|78.6558|15.7823,-0.3168|91.5768|15.0385,1.3079|106.4464|15.3142,15.889|135.1456|5.4175,21.0085|140.7499|6.3897,13.1015|128.4131|11.4425,12.9178|126.1961|4.7423,12.8575|130.3471|31.6326,10.5379|118.6326|-13.9266,46.2138|107.9762|37.6044,4.8815|83.9246|-34.1482,62.9158|89.2456|21.2925,30.9642|74.3453|-23.7034,-9.0976|73.9517|26.2211,7.9049|69.9208|6.196,4.6959|51.4561|66.9276,41.8015|39.4454|-11.3789,-31.9684|17.1628|64.7399,12.8427|16.5409|-45.9854,-25.5041|8.2751|73.1204,22.4734|7.6606|-41.5725,70.6364|81.2587|18.8073,-25.9869|63.8005|-83.4544,-20.6197|59.5719|-82.3166,37.0402|63.709|-26.781,37.2588|63.1658|-28.0618,30.9641|74.3466|-23.7043
crit,60,2.0,1.142|84.0003|16.2731,0.2938|78.7565|16.3863,-0.3589|91.6602|15.7875,1.5059|106.4748|16.0643,16.4767|135.0685|6.4483,21.7251|140.5698|7.4194,13.5863|128.3224|12.4093,13.3955|126.163|5.6905,13.3006|130.0932|32.6138,10.9783|118.7837|-13.0472,46.5235|107.438|38.2474,5.479|83.8583|-32.9169,63.6352|88.4525|22.6713,31.4172|73.9918|-22.5366,-9.3645|74.0405|26.7601,7.6072|70.0509|6.7007,4.7384|51.4227|67.3583,41.496|39.7663|-11.2159,-31.9028|17.0496|64.7655,13.0001|16.6343|-46.0544,-25.4273|8.1618|73.1374,22.6501|7.7657|-41.6602,71.1047|80.9795|19.9476,-25.5548|63.3417|-82.2489,-20.1839|59.1183|-81.1094,37.4999|63.357|-25.6062,37.5954|63.1004|-26.8395,31.4171|73.993|-22.5375
crit,61,2.0333,0.9867|84.094|16.7873,0.0727|78.8716|16.8202,-0.4317|91.7541|16.3653,1.6534|106.5148|16.6435,16.9644|135.0328|7.3432,22.3352|140.4337|8.3144,13.9869|128.2599|13.2305,13.7839|126.1708|6.4899,13.6846|129.8646|33.4486,11.3175|119.0092|-12.3257,46.8008|106.9686|38.7257,6.0181|83.8974|-31.922,64.1991|87.7897|23.7144,31.8925|73.8295|-21.5523,-9.6525|74.1487|27.1281,7.3013|70.1933|7.0467,4.7161|51.4323|67.6533,41.168|40.0063|-11.0749,-31.8877|16.9464|64.7816,13.0604|16.6787|-46.0979,-25.4059|8.0583|73.1483,22.715|7.8049|-41.7245,71.609|80.7854|20.91,-25.1238|63.2293|-81.2312,-19.7716|58.9861|-80.077,37.9282|63.1574|-24.5855,38.09|63.1274|-25.8116,31.8924|73.8307|-21.5532
crit,62,2.0667,0.8142|84.1973|17.1772,-0.1616|78.9975|17.1307,-0.5269|91.8555|16.8186,1.7632|106.5633|17.0995,17.3793|135.0245|8.139,22.8665|140.3278|9.1134,14.3257|128.2163|13.946,14.1077|126.2065|7.1817,14.0169|129.5784|34.1818,11.5856|119.2862|-11.7166,47.148|106.6151|39.0573,6.5694|84.0222|-31.1306,64.764|87.4276|24.3131,32.4546|73.7874|-20.8028,-9.9556|74.2718|27.3721,6.9893|70.345|7.2775,4.6479|51.4766|67.847,40.823|40.1857|-10.9517,-31.9032|16.8528|64.7885,13.0458|16.6827|-46.1208,-25.4178|7.9648|73.1526,22.6979|7.8006|-41.7585,72.2271|80.6841|21.6168,-24.6427|63.2736|-80.4195,-19.3012|59.017|-79.265,38.4584|63.0953|-23.8287,38.6982|63.1867|-24.9117,32.4545|73.7886|-20.8037
crit,63,2.1,0.6311|84.3066|17.4893,-0.4042|79.1307|17.3644,-0.6363|91.9614|17.1942,1.848|106.6167|17.4803,17.7487|135.0293|8.8726,23.3466|140.2366|9.8554,14.6249|128.1816|14.5952,14.3909|126.2562|7.807,14.3167|129.2927|34.8464,11.8114|119.5908|-11.175,47.4953|106.3187|39.3348,7.1838|84.2076|-30.4939,65.2626|87.173|24.7186,33.1368|73.8561|-20.236,-10.2678|74.4054|27.5389,6.6737|70.5034|7.4366,4.5514|51.5476|67.9734,40.4666|40.3271|-10.8401,-31.9299|16.7702|64.7855,12.9822|16.6602|-46.1291,-25.4419|7.8832|73.1485,22.6285|7.7725|-41.7654,72.9688|80.6955|22.1371,-24.0443|63.4233|-79.7865,-18.7026|59.1639|-78.6437,39.1331|63.1653|-23.2812,39.3801|63.2669|-24.0948,33.1368|73.8573|-20.2368
crit,64,2.1333,0.4436|84.4183|17.7703,-0.6498|79.2677|17.5678,-0.7516|92.0685|17.5389,1.9209|106.6709|17.8339,18.0994|135.0317|9.5807,23.8026|140.1438|10.579,14.9068|128.145|15.2179,14.6577|126.3051|8.4066,14.6|129.0166|35.4808,12.0236|119.8976|-10.6566,47.828|106.0471|39.611,7.8559|84.4148|-29.9239,65.7044|86.9483|25.0667,33.8999|73.9846|-19.7481,-10.5832|74.545|27.6754,6.3569|70.6661|7.5676,4.4438|51.6373|68.0664,40.1056|40.4549|-10.7333,-31.9492|16.7012|64.7705,12.8986|16.6285|-46.1297,-25.4581|7.8162|73.1333,22.5391|7.74|-41.755,73.7813|80.7822|22.585,-23.3497|63.609|-79.2426,-18.0011|59.3538|-78.1165,39.9055|63.3081|-22.8248,40.0953|63.3567|-23.3155,33.8998|73.9858|-19.7489
crit,65,2.1667,0.2583|84.5288|18.0669,-0.8933|79.4051|17.7876,-0.8646|92.1737|17.8994,1.9948|106.7211|18.2085,18.458|135.0161|10.2996,24.2616|140.0322|11.3228,15.1933|128.0956|15.8534,14.9316|126.3382|9.0208,14.8806|128.7428|36.1246,12.25|120.1806|-10.118,48.1514|105.7788|39.9288,8.568|84.6016|-29.3276,66.1244|86.7186|25.4528,34.6894|74.112|-19.2296,-10.8961|74.6861|27.8282,6.0419|70.8311|7.714,4.3411|51.7379|68.1597,39.7476|40.5942|-10.6234,-31.9434|16.6487|64.7408,12.827|16.6076|-46.1304,-25.4471|7.7672|73.1032,22.4645|7.723|-41.7411,74.6014|80.8911|23.0777,-22.6018|63.7604|-78.6883,-17.2446|59.5122|-77.5764,40.7105|63.4524|-22.3346,40.8039|63.4445|-22.5287,34.6893|74.1132|-19.2304
attack1_toidle,0,0.0,-5.1263|94.9574|-16.2254,-4.6767|90.1173|-18.0764,-5.9219|102.5605|-15.67,-9.9172|116.9002|-12.7542,-18.7922|149.3435|-11.043,-21.0633|154.8922|-6.2987,-22.0241|139.6251|-15.06,-15.973|140.887|-8.2458,-36.6346|132.4026|-27.1337,-11.4905|138.6215|11.4057,-49.4601|96.4809|-41.0613,-7.7088|104.9015|33.7106,-65.7592|71.6216|-37.5718,-31.1338|86.8853|38.4572,-16.8273|85.2736|-25.2919,7.5978|82.0607|-15.3215,-53.9376|60.8167|-45.5736,17.3106|54.0484|23.5068,-45.7966|15.2913|-66.1202,47.0529|13.6107|29.9251,-54.8755|6.4137|-60.6601,42.2536|4.7341|39.3711,17.2042|97.218|85.3909,-81.9872|71.939|-12.6941,-80.1316|67.5047|-7.7108,-25.3517|75.534|50.264,-25.3557|75.5273|50.2547,-31.1338|86.8853|38.4572
attack1_toidle,1,0.0333,-4.8928|95.1843|-15.4502,-4.4776|90.346|-17.3216,-5.6096|102.7933|-14.8054,-9.4888|117.1468|-11.7706,-18.618|149.3447|-9.9095,-20.6339|155.1473|-5.2758,-21.6255|139.8382|-14.1756,-15.571|141.1494|-7.3738,-36.2238|132.4361|-26.155,-9.6955|139.7099|11.9863,-49.0848|96.5816|-40.2224,-4.6765|106.408|34.6721,-65.0095|71.5009|-36.5911,-27.6623|88.0888|40.3206,-16.6921|85.5327|-24.4489,7.7998|82.2616|-14.6632,-53.5688|60.1279|-43.9775,17.2799|54.1226|24.131,-45.7934|15.2922|-66.1202,47.0498|13.6117|29.9294,-54.8721|6.4138|-60.661,42.2494|4.7351|39.3748,21.5355|98.1579|86.4106,-79.4152|73.4499|-10.0108,-77.4103|68.9537|-5.1421,-21.5181|76.6059|51.8131,-21.5133|76.6049|51.8086,-27.6623|88.0888|40.3206
attack1_toidle,2,0.0667,-5.7523|94.4299|-11.0525,-5.3668|89.3958|-12.9815,-6.0473|102.3725|-10.8447,-9.0537|117.5732|-8.4065,-18.7036|148.9981|-5.4423,-20.1487|155.4003|-1.7091,-20.4729|140.4512|-10.1905,-14.9474|141.6285|-3.9734,-35.2175|132.9992|-21.958,-5.5163|141.7565|13.9834,-48.2306|97.3538|-36.4115,2.872|109.6428|37.3755,-63.1571|71.7074|-32.5021,-18.7864|90.6108|45.4095,-17.7899|84.2413|-19.4821,7.3426|81.7481|-11.2081,-57.1267|57.3321|-30.214,16.4474|53.8589|27.8554,-43.967|15.4623|-55.408,47.0543|13.6104|29.9243,-52.4614|6.5848|-49.0767,42.2554|4.7336|39.3703,32.8277|100.1459|88.8971,-73.0858|76.6173|-2.3575,-70.6714|71.9792|2.1811,-11.6557|78.8351|56.0006,-11.6639|78.8306|55.9913,-18.7864|90.6108|45.4095
attack1_toidle,3,0.1,-7.2087|93.3325|-4.5794,-6.8596|87.8584|-6.5959,-6.8884|101.8657|-5.2781,-8.5171|118.5712|-4.0748,-18.7666|148.9539|0.5887,-19.5419|155.7667|2.5623,-18.5717|141.7838|-4.6652,-14.0737|142.7114|0.5124,-33.6022|134.4066|-16.1137,-1.1309|144.2633|16.0521,-46.9183|99.1044|-31.1227,12.1099|113.9768|39.6372,-60.3922|72.6938|-27.0291,-7.2778|94.1724|50.9397,-19.4801|82.0564|-12.0934,6.4407|81.0628|-6.3103,-55.4615|52.0495|1.7479,15.6249|53.1772|32.7372,-39.5947|15.8672|-29.8763,47.0424|13.6038|29.9269,-46.373|6.9898|-21.734,42.2414|4.7268|39.3716,47.8999|103.4125|89.8773,-65.3739|80.6139|7.7316,-62.363|75.8325|11.7332,1.2721|82.1285|60.0791,1.2769|82.1215|60.0693,-7.2778|94.1724|50.9396
attack1_toidle,4,0.1333,-7.6937|94.1908|1.2968,-7.381|88.4839|-0.8103,-7.2052|103.0445|0.3049,-8.2376|120.5058|1.1593,-18.39|150.4768|6.8154,-18.7944|157.324|7.7377,-17.2973|143.9554|1.2931,-13.3212|144.7887|5.8844,-32.7357|136.8246|-9.762,1.4195|147.1144|19.6216,-46.4933|101.9813|-25.4308,20.2148|119.0218|42.1247,-58.2546|74.7466|-21.4603,4.0179|98.6464|56.9013,-20.1252|82.3125|-5.5707,6.1438|82.1827|-1.5409,-40.8742|56.6798|30.4725,15.7225|52.8338|36.3214,-34.3776|16.3504|0.6005,47.0474|13.6059|29.9236,-38.6227|7.473|10.3072,42.2478|4.7291|39.3692,63.2864|108.3237|89.1456,-58.5055|84.7715|20.5113,-54.8056|79.918|23.7814,14.1742|86.526|64.0867,14.1807|86.5258|64.0812,4.0178|98.6464|56.9013
attack1_toidle,5,0.1667,-7.2762|96.9975|6.3306,-6.9212|91.3978|4.1469,-7.1347|105.8059|5.7687,-8.4796|123.0549|7.3283,-17.7233|153.248|13.3496,-17.9344|160.1014|14.2901,-16.9624|146.6658|7.7825,-12.7875|147.5635|12.2234,-32.9972|140.0104|-2.7054,2.6709|150.1292|25.1023,-47.2295|105.6635|-19.0325,26.8019|124.1754|44.9252,-57.226|77.6692|-15.5382,14.4589|103.5033|62.706,-19.7396|85.0891|-0.2178,6.6372|85.2263|3.0323,-28.5712|64.3979|43.1474,15.3994|53.7966|39.3925,-30.0083|16.7577|26.1373,46.6378|15.2129|29.5705,-31.8646|7.8799|36.5674,42.211|5.8258|38.6996,77.464|114.5231|86.2651,-52.2083|88.3481|35.2884,-47.8475|83.5268|37.6713,26.105|91.5629|67.552,26.1113|91.5573|67.5423,14.4589|103.5033|62.706
attack1_toidle,6,0.2,-6.8535|100.2083|11.5385,-6.3899|94.7856|9.3094,-7.2469|108.8329|11.4619,-9.0918|125.5984|13.8334,-17.0266|156.0401|20.4415,-16.966|162.8914|21.4185,-16.7564|149.4159|14.8093,-12.211|150.4028|18.9761,-33.579|143.4459|5.1778,4.1051|153.0428|30.733,-48.2465|109.5688|-11.7352,32.5336|128.7067|46.4945,-56.6897|80.9885|-8.9606,24.205|107.8725|66.3041,-19.2037|88.183|5.3881,7.2517|88.8806|7.8269,-24.1781|65.9868|48.6229,13.7449|55.9286|43.3046,-28.1741|16.9305|36.8537,45.4461|19.3498|28.5383,-28.9896|8.054|47.4174,42.0944|8.7619|36.7673,89.7728|120.7561|79.7571,-45.4526|90.8528|49.45,-40.5791|86.1403|50.8572,36.9344|96.2825|68.6106,36.9423|96.2717|68.5953,24.205|107.8725|66.3041
attack1_toidle,7,0.2333,-6.4033|103.7127|16.4266,-5.8084|98.5032|14.1835,-7.4374|112.0228|16.8338,-9.8396|128.0933|20.0305,-15.9595|158.7777|27.4025,-15.5475|165.6165|28.3811,-16.4591|152.1198|21.749,-11.3282|153.2388|25.3867,-34.3773|146.9502|13.7727,6.1812|155.8344|35.2907,-49.4345|113.4615|-3.5657,37.6498|132.3776|45.7,-56.8227|84.532|-1.4856,33.2061|111.1405|66.3176,-18.5582|91.5129|10.7572,7.9331|92.944|12.3323,-24.1029|65.1843|51.5337,11.8968|58.9073|47.1526,-28.1715|16.927|36.8475,43.5538|25.0161|26.8983,-28.9873|8.0501|47.4109,41.8589|13.0969|33.6889,99.819|125.5734|67.0338,-37.9938|92.5693|62.9117,-32.8285|87.9638|63.132,46.4082|99.8777|65.5819,46.4092|99.8693|65.5731,33.2061|111.1405|66.3176
attack1_toidle,8,0.2667,-5.9125|107.4036|20.507,-5.1975|102.4067|18.2758,-7.6005|115.3053|21.3553,-10.5|130.5753|25.2814,-14.3517|161.4792|33.2464,-13.543|168.2967|34.121,-15.8729|154.7829|27.7407,-10.041|156.0968|30.5297,-34.9441|150.435|22.3749,8.7694|158.5798|37.6999,-50.1991|117.1562|4.8064,41.8641|135.4162|41.8279,-57.0216|88.0606|6.4559,40.9752|113.5458|62.2421,-17.8474|94.9985|15.4019,8.6292|97.2118|16.0404,-23.9558|64.6402|53.1871,10.8323|62.6205|50.4679,-28.176|16.9297|36.8502,40.9918|31.1773|24.7242,-28.9923|8.0526|47.4134,41.2161|18.2649|29.651,105.4889|129.6154|47.214,-28.5717|93.3043|75.6375,-23.4305|88.8251|74.4353,53.7896|102.6433|57.9277,53.7894|102.6378|57.921,40.9752|113.5458|62.2421
attack1_toidle,9,0.3,-5.3772|111.1728|23.2939,-4.5775|106.3519|21.0931,-7.6255|118.6459|24.5062,-10.8875|133.1557|28.9736,-12.4277|164.2536|36.9657,-11.264|171.046|37.6044,-14.9954|157.4984|31.8456,-8.5445|159.0974|33.5878,-34.8265|153.893|29.579,11.1997|161.4454|37.5955,-50.2307|120.742|11.8996,44.2923|138.0021|35.562,-56.864|91.5914|13.3389,46.286|115.6284|55.343,-17.1199|98.5584|18.8322,9.2929|101.4791|18.4419,-23.7071|64.5733|53.3036,11.2744|66.9062|52.9012,-28.1808|16.9284|36.8431,37.8586|36.836|22.0781,-28.9983|8.0508|47.4058,39.8048|23.4636|24.9843,104.0843|133.9086|24.1773,-16.6784|93.0348|86.1803,-11.9117|88.7351|83.5857,57.8124|105.1869|47.6096,57.8086|105.1839|47.5988,46.286|115.6284|55.343
attack1_toidle,10,0.3333,-4.7944|114.907|24.3013,-3.9703|110.1946|22.142,-7.4296|122.032|25.7749,-10.8542|135.9984|30.5031,-10.1273|167.3349|37.6321,-8.699|174.1039|37.826,-13.763|160.4566|33.2827,-6.8467|162.449|33.6697,-33.7639|157.4917|34.8892,13.3191|164.6254|33.7859,-49.3337|124.4355|17.1774,44.9152|140.0837|26.8404,-56.0317|95.2969|18.5576,49.0068|117.7549|46.3475,-16.4318|102.1094|20.5603,9.8783|105.5377|19.029,-23.3409|65.0766|51.6649,13.4682|71.3781|53.7694,-28.1776|16.9293|36.8513,34.2027|40.9761|19.0304,-28.9934|8.0527|47.4149,37.2709|27.5483|20.1851,95.8276|138.2834|1.2642,-2.6605|92.6607|92.4636,1.4951|88.5538|88.7481,58.6829|107.754|35.9532,58.6809|107.746|35.9444,49.0068|117.7549|46.3475
attack1_toidle,11,0.3667,-4.1609|118.4856|24.1889,-3.396|113.7911|22.0845,-6.9206|125.4624|25.7778,-10.2992|139.2621|30.4252,-8.0931|170.8685|35.8563,-6.6219|177.6201|35.4698,-12.521|163.7678|32.5781,-5.4279|166.3301|31.5262,-31.8662|161.2291|38.1212,14.3891|168.3578|27.7072,-47.667|128.3004|20.3764,43.476|141.6291|18.3063,-54.5515|99.2036|21.7203,49.129|120.4646|38.7012,-15.8407|105.5697|21.2493,10.3399|109.1807|18.4473,-22.9258|65.8275|48.7634,17.099|74.7698|52.46,-28.173|16.9261|36.8419,30.0944|42.5819|15.6354,-28.9891|8.049|47.4051,33.5359|29.1965|15.8343,82.7651|142.1948|-16.4578,11.4044|93.8737|96.1094,14.9552|89.9118|91.6782,57.0439|110.7165|26.7006,57.0365|110.7096|26.6954,49.129|120.4646|38.7012
attack1_toidle,12,0.4,-3.382|122.2638|23.7278,-2.9219|117.4075|21.8148,-5.7352|129.5107|24.9798,-8.4656|143.8684|28.7479,-6.1182|175.783|31.7944,-4.8641|182.5111|30.7665,-10.8503|168.3181|29.6806,-3.5214|173.5771|27.6535,-29.0499|166.0981|38.3555,15.4366|175.5722|20.7236,-47.125|131.352|27.6394,41.3344|144.6564|15.9944,-53.8267|102.8725|33.9506,49.5569|130.3128|40.9443,-15.528|109.4187|22.468,10.3478|112.3607|17.1667,-22.576|66.5798|44.8691,23.3286|72.0637|41.5453,-28.1786|16.9284|36.8474,23.3068|38.3368|3.8161,-28.9955|8.0519|47.4111,25.8421|24.7869|4.8294,71.0854|151.6355|-20.1128,25.2709|103.7473|105.2123,28.9234|100.0308|100.6531,57.6045|120.9029|28.7633,57.5998|120.8948|28.7579,49.5569|130.3128|40.9443
attack1_toidle,13,0.4333,-2.5484|124.4643|22.8781,-2.4256|119.3112|21.1868,-4.4159|132.2093|23.406,-6.411|147.5735|25.8269,-4.3|179.6135|27.3478,-3.2846|186.3101|25.9257,-9.1095|171.8752|26.0675,-1.472|181.3327|23.2333,-26.1728|170.0762|36.8848,16.569|183.2915|14.1728,-45.8241|134.5498|37.6169,42.2415|151.8596|15.5151,-51.0992|108.3869|51.1632,55.6496|146.8039|41.7927,-15.0931|111.7009|23.3727,10.1821|113.7503|15.4177,-22.182|66.9495|41.6407,26.2038|68.1953|22.8143,-28.1809|16.9292|36.8461,18.6921|30.8884|-10.5439,-28.9975|8.0516|47.4088,21.5008|17.8156|-7.0414,66.4799|165.0367|-22.9867,43.6829|123.2562|110.5548,47.7622|119.973|106.0249,64.7677|138.134|29.8187,64.7678|138.1292|29.8168,55.6495|146.8039|41.7927
attack1_toidle,14,0.4667,-1.7231|124.1147|21.413,-1.7212|118.5529|19.7634,-3.4696|132.4578|21.2657,-5.1909|149.0924|22.6804,-2.6119|181.0966|24.2318,-1.6114|187.7897|22.7829,-7.5894|173.2905|23.2249,0.579|187.4593|20.0498,-23.9024|171.9939|35.2088,18.0236|189.2679|9.8605,-43.6761|137.4024|43.0362,43.2364|157.447|10.6308,-47.8554|113.6483|60.7592,60.5231|154.8122|34.9223,-14.3789|111.0717|22.4047,10.5815|112.889|13.4606,-21.8599|66.8897|41.8634,27.0996|67.5455|5.8593,-28.1849|16.9309|36.8517,26.9183|22.3055|-16.8191,-29.0016|8.054|47.415,33.0928|11.3428|-11.0966,61.9349|169.0533|-31.7208,59.4778|135.5135|106.0025,63.7984|132.7694|101.3396,70.3224|147.2171|22.7579,70.3194|147.2093|22.7545,60.5231|154.8122|34.9223
attack1_toidle,15,0.5,-0.7872|122.9828|19.5682,-0.8874|117.0364|17.8627,-2.485|131.8936|19.074,-4.0431|149.7085|19.9891,-1.0596|181.6747|21.5971,-0.058|188.366|20.1404,-6.1661|173.8128|20.7831,2.366|190.9067|17.3529,-21.8654|172.9991|33.6002,19.3324|192.5994|6.3673,-41.9082|140.2305|46.7663,43.8488|160.2375|5.6553,-45.5666|118.9753|67.5185,63.8787|158.2874|27.8104,-13.5422|109.6433|20.7542,11.1602|111.3537|11.101,-21.5103|66.7469|42.733,22.947|64.9755|-3.5838,-28.1789|16.9281|36.8491,35.1624|16.9354|-18.7975,-28.9946|8.0511|47.4124,43.9558|8.0603|-12.8847,56.1199|165.7656|-39.4947,73.3221|146.3549|99.8823,77.5675|143.9022|94.9935,73.588|151.2188|15.2625,73.5883|151.2101|15.2626,63.8787|158.2874|27.8104
attack1_toidle,16,0.5333,0.291|121.2406|17.6397,-0.0465|115.0261|15.7997,-1.2496|130.6321|17.1889,-2.5138|149.3676|18.1307,0.3558|181.3459|19.7049,1.2748|188.045|18.2297,-4.7377|173.3794|19.0432,3.0137|189.4489|15.3438,-19.9683|172.8062|32.4264,17.3893|188.2883|1.0818,-41.896|143.2099|49.5164,42.9595|156.9444|-2.464,-46.4558|124.643|72.5447,65.9161|153.8432|16.4891,-12.6617|107.8253|19.2875,11.4393|109.2664|8.1799,-21.1522|66.5339|43.9774,26.8618|64.2494|-2.8782,-28.1777|16.9275|36.846,35.155|16.9343|-18.7999,-28.9938|8.0504|47.4091,43.9466|8.0576|-12.8868,48.8485|151.1837|-49.4481,85.7247|152.9185|87.4306,89.5424|150.189|82.3399,74.6255|145.9711|3.6882,74.6242|145.9648|3.6856,65.9161|153.8432|16.4892
attack1_toidle,17,0.5667,1.5847|119.6421|15.8504,1.0293|113.2451|13.9472,0.1639|129.3576|15.3847,-0.9235|148.7215|16.2559,1.5232|180.7386|17.7552,2.3158|187.4489|16.2582,-3.4702|172.6699|17.2047,3.2454|186.2829|13.2906,-18.3942|172.1328|30.9303,14.3086|182.3647|-3.252,-42.3047|145.1828|49.6606,40.0874|151.6154|-9.4798,-47.1181|128.6838|74.1645,64.8356|144.3701|5.7149,-11.5185|106.229|18.0077,11.9716|107.3912|5.6311,-20.6261|66.3437|44.7074,33.6255|63.9958|-0.252,-28.1754|16.9258|36.8414,35.1635|16.9323|-18.7902,-28.9909|8.0483|47.4043,43.9558|8.0571|-12.8759,41.4386|129.8088|-56.6281,91.6165|156.3493|73.2812,95.0291|152.8812|68.3551,72.5771|134.6321|-6.4063,72.5727|134.6169|-6.4044,64.8356|144.3701|5.715
attack1_toidle,18,0.6,3.3889|118.7702|14.4543,2.7221|112.2505|12.653,2.0408|128.6269|13.7361,0.9503|148.3041|14.1351,2.5134|180.3944|15.181,3.0993|187.1034|13.5857,-2.2573|172.1826|14.798,3.8003|182.2152|10.6167,-17.1126|171.5014|28.5916,14.7732|178.3838|-6.0062,-42.8967|144.5033|44.564,39.3147|146.7402|-12.7325,-44.5543|128.2547|69.6451,63.5514|133.8743|-0.7785,-9.7429|105.3624|17.1631,13.3594|106.2438|4.0548,-19.7509|66.2163|44.6235,37.0097|63.6358|0.6085,-28.1828|16.9283|36.8392,35.1625|16.9338|-18.7956,-28.9993|8.0507|47.4019,43.9534|8.0567|-12.882,36.8461|105.173|-56.5384,93.9458|161.2773|60.4683,97.1071|156.7289|56.314,70.6852|121.5154|-10.6807,70.6804|121.5081|-10.6823,63.5514|133.8743|-0.7785
attack1_toidle,19,0.6333,5.6872|118.0305|13.1437,4.9319|111.4378|11.5167,4.4705|127.9255|12.0854,3.3907|147.7138|11.8028,3.6447|179.8575|12.0126,3.948|186.541|10.2417,-0.7878|171.4508|11.869,4.8422|177.1782|7.5254,-15.8078|170.477|25.4654,15.8834|173.3669|-9.0569,-43.7158|142.4283|34.5896,38.9463|140.7735|-16.4479,-41.6669|125.3893|59.111,60.8831|121.9771|-8.6175,-7.424|104.6631|16.4762,15.3299|105.2494|2.7564,-18.5761|66.0586|44.2607,40.066|63.1487|1.2321,-28.1763|16.9273|36.8476,35.1581|16.9305|-18.7879,-28.9882|8.0502|47.4111,43.95|8.0546|-12.8739,30.8119|80.5201|-53.5969,94.9236|163.5055|41.8063,97.797|157.9566|38.8243,67.3132|107.2959|-15.3111,67.304|107.2834|-15.3089,60.8831|121.9771|-8.6175
attack1_toidle,20,0.6667,8.1267|117.4145|11.9136,7.3257|110.8897|10.4913,7.0682|127.1232|10.5038,6.0184|146.5696|9.4642,4.9247|178.6857|8.6369,4.9475|185.3155|6.6509,0.8485|170.1004|8.7707,6.4297|172.2131|4.4728,-14.4255|168.7445|22.0476,17.6202|168.3344|-11.9934,-43.3791|140.2853|22.8232,39.0026|134.9088|-20.6171,-38.8749|122.3526|46.3595,57.9468|111.8523|-18.301,-4.9204|104.1913|15.8137,17.5805|104.5438|1.675,-17.2816|65.8968|43.5154,42.677|62.6293|1.604,-28.185|16.931|36.847,35.1558|16.9284|-18.7887,-28.9883|8.0536|47.4109,43.9474|8.0528|-12.8739,22.5361|63.3162|-50.4946,97.6583|161.4485|18.97,99.9809|155.1462|17.289,62.9997|95.5523|-21.5355,62.9912|95.5432|-21.5352,57.9468|111.8523|-18.301
attack1_toidle,21,0.7,10.3651|116.9191|10.7592,9.5709|110.6886|9.5301,9.4804|126.1048|9.0483,8.5204|144.5294|7.2994,6.4249|176.5517|5.4272,6.2435|183.1108|3.2266,2.6187|167.852|5.8384,8.2757|168.4528|1.6278,-12.8504|166.0194|18.8289,19.6066|164.3929|-14.6982,-41.7066|138.0721|12.9034,39.1558|130.2804|-24.8475,-37.5574|118.8199|35.4414,55.2408|105.2601|-28.1805,-2.5953|104.0012|15.0457,19.809|104.2625|0.7524,-16.0213|65.7464|42.3032,44.666|62.216|1.694,-28.1722|16.9251|36.8407,35.1575|16.9308|-18.7963,-28.9572|8.0464|47.4049,43.9496|8.0548|-12.8828,11.1636|58.6069|-51.1321,104.0588|153.0127|-0.5686,105.3377|146.2587|-1.398,57.6811|88.0925|-29.1819,57.6751|88.0897|-29.1826,55.2408|105.2601|-28.1805
attack1_toidle,22,0.7333,12.7943|117.1371|9.6895,12.009|111.3716|8.6425,12.2102|125.5432|7.6738,11.6367|142.4238|5.1358,9.1275|174.3131|1.9574,8.8626|180.774|-0.5091,5.4212|165.6923|2.7055,11.0784|166.1496|-1.5177,-10.127|163.3337|15.5156,22.699|161.5584|-17.4955,-38.491|136.1367|5.2862,39.709|126.4053|-28.6207,-37.6693|114.7294|26.1879,52.5752|100.4662|-36.2016,-0.1052|104.6577|14.2402,22.3002|104.9167|-0.0514,-14.4728|65.5388|39.7341,45.8395|62.1296|1.3015,-28.1833|16.9302|36.5364,35.1517|16.9282|-18.7887,-28.8094|8.0531|47.1125,43.9418|8.0509|-12.8742,-3.9432|70.7655|-60.0686,114.0128|129.5076|-7.7773,113.1634|122.7432|-8.986,49.6608|83.4538|-38.1436,49.6544|83.4471|-38.138,52.5752|100.4662|-36.2016
attack1_toidle,23,0.7667,15.1793|118.1898|8.7932,14.3796|112.8323|7.8968,14.9603|125.8874|6.4818,14.9602|141.3521|3.1548,12.4057|173.0638|-1.4467,12.1309|179.4075|-4.1999,8.6827|164.7058|-0.3601,14.3501|164.8843|-4.5813,-6.8651|161.8054|12.3388,26.4597|159.5817|-19.9647,-34.6547|135.3012|-0.8559,40.1685|123.0176|-31.0996,-38.1376|111.9302|17.5149,49.1764|96.1931|-40.854,2.3091|106.0962|13.5616,24.714|106.3573|-0.7308,-12.927|65.1684|35.4577,46.0918|62.445|0.4367,-28.1819|16.9283|34.3756,35.1566|16.9325|-18.7999,-28.5024|8.0513|44.9656,43.9477|8.055|-12.8873,-13.5962|93.8186|-67.3128,116.1101|95.4506|-10.1091,112.8082|89.7585|-12.2624,40.1176|82.0139|-45.1637,40.1083|82.0068|-45.1608,49.1764|96.1931|-40.854
attack1_toidle,24,0.8,16.2546|119.3717|8.1712,15.4449|114.1885|7.3353,16.216|126.7553|5.7323,16.5061|141.5823|2.0414,13.9408|173.1766|-3.3013,13.6629|179.4539|-6.2024,10.1917|165.0701|-2.0705,15.8693|165.0544|-6.2748,-5.3224|161.6106|10.5291,28.449|159.3899|-21.1433,-32.7987|135.4573|-3.9588,38.9531|121.6743|-31.9157,-39.8042|111.1707|12.0697,44.8145|94.1143|-42.0121,3.3921|107.4443|13.0282,25.7968|107.7047|-1.2646,-12.3625|64.8923|31.1328,45.4392|62.9805|-0.4985,-28.1773|16.9284|27.9148,35.1545|16.9306|-18.7915,-28.2367|8.0517|38.5096,43.9458|8.0535|-12.8784,-16.3746|110.6441|-67.0872,109.2019|73.1051|-13.0501,104.5291|68.6958|-15.6314,32.369|83.2489|-47.3728,32.3638|83.2421|-47.3693,44.8145|94.1143|-42.012
attack1_toidle,25,0.8333,16.0142|120.4952|7.8635,15.2202|115.2059|6.9934,15.8394|128.0746|5.5221,15.8975|143.2747|1.9853,13.26|174.8456|-3.4602,12.9675|181.1127|-6.3817,9.5065|166.9094|-2.2447,15.1953|166.8029|-6.4279,-6.0269|163.0201|10.205,28.2507|161.1207|-20.8736,-33.1248|136.5766|-4.4676,35.9353|122.8755|-32.1474,-42.5006|112.0557|9.9075,39.8129|94.9589|-42.2209,3.1639|108.4631|12.6806,25.5694|108.7235|-1.6109,-12.6304|64.5299|27.0707,44.1976|63.5619|-1.3317,-28.1866|16.9304|19.7708,35.1605|16.931|-18.793,-28.0875|8.0527|30.3645,43.9519|8.0543|-12.8795,-20.6632|114.1977|-67.0928,103.294|71.1176|-13.4515,98.4064|66.9178|-15.9838,26.8443|84.6588|-47.4563,26.8325|84.6571|-47.4564,39.8129|94.9589|-42.2208
attack1_toidle,26,0.8667,15.5352|121.6456|7.7746,14.7695|116.1187|6.8357,15.0976|129.6347|5.6081,14.7334|145.633|2.3832,12.0708|177.1958|-3.0962,11.7733|183.4596|-6.0245,8.3005|169.4326|-1.9145,14.0011|169.2364|-6.0759,-7.3232|165.3229|10.3501,27.5118|163.5511|-20.0955,-33.7548|138.1638|-4.2304,32.6356|125.2035|-32.4264,-45.0132|113.5303|8.508,35.1493|97.1657|-42.5957,2.7065|109.3795|12.5127,25.1112|109.6395|-1.7799,-12.832|64.4715|23.8481,42.794|64.0999|-2.1241,-28.1756|16.9268|15.7812,35.1585|16.9289|-18.7857,-27.9601|8.05|26.3739,43.9499|8.0528|-12.8714,-24.9997|116.8393|-67.9167,98.2355|72.8906|-13.3252,93.3155|68.7221|-15.8463,22.0965|86.961|-47.8085,22.0918|86.9589|-47.8108,35.1493|97.1657|-42.5957
attack1_toidle,27,0.9,15.1907|122.5167|7.7934,14.4278|116.7482|6.7973,14.6144|130.8984|5.7251,14.0362|147.6684|2.691,11.3684|179.2296|-2.7954,11.0699|185.4927|-5.725,7.5728|171.6672|-1.6611,13.2812|171.414|-5.8083,-8.1833|167.4585|10.3988,26.9928|165.7257|-19.6301,-33.9312|139.4774|-3.8469,30.459|127.5026|-32.8903,-46.58|114.8372|7.4974,32.537|99.4227|-43.0415,2.3552|110.0136|12.4594,24.7609|110.273|-1.8317,-12.921|64.7095|22.5009,41.7115|64.4628|-2.7084,-28.1847|16.9305|15.7791,35.1531|16.9302|-18.7909,-27.9269|8.0539|26.3711,43.9438|8.0533|-12.8767,-27.9245|117.2645|-68.9678,96.02|77.123|-13.0656,91.2038|72.7984|-15.5236,19.7346|88.8323|-48.1038,19.7177|88.8285|-48.1,32.537|99.4227|-43.0415
attack1_toidle,28,0.9333,15.0708|123.1798|7.8442,14.2758|117.1398|6.8039,14.5044|131.986|5.7817,13.9557|149.5932|2.786,11.2593|181.1451|-2.7396,10.9552|187.4042|-5.677,7.4198|173.2986|-1.6836,13.1309|173.0261|-5.826,-8.4806|169.0487|10.1706,26.838|167.3384|-19.6526,-33.8838|140.3983|-3.3451,29.4426|129.3028|-33.6295,-47.5678|115.9343|7.1471,31.669|101.2043|-43.6976,2.1927|110.4101|12.4493,24.5984|110.6702|-1.8418,-12.9619|64.8538|21.4835,41.0325|64.6807|-3.0852,-28.1788|16.9284|15.7734,35.1667|16.9303|-18.7857,-27.9206|8.0512|26.3649,43.9579|8.0546|-12.8705,-29.2511|116.3896|-70.2355,95.7411|81.764|-12.9932,91.0804|77.2231|-15.3593,19.2444|90.074|-48.5381,19.2385|90.0733|-48.5381,31.669|101.2043|-43.6976
attack1_toidle,29,0.9667,14.9861|123.5305|7.9261,14.1668|117.4631|6.8498,14.4779|132.4144|5.9418,13.9289|150.1202|2.9435,10.7451|181.5042|-3.2396,10.3427|187.695|-6.3073,6.9687|173.3418|-2.1171,12.6803|173.0664|-6.2586,-9.0143|169.1021|9.6293,26.4418|167.3335|-20.0122,-34.2817|139.7992|-2.6889,28.4425|129.5232|-34.6828,-48.292|115.6496|8.0968,30.9081|101.4408|-44.7401,2.0705|110.7395|12.4742,24.4756|111.0007|-1.8177,-12.9898|64.9672|20.5202,40.435|64.8551|-3.4139,-28.1793|16.9278|15.7774,35.1614|16.9331|-18.7982,-27.9208|8.0515|26.3696,43.9533|8.0565|-12.8853,-30.1535|114.4827|-72.0806,95.1973|84.3059|-13.1299,90.6839|79.5981|-15.455,18.836|89.891|-49.4891,18.8277|89.8843|-49.4831,30.9081|101.4408|-44.7401
attack1_toidle,30,1.0,14.9404|123.8135|8.0891,14.0952|117.7245|6.9747,14.4937|132.7673|6.1869,13.9483|150.5547|3.19,10.2789|181.7483|-3.6523,9.7791|187.8658|-6.8499,6.5024|174.2498|-2.5721,12.2126|173.9838|-6.7162,-9.5677|170.0542|9.0707,26.0176|168.2253|-20.4154,-34.7816|140.1988|-1.9637,27.7469|130.6251|-35.6498,-48.5529|116.4503|9.9602,30.6094|102.5625|-45.6569,1.9836|111.009|12.576,24.3881|111.2692|-1.7169,-13.0028|65.0504|19.6382,39.9129|64.9892|-3.6653,-28.1774|16.9279|15.7719,35.1618|16.9311|-18.7933,-27.9181|8.0496|26.3624,43.9541|8.0555|-12.8795,-30.4217|113.8221|-73.8443,94.9125|87.3438|-13.1082,90.5346|82.5022|-15.4173,18.8591|90.6743|-50.3778,18.8532|90.6727|-50.3762,30.6094|102.5625|-45.6569
attack1_toidle,31,1.0333,14.9208|124.036|8.3608,14.0562|117.9307|7.217,14.5065|133.0371|6.5035,14.0044|150.9038|3.5656,10.3065|182.0862|-3.3126,9.8011|188.1995|-6.5173,6.4275|175.2961|-2.4115,12.1344|175.0502|-6.5613,-9.7991|171.172|9.0382,25.9015|169.3555|-20.3252,-34.9748|140.9094|-0.9218,27.7747|131.9016|-35.8992,-48.1894|117.6211|12.4519,31.2638|103.8485|-45.7324,1.9283|111.2232|12.7924,24.3332|111.4841|-1.4999,-13.0073|65.1071|18.8668,39.4472|65.0864|-3.8404,-28.1817|16.929|15.7682,35.1558|16.9314|-18.7966,-27.9225|8.0506|26.3586,43.9472|8.0551|-12.8825,-29.7084|113.5521|-74.6173,95.5453|90.3018|-12.4112,91.2884|85.3468|-14.7063,19.8019|91.6723|-50.4284,19.7991|91.6658|-50.4254,31.2638|103.8485|-45.7324
attack1_toidle,32,1.0667,14.928|124.2039|8.7895,14.044|118.0881|7.6175,14.5465|133.243|6.9765,14.0886|151.171|4.0957,10.3647|182.3416|-2.822,9.854|188.4504|-6.0344,6.5403|175.3982|-1.8242,12.2458|175.1594|-5.9764,-9.8344|171.3736|9.4487,25.9633|169.5344|-19.8183,-34.9875|140.8133|0.3809,28.4661|132.1149|-35.3864,-46.7165|118.3024|16.2401,32.8874|104.0524|-44.8095,1.9|111.3891|13.168,24.3041|111.6499|-1.1255,-12.9994|65.141|18.245,39.024|65.1512|-3.9283,-28.1816|16.9291|15.773,35.161|16.9322|-18.7947,-27.9227|8.0513|26.3639,43.9536|8.0566|-12.8813,-28.1324|112.2518|-74.0576,97.2703|92.1248|-11.0678,93.1197|87.0631|-13.3242,21.6827|91.6052|-49.4146,21.6771|91.6029|-49.4133,32.8874|104.0524|-44.8095
attack1_toidle,33,1.1,14.9488|124.3216|9.8275,14.0443|118.2032|8.624,14.6121|133.3928|8.0774,14.174|151.3504|5.2259,10.1936|182.4118|-2.0317,9.6319|188.4806|-5.3107,6.504|175.1818|-0.8201,12.2102|174.9404|-4.9712,-9.9711|171.2603|10.3423,25.905|169.3551|-18.8516,-35.1129|140.4886|1.9859,29.218|131.9143|-34.2159,-45.7053|118.743|19.6142,34.6641|103.8553|-43.0972,1.8842|111.5126|14.1493,24.2893|111.7732|-0.1427,-12.995|65.1475|18.0916,38.4505|65.1632|-3.8351,-28.1808|16.929|15.7754,35.1551|16.9331|-18.8017,-27.9222|8.0521|26.3671,43.9467|8.0561|-12.889,-26.4572|110.9429|-72.4241,99.1995|93.1255|-9.245,95.1216|87.9867|-11.4595,23.6381|91.2124|-47.5995,23.62|91.2032|-47.5944,34.6641|103.8553|-43.0972
attack1_toidle,34,1.1333,14.9673|124.399|11.3362,14.0441|118.2828|10.1048,14.6727|133.4925|9.645,14.2501|151.4615|6.8138,10.01|182.4043|-0.7947,9.3967|188.4306|-4.1422,6.3281|175.8142|0.4126,12.0272|175.6102|-3.7505,-10.226|172.0045|11.4966,25.6883|170.0555|-17.6763,-35.3701|141.0885|3.6981,29.65|132.5985|-32.8461,-46.4686|119.4101|21.0962,35.9798|104.5632|-41.2012,1.8704|111.5995|15.6089,24.2751|111.8602|1.3163,-12.9941|65.1382|18.2652,37.6892|65.1458|-3.6321,-28.1823|16.9295|15.7676,35.1548|16.9325|-18.7998,-27.9237|8.0514|26.3582,43.9456|8.0551|-12.8865,-25.1979|111.1218|-70.5334,100.5982|94.4024|-7.3318,96.5555|89.2276|-9.5267,25.0406|91.8281|-45.6548,25.0257|91.8214|-45.6531,35.9798|104.5633|-41.2012
attack1_toidle,35,1.1667,14.9806|124.4488|12.4782,14.0441|118.3332|11.2269,14.7118|133.5578|10.8223,14.3142|151.5439|8.0246,10.0043|182.4535|0.3204,9.3769|188.4679|-3.0458,6.2602|176.6084|1.4194,11.9506|176.4457|-2.7581,-10.3723|172.9178|12.4262,25.5398|170.9426|-16.7744,-35.5331|141.9129|5.0462,30.0501|133.4751|-31.7641,-47.1545|120.2419|22.1089,37.1814|105.4826|-39.6007,1.8589|111.6557|16.7129,24.2638|111.9172|2.4204,-12.9813|65.1355|18.2276,37.0445|65.1405|-3.5174,-28.1796|16.9284|15.7621,35.1647|16.9351|-18.8052,-27.9208|8.0491|26.3518,43.9571|8.0591|-12.8921,-24.0166|111.7202|-68.9603,101.8344|95.6669|-5.6954,97.814|90.4704|-7.88,26.2971|92.6918|-44.0295,26.294|92.6863|-44.0244,37.1814|105.4826|-39.6007
attack1_toidle,36,1.2,14.9905|124.4802|13.018,14.0441|118.361|11.7522,14.7407|133.6063|11.3862,14.3642|151.6172|8.613,10.0117|182.5067|0.8528,9.376|188.5141|-2.5243,6.3004|176.4084|2.0049,11.9962|176.2189|-2.1637,-10.3974|172.8715|12.963,25.504|170.7997|-16.291,-35.5787|141.8157|5.8724,30.4905|133.3209|-31.1006,-46.2728|120.7287|24.2246,38.2992|105.3838|-38.4752,1.8509|111.6888|17.2267,24.2555|111.9481|2.934,-12.9673|65.1434|18.0061,36.686|65.1406|-3.485,-28.1823|16.9298|15.7804,35.1506|16.931|-18.7975,-27.9237|8.0535|26.3726,43.9418|8.0538|-12.8844,-22.8854|111.3578|-67.9177,102.9455|95.852|-4.4765,98.9455|90.6377|-6.6561,27.4637|92.5478|-42.8929,27.4522|92.5416|-42.8903,38.2992|105.3838|-38.4752
attack1_toidle,37,1.2333,14.9972|124.4995|13.3247,14.0443|118.3727|12.0498,14.7624|133.6445|11.7105,14.3922|151.6822|8.942,9.9466|182.5271|1.0581,9.2926|188.5189|-2.3431,6.2767|176.166|2.2738,11.9784|175.9475|-1.885,-10.4744|172.8178|13.2098,25.4021|170.6335|-16.1318,-35.6762|141.7374|6.3024,30.7732|133.1427|-30.7755,-45.4242|121.2454|25.8187,39.0695|105.2576|-37.8069,1.8473|111.7013|17.5168,24.2532|111.9634|3.2261,-12.9553|65.1456|17.8386,36.4953|65.1447|-3.4679,-28.1807|16.9284|15.7694,35.169|16.9347|-18.7989,-27.9221|8.0514|26.361,43.9604|8.0586|-12.8846,-22.077|111.1226|-67.3503,103.6756|95.8433|-3.6991,99.6864|90.6217|-5.881,28.2592|92.4029|-42.2318,28.2501|92.3924|-42.2244,39.0696|105.2576|-37.8069
attack1_toidle,38,1.2667,14.9985|124.5102|13.4734,14.0439|118.375|12.1979,14.771|133.669|11.8631,14.3955|151.7259|9.0771,9.854|182.5216|1.0566,9.181|188.4961|-2.3711,6.1231|176.8458|2.1653,11.823|176.6348|-1.9962,-10.6758|173.6747|13.081,25.1569|171.411|-16.3603,-35.8986|142.5885|6.2772,30.8359|133.908|-30.8559,-46.0201|121.9949|25.494,39.4805|106.067|-37.6381,1.8481|111.7039|17.6679,24.2536|111.9636|3.3765,-12.9515|65.1463|17.8164,36.3972|65.1388|-3.4519,-28.1822|16.93|15.7647,35.1517|16.9315|-18.7984,-27.9237|8.0514|26.3549,43.9426|8.0543|-12.885,-21.6273|111.8756|-67.2726,104.0436|96.714|-3.4321,100.0608|91.4885|-5.6167,28.6848|93.2028|-42.071,28.6814|93.1985|-42.0664,39.4805|106.0671|-37.6381
attack1_toidle,39,1.3,14.9919|124.5163|13.5378,14.0443|118.3742|12.2735,14.7541|133.6767|11.9083,14.3635|151.7398|9.0935,9.8087|182.5293|1.057,9.1332|188.5018|-2.3738,6.0116|177.4462|2.0534,11.6982|177.3027|-2.1306,-10.8254|174.3959|12.9447,24.9287|172.1374|-16.611,-36.0545|143.3092|6.1663,30.864|134.6349|-31.0049,-46.5315|122.5633|25.0254,39.7772|106.8368|-37.6126,1.8568|111.698|17.7556,24.2622|111.9594|3.464,-12.9444|65.1408|17.8791,36.3736|65.1357|-3.4294,-28.1746|16.9266|15.7754,35.1687|16.9321|-18.7903,-27.9151|8.0498|26.3672,43.9614|8.0566|-12.877,-21.3154|112.5436|-67.2983,104.3258|97.5941|-3.3494,100.3508|92.3618|-5.5317,28.9999|93.9554|-42.0407,28.9912|93.9521|-42.0429,39.7772|106.8368|-37.6126
attack1_toidle,40,1.3333,14.982|124.522|13.5789,14.0442|118.372|12.331,14.7279|133.6811|11.9206,14.3171|151.7489|9.0688,9.7743|182.5444|1.0482,9.1011|188.5189|-2.3795,6.0114|177.0114|2.1031,11.6953|176.8801|-2.0854,-10.8609|174.0698|12.9695,24.8165|171.7477|-16.6765,-36.1403|143.0454|6.0935,30.9462|134.2465|-30.9923,-45.7628|122.7316|25.8567,40.0782|106.4852|-37.4547,1.8667|111.6912|17.8299,24.2718|111.9504|3.5379,-12.9452|65.1375|17.979,36.3548|65.127|-3.4066,-28.1799|16.9292|15.7749,35.1589|16.9308|-18.7919,-27.9201|8.0516|26.3659,43.9505|8.0547|-12.8778,-21.0112|112.0969|-67.1651,104.6263|97.3451|-3.163,100.6584|92.1064|-5.343,29.318|93.5877|-41.8771,29.3089|93.5829|-41.8731,40.0782|106.4852|-37.4547
attack1_toidle,41,1.3667,14.9724|124.5205|13.6066,14.0439|118.3651|12.3742,14.7038|133.6754|11.9218,14.2731|151.7411|9.0337,9.7314|182.5366|1.0126,9.0583|188.5111|-2.4152,6.0002|176.5716|2.1214,11.6844|176.4385|-2.0667,-10.8933|173.6984|12.9732,24.6996|171.2955|-16.7487,-36.3091|142.8493|5.8172,30.974|133.7994|-31.0148,-45.1213|122.9623|26.3764,40.2708|106.0688|-37.3733,1.8763|111.6791|17.8886,24.2813|111.9382|3.5963,-12.9529|65.1315|18.1589,36.3566|65.1178|-3.3821,-28.1902|16.9326|15.7739,35.154|16.9309|-18.7957,-27.9316|8.0554|26.3653,43.945|8.0536|-12.8825,-20.8282|111.5928|-67.0802,104.8327|97.0239|-3.0823,100.8698|91.7793|-5.2571,29.523|93.1566|-41.7828,29.5168|93.1533|-41.782,40.2708|106.0688|-37.3733
attack1_toidle,42,1.4,14.963|124.5081|13.6223,14.0441|118.353|12.4051,14.6802|133.6511|11.9133,14.229|151.6987|8.9904,9.6847|182.4942|0.9711,9.0109|188.4688|-2.4565,5.9088|177.0102|2.0039,11.5893|176.8951|-2.1903,-10.9957|174.172|12.8477,24.4978|171.7162|-16.9537,-36.613|143.5949|5.2563,30.8808|134.2316|-31.2018,-45.6409|123.5714|25.5881,40.299|106.5281|-37.4997,1.8862|111.6614|17.9343,24.291|111.9216|3.6417,-12.9539|65.1189|18.4008,36.3833|65.1072|-3.3476,-28.1808|16.9291|15.7772,35.1556|16.9313|-18.7936,-27.9217|8.0517|26.3684,43.9466|8.054|-12.8805,-20.8235|111.9615|-67.1749,104.8912|97.5812|-3.24,100.9329|92.3305|-5.4086,29.5633|93.6005|-41.8936,29.56|93.5931|-41.8831,40.299|106.5281|-37.4997
attack1_toidle,43,1.4333,14.9539|124.4854|13.6283,14.0443|118.3355|12.4258,14.6583|133.61|11.8969,14.1885|151.6265|8.9432,9.6436|182.4221|0.9244,8.97|188.3968|-2.5031,5.811|177.4894|1.8609,11.489|177.3887|-2.3375,-11.0984|174.6632|12.7004,24.2932|172.1581|-17.1733,-36.9686|144.449|4.5351,30.7544|134.6859|-31.419,-46.2818|124.244|24.5562,40.2596|107.0042|-37.6818,1.8951|111.6393|17.9684,24.2997|111.8996|3.6756,-12.9624|65.1054|18.6785,36.4268|65.0937|-3.3107,-28.1806|16.9293|15.7693,35.1558|16.932|-18.7972,-27.9214|8.0517|26.3604,43.947|8.0551|-12.8837,-20.8923|112.3439|-67.3136,104.8884|98.1591|-3.4648,100.9339|92.9022|-5.6251,29.5339|94.061|-42.0544,29.5233|94.0519|-42.0502,40.2596|107.0042|-37.6818
attack1_toidle,44,1.4667,14.945|124.4534|13.6263,14.0443|118.3119|12.4387,14.6369|133.5543|11.8715,14.1535|151.5309|8.8881,9.634|182.3385|0.9014,8.9654|188.3174|-2.5198,5.8166|177.3227|1.8652,11.4932|177.2297|-2.3358,-11.0955|174.4989|12.701,24.1871|171.9467|-17.2476,-37.2562|144.726|3.8678,30.693|134.487|-31.5057,-46.4076|124.5512|23.9939,40.2508|106.8207|-37.7566,1.9026|111.612|17.9931,24.3084|111.8714|3.7021,-12.9745|65.0896|18.9935,36.4932|65.0769|-3.2598,-28.1831|16.9299|15.7775,35.1624|16.931|-18.7904,-27.9242|8.0529|26.369,43.9537|8.0548|-12.8759,-20.9352|112.0756|-67.333,104.9215|98.068|-3.5952,100.9698|92.8054|-5.7465,29.5328|93.8634|-42.1063,29.5274|93.8586|-42.1027,40.2508|106.8207|-37.7566
attack1_toidle,45,1.5,14.9369|124.4139|13.6197,14.0441|118.2823|12.4451,14.6186|133.491|11.8466,14.1201|151.4251|8.8362,9.6004|182.233|0.8505,8.9315|188.2119|-2.5705,5.8184|177.043|1.874,11.4994|176.9266|-2.3194,-11.0911|174.2126|12.7121,24.0858|171.5961|-17.3052,-37.5556|144.9407|3.1398,30.6207|134.1517|-31.5904,-46.6051|124.7353|23.2811,40.2095|106.4979|-37.8488,1.9103|111.5779|18.0115,24.3147|111.8387|3.7184,-12.988|65.0702|19.3252,36.5722|65.0586|-3.2125,-28.1864|16.9308|15.7742,35.1592|16.9337|-18.801,-27.9275|8.0529|26.365,43.9513|8.0566|-12.8891,-21.0157|111.6707|-67.3585,104.9279|97.8346|-3.7549,100.9785|92.5664|-5.8969,29.4983|93.527|-42.1742,29.4952|93.5193|-42.168,40.2095|106.4979|-37.8487
attack1_toidle,46,1.5333,14.9295|124.3666|13.6092,14.044|118.2459|12.4476,14.6024|133.418|11.8152,14.0972|151.3083|8.7805,9.6142|182.1326|0.8376,8.9529|188.1171|-2.575,5.8271|176.9398|1.8549,11.5174|176.7784|-2.3231,-11.086|174.1086|12.687,23.9953|171.4153|-17.3878,-37.852|145.3848|2.3254,30.5458|133.9821|-31.6949,-47.3726|124.8568|21.9159,40.15|106.3365|-37.9661,1.916|111.5394|18.024,24.3215|111.7975|3.7325,-13.0013|65.0484|19.6737,36.6647|65.0318|-3.1432,-28.1846|16.9307|15.7814,35.1516|16.9279|-18.7871,-27.926|8.0546|26.3737,43.9423|8.0512|-12.8726,-21.1061|111.424|-67.4264,104.9065|97.7665|-3.921,100.9598|92.4925|-6.0538,29.4462|93.3516|-42.268,29.4391|93.3496|-42.2677,40.15|106.3365|-37.9661
attack1_toidle,47,1.5667,14.9228|124.3113|13.5976,14.0439|118.2025|12.4479,14.588|133.3364|11.784,14.0793|151.1821|8.7306,9.6412|182.0296|0.8525,8.9886|188.0222|-2.5476,5.8488|176.8225|1.8624,11.5427|176.6421|-2.3093,-11.0682|173.9915|12.6887,23.9104|171.2494|-17.4541,-38.1244|145.8493|1.5164,30.4675|133.8269|-31.7861,-48.1112|124.9918|20.5179,40.0795|106.188|-38.075,1.922|111.4925|18.0334,24.3264|111.7521|3.7402,-13.0165|65.0221|20.0333,36.7786|65.0072|-3.0801,-28.1863|16.9311|15.7756,35.1506|16.9312|-18.7982,-27.9281|8.0535|26.3667,43.9421|8.0541|-12.8855,-21.207|111.1902|-67.4866,104.8738|97.7105|-4.0785,100.9303|92.4309|-6.2034,29.3847|93.1889|-42.3564,29.3802|93.1865|-42.3596,40.0795|106.188|-38.0749
attack1_toidle,48,1.6,14.9162|124.2475|13.5862,14.0443|118.1515|12.4479,14.5715|133.2444|11.7527,14.0622|151.0448|8.6866,9.6991|181.9283|0.9087,9.0613|187.9336|-2.4718,5.8975|176.698|1.907,11.5915|176.5175|-2.2645,-11.0255|173.8641|12.7231,23.8478|171.1024|-17.4918,-38.3443|146.3126|0.7467,30.3981|133.6936|-31.8626,-48.3165|125.309|19.5941,40.0068|106.0606|-38.182,1.9277|111.4388|18.0414,24.3322|111.6986|3.7484,-13.0293|64.9914|20.4051,36.911|64.9764|-2.9945,-28.1812|16.9292|15.7746,35.1544|16.9292|-18.7865,-27.9216|8.0521|26.3661,43.9458|8.0525|-12.8729,-21.3172|111.0338|-67.5203,104.8452|97.6151|-4.2619,100.9006|92.3335|-6.3796,29.3102|93.0568|-42.4447,29.3036|93.0532|-42.4429,40.0068|106.0606|-38.182
attack1_toidle,49,1.6333,14.9098|124.1742|13.576,14.0444|118.0929|12.4478,14.5547|133.1412|11.7255,14.0421|150.8924|8.652,9.7543|181.8127|0.9789,9.1315|187.831|-2.3812,5.9447|176.5477|1.9665,11.6365|176.3818|-2.209,-10.9827|173.7047|12.7734,23.7873|170.946|-17.5131,-38.5284|146.7329|0.0222,30.3013|133.5563|-31.9501,-48.3455|125.6107|18.8186,39.8714|105.9262|-38.3405,1.9322|111.377|18.0474,24.3369|111.6389|3.7547,-13.0434|64.9564|20.7883,37.0591|64.9442|-2.91,-28.1764|16.9267|15.7737,35.1614|16.932|-18.7919,-27.9169|8.0488|26.3645,43.9536|8.0563|-12.878,-21.5073|110.8768|-67.5682,104.7736|97.5054|-4.5364,100.8264|92.2223|-6.6455,29.1701|92.9187|-42.58,29.159|92.9095|-42.571,39.8714|105.9262|-38.3405
attack1_toidle,50,1.6667,14.9048|124.0902|13.5688,14.0441|118.026|12.448,14.5439|133.0272|11.7106,14.0222|150.7206|8.6218,9.7382|181.6406|0.9451,9.1163|187.6585|-2.4157,5.934|176.3249|1.9434,11.6219|176.1801|-2.2388,-10.9894|173.4685|12.7529,23.6824|170.697|-17.5974,-38.7236|147.045|-0.7173,30.1338|133.3252|-32.1089,-48.6376|125.6946|17.7678,39.6133|105.6887|-38.6056,1.9342|111.3097|18.0519,24.34|111.5691|3.7609,-13.064|64.9214|21.1882,37.2199|64.9045|-2.8107,-28.1798|16.9287|15.7827,35.1629|16.9303|-18.787,-27.9213|8.0522|26.3747,43.9545|8.0541|-12.8732,-21.8139|110.6402|-67.7309,104.5709|97.2684|-4.908,100.6187|91.9852|-7.0077,28.9014|92.6818|-42.8202,28.8948|92.6819|-42.8212,39.6133|105.6887|-38.6056
attack1_toidle,51,1.7,14.9003|123.9703|13.5627,14.0441|117.9261|12.4479,14.5342|132.874|11.6995,14.0022|150.5027|8.6018,9.715|181.4232|0.9289,9.0923|187.4415|-2.4312,5.9189|176.0454|1.9399,11.6016|175.9263|-2.251,-10.9971|173.1655|12.7548,23.5768|170.4034|-17.662,-38.8702|147.2281|-1.3582,29.9545|133.0561|-32.2686,-48.8275|125.6465|16.8327,39.3082|105.4124|-38.9154,1.937|111.2087|18.0566,24.3414|111.4681|3.7635,-13.088|64.8668|21.708,37.4454|64.8477|-2.6773,-28.1797|16.9288|15.7759,35.156|16.9297|-18.7905,-27.9202|8.0512|26.367,43.9486|8.0541|-12.8772,-22.1834|110.3773|-67.9022,104.3397|96.9779|-5.3642,100.3816|91.6956|-7.4549,28.5839|92.4078|-43.1057,28.5753|92.3981|-43.0942,39.3082|105.4124|-38.9154
attack1_toidle,52,1.7333,14.8963|123.7985|13.5576,14.0443|117.7778|12.4478,14.5258|132.6645|11.692,13.9846|150.2192|8.5869,9.6964|181.1391|0.9123,9.0736|187.1572|-2.4482,5.9096|175.6893|1.9389,11.5883|175.5923|-2.2588,-10.9987|172.7854|12.7595,23.487|170.0264|-17.7136,-38.9587|147.2451|-1.8955,29.7799|132.704|-32.4203,-48.9115|125.4436|16.0338,38.9752|105.0502|-39.2439,1.9389|111.059|18.0582,24.3434|111.3199|3.7653,-13.1203|64.7867|22.3885,37.7735|64.7663|-2.484,-28.1779|16.9278|15.7709,35.1589|16.9308|-18.7914,-27.9179|8.0497|26.3616,43.9506|8.0551|-12.8769,-22.6064|110.0518|-68.0326,104.1091|96.5778|-5.9015,100.1405|91.2978|-7.978,28.2282|92.0523|-43.3961,28.2194|92.046|-43.3916,38.9752|105.0502|-39.2439
attack1_toidle,53,1.7667,14.8928|123.5877|13.5535,14.0438|117.5949|12.4477,14.52|132.4109|11.6879,13.9736|149.8807|8.5782,9.6884|180.801|0.9038,9.0661|186.8192|-2.4566,5.9117|175.2698|1.9487,11.5878|175.1859|-2.2535,-10.989|172.3414|12.7744,23.4151|169.5779|-17.7478,-38.9839|147.0861|-2.302,29.6253|132.2968|-32.5935,-48.8839|125.0834|15.4094,38.6427|104.642|-39.6467,1.9385|110.8764|18.0589,24.3431|111.1363|3.766,-13.1616|64.6926|23.1284,38.1596|64.6663|-2.259,-28.1862|16.9304|15.7774,35.1596|16.9324|-18.7962,-27.9272|8.0528|26.3685,43.9515|8.0559|-12.8832,-23.0668|109.7529|-68.1408,103.9205|96.0531|-6.617,99.9335|90.7802|-8.6763,27.855|91.6629|-43.7519,27.8515|91.6576|-43.7448,38.6427|104.642|-39.6467
attack1_toidle,54,1.8,14.8908|123.347|13.5522,14.0444|117.3908|12.4479,14.5172|132.1164|11.6929,13.966|149.4781|8.5857,9.6773|180.3979|0.9109,9.0543|186.416|-2.4495,5.9494|174.5859|2.0377,11.6203|174.5302|-2.1733,-10.9418|171.6268|12.87,23.3876|168.8843|-17.6994,-38.9073|146.5077|-2.4858,29.5206|131.662|-32.7239,-48.6923|124.3193|15.0571,38.3438|104.0163|-40.0528,1.9374|110.6726|18.056,24.3422|110.9336|3.7635,-13.1934|64.585|23.8563,38.567|64.556|-2.0192,-28.1745|16.9259|15.783,35.1653|16.9319|-18.7935,-27.9142|8.0498|26.3753,43.9568|8.0557|-12.8796,-23.5161|109.2977|-68.1875,103.7894|95.2452|-7.4052,99.7775|89.9835|-9.4446,27.5004|91.0665|-44.1035,27.4959|91.064|-44.1048,38.3438|104.0163|-40.0528
attack1_toidle,55,1.8333,14.8773|123.0892|13.5343,14.0441|117.1793|12.4481,14.4463|131.7627|11.6056,13.9734|149.02|8.6206,10.6354|180.3457|2.2261,10.2019|186.5134|-0.8833,6.8173|174.0254|3.2592,12.4851|174.0308|-0.9599,-10.1732|171.1009|13.9445,24.0638|168.6467|-16.7191,-38.0406|145.977|-1.5811,30.1012|131.4938|-31.9526,-47.6757|123.6142|15.8229,38.701|103.8634|-39.5979,1.9316|110.465|18.0487,24.3353|110.7239|3.7544,-13.2341|64.4803|24.534,38.9606|64.4413|-1.7847,-28.1813|16.9293|15.788,35.1555|16.9283|-18.7859,-27.922|8.0532|26.3803,43.9476|8.0521|-12.8728,-23.3082|109.3926|-67.3537,104.3111|94.8259|-7.3557,100.2694|89.5806|-9.3784,27.79|90.9558|-43.6017,27.7834|90.9511|-43.5973,38.701|103.8634|-39.5979
attack1_toidle,56,1.8667,14.8804|122.8302|13.542,14.0443|116.9743|12.4477,14.4586|131.4328|11.6386,13.9926|148.5425|8.68,10.6528|179.8683|2.2872,10.219|186.0362|-0.822,6.9443|172.8151|3.5134,12.601|172.8932|-0.7253,-10.0226|169.8054|14.2126,24.141|167.4413|-16.4897,-37.7348|144.5751|-1.4177,30.0764|130.3627|-31.9428,-47.248|122.0211|15.8056,38.4354|102.753|-39.9225,1.9228|110.2631|18.0326,24.3272|110.5252|3.7396,-13.2652|64.3746|25.12,39.3306|64.3376|-1.5771,-28.1733|16.9251|15.7773,35.1647|16.9326|-18.7939,-27.9123|8.048|26.3688,43.9569|8.0572|-12.8798,-23.6981|108.5777|-67.338,104.1799|93.3969|-8.047,100.1074|88.1714|-10.0591,27.4539|89.8957|-43.8953,27.4411|89.8883|-43.8881,38.4354|102.753|-39.9224
attack1_toidle,57,1.9,14.8859|122.5868|13.5538,14.0441|116.789|12.448,14.4784|131.1158|11.6821,14.0262|148.0704|8.7575,10.6868|179.3958|2.3629,10.253|185.5636|-0.7465,7.0886|171.6055|3.7853,12.7341|171.753|-0.4729,-9.8333|168.4375|14.5101,24.247|166.1757|-16.2132,-37.3606|143.0406|-1.1769,30.0729|129.1689|-31.8787,-46.8208|120.2834|15.8066,38.1714|101.5811|-40.1957,1.91|110.0849|18.0139,24.315|110.3453|3.7218,-13.3003|64.286|25.6143,39.6436|64.2419|-1.394,-28.178|16.9277|15.7736,35.1619|16.9307|-18.7885,-27.919|8.0502|26.3648,43.9541|8.0547|-12.875,-24.0499|107.751|-67.3352,104.0065|91.853|-8.6199,99.902|86.6507|-10.6273,27.1154|88.7829|-44.1527,27.1143|88.78|-44.1506,38.1714|101.5811|-40.1957
attack1_toidle,58,1.9333,14.8935|122.3708|13.5688,14.0441|116.6374|12.448,14.5047|130.8204|11.7363,14.0718|147.6063|8.8548,10.7328|178.9322|2.462,10.2991|185.1001|-0.647,7.2232|170.5461|4.0409,12.8613|170.745|-0.2309,-9.6421|167.1808|14.7947,24.3644|165.0129|-15.9225,-36.9721|141.5896|-0.9216,30.0935|128.0776|-31.7911,-46.424|118.6265|15.7871,37.9339|100.5181|-40.4425,1.8947|109.9418|17.9908,24.2992|110.201|3.6979,-13.3295|64.2157|25.9914,39.8812|64.1651|-1.2585,-28.1827|16.9297|15.7733,35.1509|16.9297|-18.7926,-27.9234|8.0514|26.3639,43.9413|8.052|-12.8791,-24.3351|107.0514|-67.3867,103.8131|90.3967|-9.0831,99.6796|85.2191|-11.0946,26.8091|87.782|-44.4071,26.7987|87.775|-44.3995,37.9339|100.5181|-40.4424
attack2_toidle,0,0.0,3.2685|91.8997|26.5167,1.9002|86.9958|24.9728,3.1144|99.558|28.1489,7.3624|113.5773|32.3041,24.3046|142.6709|33.1754,30.2355|147.752|35.9328,20.4794|134.7097|36.5476,21.0664|134.5783|29.5112,21.2341|146.9281|52.721,23.1861|135.8552|9.3783,44.0778|140.8501|85.7349,22.9294|105.2805|-17.3447,66.8286|132.6604|68.0935,39.6657|83.4701|-29.1808,-9.418|80.8254|32.5204,9.9159|80.3057|14.2896,3.2828|40.4489|56.9137,33.9323|45.3987|-10.0332,-38.7629|16.6171|41.9104,12.8059|16.9199|-46.1411,-31.3266|7.7418|49.4591,22.4457|8.0401|-41.741,82.8926|94.9001|14.8338,5.84|81.7309|-103.4401,7.5273|76.5118|-99.2139,50.374|77.1757|-31.4642,50.3682|77.1751|-31.4589,39.665|83.4697|-29.1826
attack2_toidle,1,0.0333,3.9481|90.7968|24.142,2.6109|85.8584|22.6381,3.7331|98.4969|25.659,7.7434|112.7012|29.8559,24.6587|141.7026|30.627,30.5117|146.8405|33.3049,20.0183|133.0689|34.078,21.3113|133.7582|26.9785,20.6774|144.9378|50.5137,23.3585|134.8882|6.8293,52.2235|130.6324|71.1979,22.3596|103.5732|-19.001,71.7818|119.8955|50.891,41.2267|82.1191|-27.9201,-8.6691|79.5747|30.1493,10.6271|79.3011|11.8732,4.0499|39.9157|55.74,38.3887|45.4707|-9.8451,-38.2402|16.4796|40.6968,14.999|17.8897|-45.2476,-30.6478|7.5632|48.0389,24.4287|8.9171|-40.5883,82.7674|92.5845|19.5909,10.1015|79.0081|-101.3826,11.6483|73.8006|-97.0888,52.0019|74.6942|-27.8278,51.3341|74.8366|-28.5544,41.226|82.1187|-27.9219
attack2_toidle,2,0.0667,4.6024|89.3367|21.788,3.3454|84.325|20.4183,4.2456|97.0962|23.0553,7.8451|111.6897|26.7679,24.5137|140.7253|27.3505,30.2362|145.9784|29.9445,19.0684|131.3346|30.9167,21.1261|132.8876|23.7437,19.9077|141.9745|48.1656,23.137|133.7619|3.5781,53.2105|119.3001|53.2144,21.5946|100.6034|-19.7995,75.7286|103.8405|39.7853,42.3086|79.1556|-22.3439,-7.8081|77.8971|27.9959,11.3787|77.8722|9.6031,4.1421|39.9982|56.5178,45.0037|46.0622|-6.0293,-38.1454|16.8408|40.9334,19.5089|17.3411|-38.9875,-30.6773|7.9943|48.4845,28.8137|8.4608|-33.9182,79.9237|88.5558|30.2692,17.0571|74.1601|-95.9837,18.1385|69.0042|-91.4898,52.7398|70.3943|-19.191,52.4121|70.8744|-20.3364,42.308|79.1552|-22.3457
attack2_toidle,3,0.1,5.2819|88.2337|19.4134,4.1531|83.1262|18.2515,4.7067|96.0491|20.3277,7.7635|111.1168|23.1869,23.9955|140.2877|23.6671,29.5391|145.6886|26.2015,17.8582|130.1434|27.3155,20.6265|132.5383|20.0777,19.1761|138.7731|45.6247,22.5649|133.141|-0.1049,52.6399|111.1377|40.2936,22.8948|97.7888|-20.05,76.1186|91.7538|36.5573,42.9918|76.0168|-15.8936,-6.8343|76.4457|25.8533,12.2163|76.9023|7.325,3.2728|40.7843|57.8233,50.8962|48.3848|-1.4787,-38.4543|17.4296|40.9597,24.4802|17.3379|-31.4688,-31.1444|8.4435|48.5009,33.6332|8.4579|-26.1298,73.7428|85.6277|42.5352,26.5776|68.3612|-90.0414,27.1148|63.3046|-85.3414,52.7421|66.3351|-9.4445,51.9033|67.1273|-11.8397,42.9913|76.0163|-15.8954
attack2_toidle,4,0.1333,6.0372|88.2021|16.9767,5.1004|82.9881|16.0906,5.1467|96.047|17.444,7.4579|111.5844|19.2092,22.8852|141.0806|19.3913,28.1777|146.7073|21.8246,16.3533|130.2871|23.1739,19.6222|133.3551|15.8639,18.4175|136.8976|42.239,21.4387|133.5577|-4.338,50.2177|108.7192|41.1689,24.9771|96.3962|-20.2547,73.2821|88.2872|40.3968,42.5253|73.6468|-11.9335,-5.639|75.9947|23.7651,13.2244|77.0168|5.0687,2.4266|43.6208|59.6307,54.9927|51.8279|2.2728,-37.0863|17.3698|41.621,28.4843|18.2421|-24.7534,-30.2927|8.5421|49.8045,37.404|9.2615|-19.1923,65.3399|85.5292|51.0445,35.3898|62.2933|-85.5656,35.5456|57.4076|-80.6612,51.5946|63.8061|-2.381,50.9371|64.2889|-4.3849,42.5249|73.6462|-11.9353
attack2_toidle,5,0.1667,6.9534|90.9726|14.3253,6.2625|85.6633|13.7569,5.6714|98.7968|14.2915,7.07|114.7072|14.8884,21.2716|144.7042|15.0507,26.2178|150.5898|17.4515,14.7286|133.4166|18.8326,18.2224|136.9881|11.5069,17.5662|138.1386|38.3541,19.9978|137.0078|-8.6996,44.1743|110.329|54.1373,25.17|99.221|-22.5296,66.8279|92.8112|42.7553,39.5599|74.4634|-13.9173,-4.1556|78.381|21.6036,14.4913|79.8626|2.7216,0.383|47.8684|59.7016,56.3684|54.7678|4.5786,-34.4058|16.2973|40.4242,32.5521|17.3513|-19.7915,-28.5793|7.5785|49.4291,41.3426|8.5341|-13.7813,55.5191|89.7781|51.5892,39.8861|59.5005|-86.0267,39.9619|54.8167|-80.9272,48.3318|65.1887|-1.8787,49.2134|66.1887|-3.0283,39.5596|74.4627|-13.9191
attack2_toidle,6,0.2,8.2287|99.3602|11.2991,7.801|93.9857|11.0507,6.5388|107.1084|10.7673,6.9754|123.2508|10.2421,19.3466|153.9407|10.7095,23.8112|160.1239|13.1575,13.2021|142.2654|14.3308,16.6593|146.2177|7.0617,16.6562|145.3888|34.073,18.4462|146.3308|-13.1435,39.7638|117.8267|54.1765,24.7907|108.7493|-27.0068,59.5786|105.6382|34.253,36.3809|81.5826|-22.3972,-2.2948|86.4619|19.0886,16.1686|88.3029|0.0585,-4.3002|53.3722|55.2519,54.4161|58.1209|3.6725,-32.4593|15.673|36.0584,35.0355|17.095|-18.741,-28.032|6.927|45.8031,43.8296|8.236|-12.798,48.2296|100.5676|43.9953,40.9032|63.5514|-92.6626,41.2243|59.1003|-87.368,45.4913|73.3223|-8.591,46.5286|73.7722|-8.9539,36.3807|81.5817|-22.399
attack2_toidle,7,0.2333,9.838|106.0647|8.8612,9.5695|100.661|8.8313,7.8992|113.7419|7.9747,7.7098|130.015|6.7593,18.174|161.3008|7.5368,22.1227|167.8115|9.8772,12.547|149.4531|10.9642,15.8682|153.5748|3.7805,15.8443|152.1804|30.7917,17.74|153.9064|-16.4147,39.4212|124.136|49.011,25.6842|116.4792|-29.8255,57.2031|115.2981|26.0557,35.583|88.2881|-30.3845,-0.2902|92.9982|17.0294,18.0106|95.0406|-2.1368,-6.823|57.4821|50.291,51.8774|60.122|2.405,-30.1402|15.0014|34.8572,35.2246|16.9371|-18.0607,-26.6759|6.3078|45.0294,43.9429|7.9635|-12.1785,46.9018|109.0249|36.409,40.409|69.316|-99.5333,41.1751|64.9923|-94.1792,45.5388|80.7944|-15.709,45.7311|81.6461|-14.8825,35.5828|88.2872|-30.3863
attack2_toidle,8,0.2667,11.7512|111.4814|6.7152,11.5026|106.0637|6.779,9.7682|119.1439|5.6417,9.3873|135.5347|4.1744,18.1641|167.2368|5.0819,21.6233|174.0577|7.151,12.9967|155.4331|8.3601,16.1903|159.5101|1.2556,15.4648|158.7541|28.2175,18.2046|160.0365|-18.9217,41.0394|132.8333|46.4521,25.7494|123.8486|-35.5427,58.7387|124.114|23.7392,38.8917|97.1288|-33.1295,1.7051|98.3616|15.0147,19.9428|100.4716|-4.2042,-8.2058|60.6602|44.9215,49.5451|61.8976|0.554,-28.1184|15.1546|33.8243,35.0659|17.2937|-18.4704,-25.9713|6.4556|44.349,43.7664|8.2915|-12.6056,49.3408|117.2276|34.6408,44.3772|79.1276|-101.8253,45.3111|74.7653|-96.5295,49.0679|89.6685|-17.8525,49.2506|90.5794|-17.9672,38.8915|97.128|-33.1313
attack2_toidle,9,0.3,13.5697|115.7354|5.6567,13.2761|110.307|5.7538,11.6381|123.4155|4.4738,11.2189|139.9096|2.9375,18.3401|171.931|3.9473,21.264|179.0391|5.6856,13.5872|160.2532|7.058,16.7153|164.2035|0.0505,14.9522|164.2482|26.8978,18.977|164.932|-20.0943,43.1958|142.3365|46.1558,25.7203|129.3016|-38.173,61.8234|133.1427|24.6064,45.0394|107.3369|-32.1456,3.4906|102.6306|14.0276,21.654|104.6942|-5.2665,-8.5039|63.4295|41.1754,47.2544|63.3271|-0.7645,-26.0331|16.0857|34.4279,35.3502|17.232|-17.9289,-25.7944|7.4477|45.216,44.1415|8.3518|-12.0136,53.688|126.1515|36.6414,52.1297|90.9632|-100.6853,53.1346|86.5185|-95.4716,55.1737|99.7799|-16.4382,54.8893|100.178|-17.7257,45.0393|107.3361|-32.1474
attack2_toidle,10,0.3333,15.3768|119.1206|5.7926,15.0186|113.6826|5.8896,13.5284|126.8306|4.5394,13.0519|143.396|2.9712,18.4137|175.6734|3.9812,20.6931|183.0649|5.2474,14.0703|164.1724|6.9254,17.196|167.9326|0.0301,14.0037|168.9137|26.6473,19.7949|168.857|-20.0659,44.1719|151.1118|47.0414,27.1431|132.7272|-36.8508,65.3404|141.3913|28.3285,51.7445|117.679|-29.1102,5.2568|106.0379|14.2206,23.31|108.0437|-5.1828,-8.3425|64.4123|36.6566,44.6886|64.2141|-2.215,-24.0852|16.1643|31.9426,35.2862|16.9539|-17.6791,-25.9972|7.4873|42.5306,44.1334|8.1174|-11.7817,57.8136|134.335|40.7164,61.2205|104.0116|-97.7326,62.2972|99.4334|-92.6504,61.7936|109.957|-13.1815,61.3922|110.3516|-14.9963,51.7445|117.6782|-29.112
attack2_toidle,11,0.3667,17.3105|122.2106|6.4111,16.8855|116.7633|6.486,15.5558|129.9543|5.1049,14.9741|146.5602|3.4784,18.3511|179.0316|4.261,19.9114|186.6295|5.0464,14.46|167.778|7.0728,17.6311|171.2552|0.3021,12.7289|173.1203|26.5638,20.6179|172.2864|-19.7347,39.2286|153.9941|50.4742,29.6771|136.0316|-35.3578,60.9825|143.0653|33.2011,56.6181|126.9194|-26.2776,7.1317|109.1275|14.8345,25.1397|111.1206|-4.6121,-8.374|64.5786|28.9485,41.944|65.2525|-3.8261,-24.462|16.2033|27.3954,35.3907|16.9628|-17.4726,-26.9123|7.4267|37.7886,44.2502|8.1652|-11.5357,60.265|140.8358|44.43,68.2577|116.7266|-95.048,69.4925|112.003|-90.1377,66.7515|119.0597|-10.3317,66.6687|119.7947|-12.2274,56.6182|126.9187|-26.2794
attack2_toidle,12,0.4,19.0122|124.8121|7.3252,18.5331|119.3552|7.3696,17.3433|132.5858|5.9629,16.5901|149.2045|4.2111,17.5284|181.7724|4.3014,18.3041|189.4764|4.7329,14.1993|170.8107|7.0841,17.4551|173.9261|0.4406,10.6584|176.4535|26.2429,20.8407|174.8164|-19.5394,37.4554|158.6252|50.7928,30.8318|138.8716|-35.3015,59.3985|147.9839|33.5975,58.354|134.2961|-24.6831,8.7649|111.7202|15.702,26.8175|113.7082|-3.7038,-8.1358|65.5485|18.8293,37.6469|66.1448|-6.4121,-25.6469|17.7211|22.0738,34.9044|16.887|-17.691,-27.2959|8.8435|32.5391,43.7298|8.0496|-11.7623,58.5734|145.2205|46.6821,72.9697|128.2288|-93.3296,74.4459|123.4064|-88.5848,68.6052|126.5739|-8.6964,68.523|127.0733|-11.5016,58.3541|134.2954|-24.6849
attack2_toidle,13,0.4333,20.1225|126.7301|8.3481,19.5985|121.2633|8.3453,18.5384|134.5338|6.9389,17.585|151.1487|5.0244,15.9898|183.608|4.073,15.9862|191.3219|4.1522,13.2048|172.9914|6.8754,16.6316|175.7028|0.3944,7.7554|178.7038|25.5599,20.5208|176.3048|-19.5046,33.8728|162.6489|52.0023,31.1527|140.936|-36.1288,57.0873|152.5727|36.1838,58.7111|140.749|-24.6529,9.7673|113.6352|16.6096,27.9701|115.6059|-2.6571,-7.6076|67.513|17.5096,31.3573|67.4368|-10.0835,-25.61|19.7366|18.4469,34.872|17.5422|-17.7794,-26.2565|10.7457|28.9253,43.8305|8.9691|-11.6651,57.5473|147.6999|47.1826,74.1239|140.0126|-93.4067,76.0719|135.1133|-88.9179,69.647|133.26|-9.0331,68.9361|133.6128|-11.3415,58.7113|140.7485|-24.6548
attack2_toidle,14,0.4667,20.2998|127.7922|9.3527,19.7517|122.3144|9.2625,18.7938|135.6288|7.9255,17.6074|152.2369|5.8854,13.7517|184.3932|3.8815,13.0841|192.033|3.5968,11.3718|174.1407|6.612,15.1169|176.4865|0.3963,3.861|179.5626|24.6572,19.879|176.879|-19.3173,28.0272|165.456|53.9428,31.7008|142.3241|-36.8386,52.9889|156.036|40.5378,58.3021|146.7071|-24.0094,9.7615|114.6715|17.32,28.332|116.6781|-1.5888,-7.6257|68.5196|17.1543,31.7919|68.619|-9.6658,-25.6411|20.7123|16.9877,35.3818|18.8384|-18.0355,-25.8504|11.7765|27.531,44.1403|9.8778|-12.1934,54.011|148.0997|47.9735,75.8131|153.122|-92.0218,78.2436|148.1907|-87.812,69.6348|139.5675|-8.5792,69.3824|140.9682|-10.5138,58.3025|146.7068|-24.0113
attack2_toidle,15,0.5,19.5681|128.078|10.5291,19.0229|122.5894|10.3123,18.1287|135.9505|9.1161,16.6593|152.5575|7.042,11.2247|184.3835|4.4489,10.0944|191.9143|3.903,9.0162|174.4601|6.8615,13.2283|176.5572|1.0631,-0.6416|178.8785|24.1428,19.6629|177.1102|-18.1657,20.4978|166.2302|56.3297,34.4228|144.3898|-36.9592,47.288|158.0243|45.9537,58.6135|154.313|-22.5284,8.8129|114.9115|18.0549,27.9085|116.9986|-0.3146,-8.0995|68.5645|17.5337,31.6554|69.0828|-9.0852,-25.6228|20.5548|16.9989,35.5425|19.4508|-18.1734,-25.4669|11.6018|27.5285,44.2973|10.4902|-12.3255,50.2815|147.388|48.6975,78.0698|171.151|-88.2783,81.2227|166.384|-84.3691,70.3172|148.0339|-7.0991,69.5331|149.0835|-9.0324,58.614|154.313|-22.5303
attack2_toidle,16,0.5333,18.2942|127.7794|11.8137,17.7608|122.2828|11.4548,16.9395|135.6907|10.4183,15.2628|152.3011|8.2938,8.9166|183.8779|5.3902,7.5201|191.3072|4.6493,6.706|174.2426|7.3289,11.4543|176.1621|2.0661,-5.0904|177.2805|23.5479,20.2419|177.1126|-16.1913,12.0619|165.2696|58.2862,38.9077|147.2796|-36.3066,40.3854|158.4905|51.5169,59.2266|162.2931|-20.3569,7.2508|114.6011|18.7809,27.0284|116.7089|1.1503,-9.6234|68.2389|17.4626,31.0415|68.939|-8.2745,-27.1074|20.2135|16.1019,35.2044|19.4584|-18.0403,-27.1847|11.2605|26.6324,43.9741|10.5434|-12.1454,46.0817|147.07|48.7357,80.3642|189.1987|-82.2189,84.1434|184.8928|-78.3299,70.5561|157.3736|-4.2733,70.354|157.4026|-5.5775,59.2273|162.2934|-20.3587
attack2_toidle,17,0.5667,16.8574|127.0808|13.0864,16.3458|121.5796|12.5774,15.6109|135.0329|11.7041,13.8444|151.6551|9.5016,7.1819|183.1121|6.5162,5.6977|190.4699|5.6383,4.8594|173.7193|7.8678,10.1542|175.5079|3.2413,-9.0456|175.0628|22.5745,22.0209|176.9101|-13.1499,2.8336|161.9154|59.0888,45.5954|150.0573|-32.3368,32.1426|156.3699|56.7778,62.7851|167.4753|-15.1664,5.4519|113.9159|19.3397,26.0896|116.0056|2.722,-10.5973|67.242|18.337,30.3815|68.4009|-7.3905,-27.2265|18.8936|17.3033,34.8331|19.0915|-17.8688,-26.8928|9.9877|27.8685,43.6019|10.1452|-12.0201,45.0723|143.2866|50.1709,84.588|204.2015|-71.5959,88.7511|200.4867|-67.495,72.8567|163.7329|1.9516,72.4207|165.2247|0.9601,62.786|167.4759|-15.1681
attack2_toidle,18,0.6,15.637|126.1666|14.2268,15.1539|120.6653|13.5593,14.5305|134.1632|12.8626,12.8072|150.8145|10.624,6.1404|182.2236|7.5712,4.6783|189.5312|6.5698,3.7092|173.0127|8.3026,9.514|174.7168|4.4007,-12.1134|172.64|20.989,24.3457|176.4979|-9.3218,-6.2738|157.4654|58.1931,54.3054|151.3551|-20.1726,23.2105|153.9892|61.9865,69.81|168.4256|-1.1129,3.8086|113.0288|19.5684,25.4574|115.0955|4.288,-11.6679|66.1602|18.3805,30.0714|67.6986|-6.6266,-27.704|17.61|17.1551,34.8567|18.6045|-17.9357,-27.2983|8.7402|27.7482,43.6343|9.6616|-12.095,49.9706|134.5859|59.0754,88.4204|214.6824|-51.4027,92.795|211.9457|-46.7852,77.7212|166.2158|17.3074,77.4847|167.5701|16.4225,69.8109|168.4266|-1.1144
attack2_toidle,19,0.6333,14.9427|125.0762|15.1632,14.4632|119.582|14.3333,14.0581|133.1254|13.8245,12.6328|149.8328|11.6158,6.5498|181.2949|8.2531,5.2804|188.5761|7.0889,3.952|172.2263|8.4191,10.2198|173.8028|5.3196,-13.5966|170.579|18.4575,27.346|175.4644|-5.4225,-14.1948|153.0461|55.0762,60.6416|152.3899|-2.1154,13.5501|150.9045|66.1,78.2135|165.265|18.4506,2.5907|112.0456|19.3717,25.3604|113.9678|5.7968,-12.6469|65.1093|17.8209,30.0929|66.7884|-5.9759,-28.4355|16.489|16.2194,35.0009|17.9199|-18.1738,-28.1727|7.6225|26.8198,43.9419|9.3117|-12.0832,58.1867|123.343|73.2921,91.4057|218.0553|-26.8344,95.4248|216.4285|-21.4355,82.692|164.3003|38.1196,82.7118|164.8153|37.7609,78.2143|165.2662|18.4494
attack2_toidle,20,0.6667,14.5667|123.274|16.0546,14.0629|117.7962|15.0509,14.0061|131.3807|14.764,13.1556|148.1556|12.6252,8.4731|179.7864|8.881,7.6144|187.0629|7.5576,5.5976|170.8973|8.4858,12.2723|172.2034|6.2943,-13.5226|168.4718|14.8084,31.0576|173.0763|-1.3088,-21.3219|148.1466|49.083,63.7441|153.4691|13.2472,1.8921|145.503|67.7916,84.846|158.1395|34.1598,1.6117|110.4814|18.8721,25.547|112.0456|7.4228,-13.9453|64.5276|27.9963,36.4715|65.3645|-1.9802,-28.9488|16.9512|16.7469,34.573|17.6314|-18.6819,-28.6419|8.0126|27.2854,43.3787|8.7352|-12.8121,61.3922|108.8225|81.2428,97.3367|216.08|-4.2152,100.3593|214.6704|1.8531,84.9784|156.1608|54.4493,85.1252|156.0721|54.0711,84.8468|158.1409|34.1588
attack2_toidle,21,0.7,14.3798|121.1677|16.8073,13.8671|115.7068|15.6464,14.1262|129.3205|15.5821,13.8135|146.1426|13.5509,11.2345|177.9403|9.3866,10.9601|185.1971|7.9156,7.9783|169.2831|8.529,14.9262|170.1559|7.1939,-12.0089|166.564|10.6632,34.6493|169.5132|2.4986,-26.6003|143.6826|40.8664,66.0355|153.7957|23.7417,-10.1705|139.0938|65.461,88.7808|149.5817|43.2221,0.9752|108.629|18.2623,25.8307|109.8083|8.9217,-14.6391|64.2393|33.1513,41.7657|64.2162|1.5509,-29.2439|17.7921|17.552,34.564|18.3454|-18.5736,-28.9961|8.9184|28.1467,43.1949|9.1914|-12.8422,60.1544|91.3794|75.2478,103.574|213.9171|18.6926,105.3341|211.617|24.9823,84.4679|143.9385|62.539,85.194|143.2973|61.4204,88.7817|149.5834|43.2216
attack2_toidle,22,0.7333,14.3038|119.3257|17.2784,13.7619|113.8662|16.0547,14.2359|127.503|16.0538,14.225|144.3351|13.9897,13.9877|176.1407|9.2586,14.3289|183.3198|7.6092,10.2473|167.7474|8.235,17.3022|168.0867|7.3703,-9.8622|165.1913|7.5204,37.2009|165.4948|4.4067,-30.3147|139.8976|31.823,67.5498|151.5283|28.6563,-21.5013|131.7363|59.2385,89.9211|141.2325|46.5281,0.6729|106.9846|18.1667,25.8624|107.8106|9.7262,-14.7266|63.2525|35.0399,44.0545|62.9521|3.1194,-28.9359|17.4514|17.3582,34.852|18.1279|-18.4928,-28.685|8.5639|27.9413,43.492|9.0012|-12.7317,60.3028|76.4405|59.0148,104.2063|209.8834|39.9164,104.974|206.2634|45.7691,82.6517|131.2135|62.9602,84.6894|130.12|62.3522,89.9219|141.2342|46.5281
attack2_toidle,23,0.7667,14.2604|118.3167|17.3249,13.6558|112.8423|16.129,14.2839|126.501|16.0107,14.4241|143.3143|13.7465,16.1241|174.9375|8.2387,16.9471|181.9816|6.35,11.8861|166.7961|7.3711,18.9392|166.6369|6.5198,-8.2269|164.6265|5.8886,38.4902|161.8853|3.9434,-33.2926|137.4179|22.6248,67.4779|143.7159|27.4523,-32.4379|124.8604|49.7812,88.8456|130.3221|44.7779,0.493|106.1299|18.3253,25.6668|106.6004|9.8111,-14.7147|61.9738|34.1781,44.1908|61.869|3.2651,-28.5129|16.2307|16.0867,35.1052|17.0748|-18.4585,-28.2542|7.3556|26.68,43.8971|8.1955|-12.5427,59.4007|64.8969|41.1748,103.7397|198.9428|54.0198,104.178|194.1359|58.9846,81.227|117.3315|58.1846,82.5028|117.4979|57.6765,88.8464|130.3238|44.7784
attack2_toidle,24,0.8,14.2818|118.4968|16.669,13.5596|112.9999|15.5758,14.3078|126.6768|15.2061,14.5421|143.4544|12.6718,16.3442|174.9614|6.6076,17.1068|181.9032|4.4644,11.7566|166.9794|6.5145,18.5549|166.5435|4.5183,-8.337|165.2276|8.6633,36.5384|159.0605|-1.1434,-36.5201|136.517|14.151,62.6398|133.613|18.6927,-43.6594|118.559|37.0077,81.879|114.8551|33.3107,0.3814|106.4486|18.1366,25.3888|106.5417|9.1337,-14.9827|61.4116|31.0038,43.2625|61.5354|2.6642,-28.4673|15.4066|13.418,35.326|16.2772|-18.5416,-28.399|6.4376|23.9349,44.1756|7.5556|-12.4792,51.7366|52.9841|17.558,100.3988|180.496|55.9241,100.856|174.7613|59.7779,75.6382|100.2956|44.1183,75.1197|101.6769|43.3474,81.88|114.8566|33.3115
attack2_toidle,25,0.8333,14.4082|119.4901|15.4331,13.5455|113.9681|14.5023,14.3419|127.6578|13.796,14.5981|144.3843|10.9397,14.9392|175.9186|4.7881,15.1384|182.8126|2.4841,10.422|167.9874|5.9941,16.3185|167.4804|2.0835,-7.9447|166.2694|14.4292,30.4224|158.1969|-9.1572,-36.1462|138.3818|5.7315,52.0261|124.6278|3.6126,-49.5462|115.7371|19.9985,67.9494|99.8842|13.0218,0.4604|107.5429|17.7637,25.0588|107.3122|7.6989,-14.4811|62.2016|29.9356,41.9762|61.9225|1.3373,-28.6174|15.2732|15.7049,34.9716|16.0453|-18.8416,-28.2657|6.5144|26.3919,43.9001|7.3785|-12.8163,35.6262|45.2411|-14.2051,93.1612|158.5286|48.6829,93.5001|152.0538|51.1139,63.44|84.2266|20.7467,62.4916|85.3076|20.947,67.9507|99.8854|13.0227
attack2_toidle,26,0.8667,14.5731|120.767|14.0715,13.6561|115.2149|13.2919,14.3669|128.9178|12.2653,14.4661|145.584|9.0762,13.5194|177.0898|2.8551,13.2612|183.9163|0.4615,9.3386|169.1327|4.8938,14.4167|168.6289|-0.0281,-6.8132|167.287|17.0243,24.7573|159.4513|-14.8707,-32.3199|142.7941|-2.9307,42.5074|118.8564|-9.4431,-48.4815|118.2178|2.6095,55.5909|88.9324|-5.4454,0.7501|108.8056|17.2284,24.9054|108.4681|6.1452,-14.4129|63.1842|27.859,41.3531|62.8133|0.4882,-28.7852|15.8801|15.3226,34.8693|16.4728|-18.7856,-28.5989|7.0293|25.9378,43.7331|7.6961|-12.8242,18.0653|45.5855|-42.0653,90.7486|135.0242|40.5005,90.6297|128.1429|41.263,51.9934|72.4549|-1.5432,50.8499|73.4558|-0.8321,55.5925|88.9331|-5.4445
attack2_toidle,27,0.9,14.71|121.7985|13.0388,13.8189|116.2153|12.3442,14.3708|129.9368|11.1051,14.2122|146.5522|7.6824,12.4856|177.9709|1.1962,12.0407|184.7096|-1.3189,8.5186|169.9268|3.3981,13.5005|169.4865|-1.6239,-7.0476|167.8252|16.2322,22.1471|161.0111|-17.8985,-30.6604|145.5446|-8.1545,34.191|120.8891|-24.138,-47.2878|120.7134|-6.4728,43.0672|91.3158|-28.7399,1.1475|109.7511|16.9039,24.8234|109.4652|4.829,-14.0563|63.9546|26.5232,41.0623|63.6549|-0.1306,-28.6795|16.3578|15.6318,34.9793|16.9716|-18.6946,-28.5242|7.4849|26.229,43.7679|8.093|-12.7729,-6.287|71.4579|-70.7561,93.4997|110.5674|22.0462,91.8638|104.0143|20.5204,37.0387|75.3779|-30.4743,36.1779|75.6346|-29.8387,43.0691|91.3156|-28.7394
attack2_toidle,28,0.9333,14.7682|122.1828|12.6717,13.9075|116.577|11.9947,14.3375|130.3251|10.6836,13.9866|146.9178|7.1932,11.7933|178.2881|0.6074,11.2667|184.9544|-1.993,7.9509|170.1524|2.8008,12.9875|169.7987|-2.1714,-7.5783|167.7866|15.6338,20.6214|162.0711|-19.3023,-31.5893|145.1818|-8.0557,25.8634|124.0893|-34.6518,-48.005|120.2995|-5.3575,34.0235|96.4663|-44.5033,1.4216|110.0545|16.9646,24.7242|109.8608|4.1824,-13.5876|64.1704|26.2899,40.9855|64.0136|-0.3448,-28.2909|16.4394|16.2994,35.2063|17.0765|-18.3575,-28.0151|7.5776|26.9033,44.0146|8.2157|-12.4384,-23.2367|107.2875|-79.4396,93.0325|81.9657|-2.3713,89.0965|77.089|-5.3164,22.7608|84.6032|-49.6946,22.8974|85.5366|-50.6441,34.0252|96.4654|-44.5035
attack2_toidle,29,0.9667,14.8018|122.3605|12.5387,13.9646|116.7395|11.8292,14.3162|130.522|10.5539,13.8462|147.1175|7.1243,11.3805|178.4888|0.6269,10.8297|185.1023|-2.018,7.6133|170.2586|2.7255,12.7481|170.0112|-2.1513,-8.0639|167.6187|15.3229,20.204|162.8201|-19.5914,-32.8284|144.4249|-6.9811,25.2196|125.0999|-34.964,-48.7634|119.5071|-2.3906,33.1761|97.6244|-44.8038,1.6079|110.1551|17.0347,24.646|110.0861|3.7806,-13.3231|64.2746|26.313,41.0338|64.2535|-0.4257,-27.9336|16.4856|16.6606,35.6194|17.1185|-18.0303,-27.6659|7.6334|27.2729,44.4613|8.3105|-12.0825,-25.6165|117.7581|-72.5899,94.0235|73.1702|-10.9666,89.2203|69.0277|-13.7444,20.0508|87.6329|-49.7405,21.9379|87.032|-50.3167,33.1777|97.6234|-44.8043
attack2_toidle,30,1.0,14.8259|122.4541|12.5183,13.9937|116.8246|11.7481,14.3267|130.6449|10.5694,13.8204|147.2585|7.2724,11.258|178.6656|0.9703,10.732|185.2402|-1.6951,7.5223|170.3471|2.9228,12.7791|170.2067|-1.8271,-8.4075|167.4657|15.1447,20.7328|163.3136|-19.1672,-33.8054|143.5597|-5.6434,25.7478|125.7964|-34.5797,-48.7652|118.6226|1.4441,33.6899|98.4733|-44.4671,1.7186|110.2038|17.0985,24.5495|110.2272|3.4904,-13.2382|64.3803|26.421,40.9832|64.3918|-0.5016,-27.8565|16.6305|16.7892,35.82|17.1217|-17.8168,-27.6104|7.7556|27.383,44.6763|8.3485|-11.839,-26.5858|116.4048|-70.7327,96.4335|76.4006|-12.7227,91.643|72.0706|-15.2228,20.6991|88.0216|-48.9693,21.4626|88.1457|-49.8131,33.6915|98.4722|-44.4676
attack2_toidle,31,1.0333,14.8423|122.4811|12.5873,13.9992|116.8499|11.7296,14.3651|130.7105|10.7063,13.8956|147.3557|7.6099,11.3769|178.8319|1.6221,10.9112|185.3813|-1.038,7.6387|170.4339|3.3913,13.0196|170.3971|-1.2203,-8.5841|167.3456|15.1693,21.6183|163.7815|-18.3595,-34.4133|142.8887|-4.4113,26.7512|126.3767|-33.7379,-48.029|118.0903|5.3632,34.7549|99.1305|-43.5604,1.7585|110.209|17.1335,24.4482|110.3108|3.2916,-13.3412|64.4474|26.3323,40.8077|64.4487|-0.698,-28.0881|16.8395|16.4038,35.7623|17.1523|-17.9757,-27.8771|7.9004|26.9442,44.5993|8.3687|-11.9847,-26.1576|114.9563|-69.7307,98.4777|79.2048|-12.3973,93.7832|74.7084|-14.783,22.0995|88.2059|-48.0331,22.2675|88.295|-48.8106,34.7565|99.1295|-43.561
attack2_toidle,32,1.0667,14.8532|122.4587|12.7224,14.0008|116.8246|11.7907,14.3988|130.7215|10.8879,13.9722|147.3883|7.9482,11.493|178.9169|2.2032,11.0827|185.4351|-0.4662,7.7561|170.4501|3.8299,13.2342|170.4973|-0.6667,-8.708|167.215|15.2274,22.45|164.1099|-17.5702,-34.8281|142.3682|-3.4561,27.6664|126.7482|-32.8939,-47.0331|117.8855|8.69,35.7132|99.5274|-42.6403,1.7802|110.1712|17.2246,24.3721|110.3291|3.2242,-13.4478|64.4644|26.2839,40.6268|64.4336|-0.8103,-28.3318|16.9799|16.1692,35.6532|17.1384|-18.112,-28.1332|8.018|26.6904,44.4607|8.338|-12.1021,-25.5046|113.3511|-69.1987,99.9837|81.6601|-11.3401,95.4087|77.0101|-13.6628,23.4179|88.1715|-47.115,23.5292|88.0542|-47.6644,35.7148|99.5264|-42.6409
attack2_toidle,33,1.1,14.8604|122.4045|12.9002,14.0067|116.7623|11.9217,14.4156|130.6911|11.0738,14.0115|147.3644|8.2101,11.5153|178.9151|2.5761,11.1391|185.3895|-0.1306,7.7956|170.3898|4.1286,13.3331|170.4975|-0.2941,-8.8212|167.0659|15.2764,23.0661|164.2855|-16.9715,-35.1308|141.9523|-2.7737,28.271|126.9224|-32.2537,-46.2247|117.8231|11.0321,36.3063|99.6986|-41.9656,1.8062|110.1003|17.3902,24.3292|110.2893|3.2796,-13.4757|64.4133|26.2576,40.492|64.3666|-0.8141,-28.3688|16.9919|16.0525,35.5709|17.0689|-18.124,-28.1844|8.0507|26.5916,44.3604|8.2612|-12.0987,-25.3489|111.6017|-68.4472,101.1594|83.8875|-10.7686,96.6877|79.0917|-12.9937,24.2815|87.9704|-46.2325,24.4036|87.9403|-46.7923,36.3079|99.6977|-41.9662
attack2_toidle,34,1.1333,14.8659|122.3357|13.0974,14.0125|116.6842|12.0795,14.4289|130.6436|11.2679,14.0455|147.3196|8.4535,11.5279|178.8849|2.8978,11.1783|185.3119|0.1459,7.8251|170.311|4.4026,13.3996|170.464|0.0285,-8.8937|166.9295|15.3793,23.581|164.4021|-16.4351,-35.4028|141.6138|-2.087,28.7079|127.0273|-31.7133,-45.8499|117.7797|12.701,36.689|99.79|-41.4309,1.824|110.0157|17.5668,24.3061|110.2267|3.3913,-13.4594|64.3321|26.2502,40.3721|64.2836|-0.8518,-28.3316|16.9638|15.9529,35.4673|17.0065|-18.2218,-28.1378|8.0453|26.511,44.251|8.1864|-12.2059,-25.4169|109.9667|-67.5764,102.1141|85.8445|-10.5394,97.7316|80.9209|-12.6608,24.8916|87.7429|-45.4343,25.0875|87.8779|-46.0632,36.6907|99.7891|-41.4315
attack2_toidle,35,1.1667,14.8717|122.2699|13.2908,14.0197|116.6082|12.2376,14.4414|130.5977|11.4517,14.0757|147.2743|8.6684,11.5364|178.8499|3.1754,11.209|185.2272|0.3735,7.8479|170.237|4.6435,13.447|170.4228|0.3044,-8.9415|166.8138|15.4988,24.0361|164.4973|-15.9504,-35.6565|141.3331|-1.4049,29.1354|127.1218|-31.2266,-45.7338|117.7321|14.0006,37.0941|99.8784|-40.9372,1.8385|109.9345|17.7348,24.2955|110.1622|3.52,-13.424|64.252|26.2671,40.2617|64.2032|-0.9238,-28.2742|16.9289|15.9049,35.3563|16.9586|-18.3819,-28.0571|8.0344|26.4828,44.1414|8.122|-12.3926,-25.2447|108.7983|-66.988,102.8308|87.2884|-10.1264,98.5211|82.2745|-12.1842,25.4807|87.6038|-44.788,25.7113|87.8167|-45.3903,37.0958|99.8775|-40.9377
attack2_toidle,36,1.2,14.8799|122.2243|13.4569,14.0295|116.5524|12.3697,14.4559|130.5717|11.6067,14.1034|147.2491|8.8444,11.5462|178.8333|3.4159,11.2405|185.1605|0.5626,7.8673|170.1915|4.8427,13.4879|170.3997|0.5368,-8.9789|166.7274|15.5965,24.4705|164.6079|-15.5037,-35.9028|141.0951|-0.7371,29.6171|127.2739|-30.799,-45.7112|117.6996|15.1479,37.599|100.0535|-40.4984,1.8543|109.8738|17.8744,24.2904|110.1168|3.6268,-13.3848|64.1939|26.2776,40.1553|64.144|-1.0304,-28.2211|16.9119|15.8709,35.2519|16.9333|-18.5802,-27.9785|8.0355|26.4635,44.0414|8.0765|-12.6272,-24.7546|108.0368|-66.8244,103.4215|88.4453|-9.4981,99.1785|83.3665|-11.5353,26.1654|87.6012|-44.36,26.3152|87.7559|-44.7362,37.6007|100.0526|-40.499
crit_toidle,0,0.0,0.0854|84.6345|18.3994,-1.1281|79.5483|18.0701,-0.9559|92.2619|18.1895,2.0853|106.77|18.6517,18.7142|135.463|12.7847,24.5884|140.4765|14.1554,15.3979|128.1883|17.8308,15.1462|126.9144|10.8892,15.0344|127.422|38.097,12.4842|122.1264|-8.6414,53.1935|119.2558|49.3174,14.1269|85.6006|-26.3096,67.3206|111.4509|24.1103,42.0466|78.0714|-18.5837,-11.1995|74.8335|28.044,5.733|71.0045|7.9178,4.2615|51.854|68.2871,39.5154|40.8597|-10.4377,-31.8924|16.6278|64.6955,12.8041|16.9269|-46.143,-25.3859|7.7516|73.058,22.4439|8.0471|-41.7427,75.596|89.8516|27.9443,-6.2443|60.6231|-84.0696,-0.8764|56.7808|-81.9795,48.9569|67.6137|-20.1281,48.9486|67.6061|-20.1181,42.046|78.0714|-18.5856
crit_toidle,1,0.0333,0.9368|83.7913|17.1236,-0.245|78.6803|16.8213,-0.1569|91.432|16.8345,2.5505|106.1756|17.3126,19.3164|134.6876|11.5012,25.1445|139.7126|12.8142,15.0989|126.6934|16.8182,15.5889|126.3206|9.5703,14.9314|126.0859|37.0924,12.8222|121.5208|-9.9429,53.187|115.5548|45.7123,14.5674|84.6927|-26.957,68.3593|106.2757|21.6377,42.2346|76.2428|-19.281,-10.2863|73.8367|26.7637,6.5743|70.2714|6.5291,4.5118|52.102|67.9156,42.9381|41.645|-9.1262,-31.9109|17.1614|64.5172,14.1988|18.5973|-43.8248,-25.4765|8.2072|72.8524,23.5342|9.3922|-39.4371,74.1632|88.9655|29.5126,-4.107|55.9481|-83.9902,1.1534|52.1513|-81.5694,48.9657|65.0459|-18.5296,48.4784|63.6043|-19.337,42.2341|76.2427|-19.2829
crit_toidle,2,0.0667,1.7521|82.5028|15.8537,0.6754|77.3473|15.6693,0.4905|90.1313|15.3728,2.6005|105.174|15.3282,19.276|133.6264|9.5282,25.0111|138.7169|10.7816,14.1629|124.8255|15.1484,15.4583|125.4089|7.5754,14.9269|124.4448|35.4144,12.6808|120.5084|-11.9112,51.8579|110.2923|44.6068,14.2408|83.2202|-27.8968,66.3913|98.8068|21.0961,40.414|71.3802|-19.5106,-9.2146|72.3321|25.678,7.4909|69.0764|5.2634,5.1619|52.4784|67.8636,47.9824|43.5442|-4.5053,-31.0324|17.3138|65.0824,19.7119|17.5437|-37.4579,-24.525|8.4384|73.445,29.0171|8.6631|-32.3898,68.0509|86.8504|32.7972,1.9862|47.2477|-86.2251,6.7501|43.479|-82.9009,47.4977|59.8955|-15.8455,47.575|59.876|-18.0909,40.4135|71.38|-19.5124
crit_toidle,3,0.1,2.6035|81.6594|14.578,1.6521|76.4604|14.5491,1.1395|89.2579|13.8749,2.619|104.5668|13.0567,19.0802|133.0381|7.3068,24.7058|138.2108|8.4974,13.1884|123.444|13.1934,15.1887|124.9648|5.3156,15.5542|123.4073|33.3389,12.3499|120.0178|-14.1505,49.2299|104.6492|46.0973,14.5297|82.6174|-29.7759,62.4243|90.7615|23.0989,37.1275|65.5743|-20.0779,-8.063|71.151|24.5774,8.3899|68.4714|3.8759,4.5448|52.9627|67.9944,52.1254|47.0288|0.0927,-31.2123|17.4483|65.1006,24.5022|17.6239|-30.4595,-24.7196|8.549|73.4492,33.6533|8.7738|-25.0678,60.1497|81.2811|37.1474,11.4648|43.6408|-90.5719,14.8648|39.445|-86.2379,44.7589|54.306|-13.3559,45.4149|55.504|-15.1329,37.127|65.5739|-20.0797
crit_toidle,4,0.1333,3.5634|82.1515|13.2851,2.7325|76.9175|13.4073,1.9039|89.7114|12.3745,2.7589|105.2322|10.7765,18.5098|134.0401|5.2923,23.9212|139.3884|6.4717,12.1663|123.6875|11.2963,14.6925|126.0499|3.2044,16.1074|123.9642|31.1918,11.9634|121.1061|-16.2781,44.5041|101.6413|49.7394,16.5232|83.7568|-31.4794,57.0039|86.6413|27.0537,34.2901|62.2202|-20.7451,-6.8252|71.2762|23.4056,9.345|69.2753|2.4067,3.9784|55.5169|68.1724,54.7846|51.3551|3.4037,-29.9939|18.4037|64.9125,28.1521|18.8455|-24.7911,-24.2692|9.5582|73.8588,37.0361|9.7969|-19.2833,50.5891|80.269|40.438,22.8579|39.5306|-92.4928,25.0874|35.3391|-87.4522,42.4686|51.8461|-10.9557,42.9198|52.3004|-12.0574,34.2897|62.2196|-20.7469
crit_toidle,5,0.1667,4.7584|86.1995|11.9669,3.9778|80.9447|12.1756,3.0045|93.7481|10.9473,3.4578|109.4575|8.8557,18.2684|138.798|4.239,23.4148|144.3274|5.5381,11.8116|127.8153|10.0199,14.5811|130.9056|1.8918,17.0137|128.306|29.6193,11.993|126.3516|-17.7047,38.5825|103.4896|53.4443,18.2433|88.9374|-32.091,52.4639|88.9598|31.2614,31.7615|63.8856|-22.9344,-5.4845|75.0267|22.1044,10.3748|73.6454|0.8204,1.7519|58.6217|67.3071,55.2957|54.9307|5.1516,-27.1608|17.7016|62.1065,32.472|17.5829|-20.2515,-22.6745|8.7814|71.6646,41.2393|8.7176|-14.2785,43.099|84.3553|40.5312,30.3672|40.5479|-93.7002,31.8479|36.4459|-88.3216,40.3799|54.6866|-10.7279,41.2756|55.5277|-11.7067,31.7613|63.8848|-22.9362
crit_toidle,6,0.2,6.4727|97.3114|10.5797,5.6558|92.0468|10.8011,4.7474|104.8909|9.5618,5.0903|120.8039|7.301,18.5259|150.8544|3.8974,23.3292|156.593|5.3892,12.3491|139.3802|9.2263,15.053|143.0521|1.2074,18.5716|140.2796|28.5113,12.4911|139.1581|-18.5342,36.0216|112.1357|52.0083,19.7174|101.8443|-32.6861,51.1192|100.1054|29.1342,30.7313|74.4574|-27.9679,-3.8022|85.9066|20.5983,11.7476|85.1098|-0.9424,-2.3777|62.5367|63.1994,52.8261|59.1954|4.3381,-23.5285|16.8744|61.4159,35.5594|17.2399|-18.0827,-20.2792|8.0641|71.5585,44.3667|8.4527|-12.0533,41.1705|94.3105|37.8992,34.6703|54.7124|-98.075,35.4871|50.3889|-92.7282,39.916|66.1325|-14.25,40.549|66.4436|-14.48,30.7311|74.4565|-27.9697
crit_toidle,7,0.2333,8.6287|105.5783|8.8515,7.799|100.3005|9.0914,6.9044|113.1774|7.799,7.1122|129.2923|5.4855,18.7063|160.0626|2.7175,23.0433|166.1338|4.1503,13.0891|148.3659|7.7543,15.5679|152.2521|-0.1573,19.5079|150.3708|26.8911,13.1675|148.6011|-19.9655,37.1716|119.8103|46.9597,21.4353|111.1792|-33.1942,52.259|110.4685|22.8559,31.0076|82.8708|-33.4022,-1.6057|93.9892|18.831,13.7327|93.6065|-2.872,-5.4353|63.1455|56.2371,49.6316|60.8774|2.3209,-21.9125|15.7641|60.8654,35.9989|16.5755|-17.9912,-19.4077|7.3143|71.5134,44.8001|7.7385|-12.0261,42.174|104.3074|33.1331,35.8973|63.0769|-102.3656,36.693|58.8169|-96.965,40.978|75.5018|-18.6735,41.0207|76.822|-18.2964,31.0074|82.8698|-33.4039
crit_toidle,8,0.2667,11.2192|111.6137|6.6259,10.398|106.3197|6.891,9.4697|119.2218|5.5069,9.507|135.5178|3.2012,19.144|166.8943|0.8522,22.9433|173.32|2.0777,14.1381|155.1759|5.6434,16.3837|159.0474|-2.1551,19.9131|158.6069|24.7829,14.2536|155.6453|-22.0384,39.7443|129.0851|44.3757,21.9379|119.5304|-38.7541,54.6546|120.1244|20.0184,34.305|92.4762|-35.9953,1.0993|99.8669|16.6396,16.292|99.765|-5.1687,-6.7378|64.143|48.811,47.5774|62.6291|0.2197,-21.2251|16.4557|56.6799,36.0673|16.8332|-17.983,-19.6092|7.9759|67.475,44.8993|8.0444|-11.9924,44.9981|112.688|31.7206,39.736|74.255|-104.6409,40.5909|69.8949|-99.33,44.4102|84.9771|-20.69,44.946|86.6278|-20.9674,34.3049|92.4753|-35.997
crit_toidle,9,0.3,13.5238|116.0962|5.3965,12.7122|110.7856|5.6799,11.7508|123.7125|4.2083,11.5926|140.1466|1.8988,19.2227|172.0045|-0.0904,22.4089|178.7619|0.8721,14.8077|160.3516|4.4613,16.8639|164.1201|-3.2225,19.5449|165.0707|23.6114,15.045|161.0842|-23.1958,42.0388|138.9591|45.0801,22.1983|125.7145|-41.6258,57.7747|129.139|21.5889,41.1003|103.4867|-35.2511,3.5304|104.204|15.4533,18.6018|104.3368|-6.4389,-7.5177|65.0053|42.4349,45.6558|63.9822|-1.2939,-22.1648|16.7116|46.1859,35.4639|17.2972|-17.9589,-22.5581|8.0752|56.9705,44.2553|8.4169|-12.0439,49.755|122.3038|33.5345,48.1848|87.1093|-103.7905,49.1897|82.6647|-98.5767,51.2351|95.9296|-19.544,50.8524|96.4101|-20.7939,41.1002|103.4858|-35.2529
crit_toidle,10,0.3333,15.5437|119.5271|5.5318,14.7387|114.1996|5.821,13.7555|127.1536|4.2768,13.3428|143.6724|1.9186,18.9988|175.8667|0.148,21.4693|182.9263|0.7195,15.1138|164.3684|4.4929,17.0505|167.9437|-3.0838,18.6067|170.1152|23.6296,15.5908|165.2951|-23.1415,43.3721|148.2576|47.2434,23.2434|129.3173|-40.1159,60.9517|137.4591|25.5584,47.7465|114.2366|-32.1306,5.6595|107.5012|15.6106,20.6504|107.8405|-6.3345,-8.3678|65.0111|36.2177,43.4549|64.7898|-2.6626,-23.8743|16.4132|34.8546,34.9079|17.3672|-18.126,-26.055|7.6725|45.3378,43.6919|8.4508|-12.2545,53.8898|131.0275|37.6716,57.1879|100.5396|-100.7439,58.2798|95.9698|-95.6573,57.8521|106.5907|-16.201,57.3266|106.6135|-17.9539,47.7464|114.2358|-32.1324
crit_toidle,11,0.3667,17.599|122.518|6.1535,16.7953|117.1736|6.4342,15.8082|130.158|4.8372,15.121|146.7234|2.435,18.6712|179.1427|0.7615,20.3641|186.4157|0.9725,15.3021|167.8948|4.9021,17.2059|171.1725|-2.554,17.2445|174.3114|24.0461,16.2226|168.9681|-22.6943,43.9095|155.2423|48.0054,25.3333|132.7487|-38.3694,65.6661|144.2226|30.653,52.2213|123.5913|-29.178,7.8488|110.3706|16.2739,22.7474|110.871|-5.731,-8.744|64.1731|25.5735,41.1714|65.6534|-4.0547,-25.8437|15.3414|26.7597,34.6637|17.4486|-18.0196,-28.3791|6.5155|37.0905,43.455|8.5686|-12.104,56.1745|137.7523|41.4862,63.6322|113.2266|-97.9488,64.869|108.5132|-93.0292,62.4136|115.8027|-13.2349,62.6904|116.2697|-14.9052,52.2213|123.5906|-29.1798
crit_toidle,12,0.4,19.3572|124.959|7.0769,18.531|119.5993|7.3102,17.6077|132.6275|5.7291,16.7501|149.2276|3.3591,17.9745|181.7456|1.7369,18.9024|189.1275|1.8092,15.0983|170.7968|5.6227,17.1234|173.7366|-1.6698,15.177|177.3758|24.8099,16.7802|172.1463|-21.8889,42.2574|159.6402|49.321,26.8115|136.2993|-37.847,64.2761|149.0302|32.0439,54.3253|131.6805|-27.2255,9.7329|112.6574|17.1865,24.5802|113.3743|-4.847,-8.0884|65.2551|19.4508,37.7531|66.3506|-6.3077,-26.553|16.1535|21.8015,34.6924|17.2178|-18.0407,-28.1776|7.5593|32.5044,43.5078|8.3526|-12.1387,54.891|142.7507|44.1386,68.6567|125.6072|-95.918,70.1578|120.7913|-91.1745,64.6814|124.047|-11.2639,65.0967|124.3911|-13.5539,54.3255|131.6798|-27.2274
crit_toidle,13,0.4333,20.4849|126.7379|8.1174,19.6114|121.366|8.2527,18.8477|134.4483|6.7279,17.9464|151.076|4.4084,16.9263|183.5239|2.6358,17.135|190.9318|2.6119,14.3769|172.9258|6.2084,16.8152|175.4994|-0.8326,12.0116|179.3357|25.307,17.6372|174.5432|-21.0778,38.1973|163.2713|51.8576,28.2224|139.2321|-37.8537,61.4604|153.0918|36.0116,55.7719|138.9472|-26.3587,10.6916|114.3088|17.9363,26.0455|115.2089|-3.7404,-7.6969|66.5186|18.0701,30.4609|67.0571|-10.7256,-26.7738|17.0268|18.6008,35.0406|17.1804|-17.9644,-27.4231|8.2337|29.2456,44.0317|8.6783|-11.7992,54.8301|145.8207|45.5088,71.0315|138.3431|-95.1355,72.9706|133.4271|-90.6611,66.7338|131.4427|-10.7645,66.2507|131.9728|-12.66,55.7722|138.9467|-26.3606
crit_toidle,14,0.4667,20.6565|127.7497|9.1509,19.7806|122.36|9.1335,19.1107|135.4984|7.7341,18.0452|152.1415|5.4849,14.8164|184.3581|3.3452,14.3586|191.7234|3.1527,12.5137|174.109|6.5454,15.5536|176.3628|-0.1273,7.3211|180.0197|25.2414,18.0137|176.0121|-20.259,31.7114|165.913|54.4785,29.8881|141.4343|-37.6994,56.6773|156.495|40.9176,56.4694|145.8655|-24.8454,10.4794|115.1812|18.3581,26.8526|116.3053|-2.5485,-7.9927|67.3597|17.4176,31.014|68.238|-10.2362,-27.132|17.823|16.4485,35.3306|18.449|-18.2027,-27.4252|8.858|26.9649,44.0698|9.466|-12.3659,52.2027|147.4405|47.1524,73.9852|152.1786|-92.8558,76.408|147.2506|-88.6378,67.8004|138.7818|-9.3883,67.4495|140.0936|-11.3159,56.4698|145.8652|-24.8473
crit_toidle,15,0.5,19.8642|128.0274|10.3721,19.0323|122.6179|10.1709,18.3871|135.8116|8.9423,17.061|152.4583|6.7604,12.1795|184.3834|4.288,11.2233|191.6653|3.9121,9.9481|174.4589|6.9844,13.7188|176.483|0.832,1.8264|179.2528|24.9426,18.5986|176.6715|-18.8558,23.1515|166.6053|57.0981,33.3893|143.8712|-37.4851,49.9104|158.3004|46.5681,57.5586|153.8616|-23.0648,9.2594|115.2968|18.7751,26.8704|116.6964|-1.0826,-8.8414|67.6881|17.3401,30.9984|68.7538|-9.53,-27.5962|18.3714|15.8586,35.2803|19.0941|-18.2834,-27.7317|9.3807|26.3564,43.9962|10.1005|-12.4283,49.1406|147.1817|48.1868,77.1078|170.5166|-88.8262,80.2485|165.7549|-84.9006,69.2335|147.6381|-7.5912,68.408|148.6989|-9.5451,57.5591|153.8615|-23.0667
crit_toidle,16,0.5333,18.4933|127.74|11.7097,17.7332|122.3136|11.3199,17.0817|135.5596|10.2733,15.5123|152.2012|8.1036,9.5307|183.8639|5.367,8.2477|191.0558|4.8108,7.2732|174.2257|7.4707,11.7732|176.0942|1.9573,-3.6348|177.522|24.2513,19.6366|176.8258|-16.7266,13.5379|165.4933|59.0235,38.296|146.9647|-36.8062,41.8603|158.5181|52.3097,58.622|162.0089|-20.8946,7.4767|114.8611|19.2195,26.353|116.5224|0.582,-9.9723|67.5753|17.6133,30.5582|68.7288|-8.6364,-28.0519|18.5928|15.9545,34.9201|19.2237|-18.1884,-28.08|9.616|26.4649,43.6669|10.2882|-12.2904,45.5072|146.7835|48.2108,79.7332|188.9412|-82.7492,83.511|184.6297|-78.8651,69.9519|157.0883|-4.8116,69.8439|157.2801|-5.9061,58.6227|162.0091|-20.8964
crit_toidle,17,0.5667,16.9513|127.0607|13.0344,16.3076|121.6205|12.4459,15.5995|134.9142|11.5918,13.8167|151.5476|9.3945,7.1901|183.0238|6.5344,5.7296|190.141|5.8271,4.8694|173.6141|7.9349,10.0765|175.4108|3.2037,-8.7457|174.9992|22.9066,21.6262|176.7888|-13.4145,3.1708|161.8481|59.427,45.3607|150.0854|-32.6125,32.5466|156.47|57.4209,62.4436|167.5844|-15.4179,5.5214|114.0035|19.4302,25.8299|116.0026|2.4007,-10.8036|66.9139|17.647,30.5358|68.4257|-7.6584,-27.719|18.1345|15.8049,35.4162|19.1452|-18.0812,-27.6545|9.1762|26.3309,44.176|10.2233|-12.1818,44.8276|143.1723|49.8658,84.071|204.5489|-71.757,88.2518|200.8471|-67.6624,72.523|163.8646|1.7004,72.3443|165.1275|0.7418,62.4445|167.585|-15.4196
crit_toidle,18,0.6,15.6455|126.1629|14.2167,15.0731|120.7197|13.4529,14.4407|134.064|12.7699,12.6916|150.7151|10.5332,5.987|182.1185|7.5043,4.5197|189.1903|6.6419,3.5672|172.8992|8.2418,9.3588|174.6154|4.3232,-12.2196|172.5095|20.9722,24.1498|176.4152|-9.4407,-6.3639|157.3329|58.1753,54.1059|151.3069|-20.3811,23.1084|153.962|62.1641,69.6458|168.3902|-1.3617,3.75|113.0745|19.4926,25.3531|115.159|4.1501,-11.8621|66.1743|17.8838,30.1155|67.7742|-6.7536,-28.0388|17.5907|16.2222,35.0545|18.6928|-18.0512,-27.8312|8.6932|26.7978,43.8256|9.7621|-12.182,50.0135|134.5173|58.8764,88.0626|214.6778|-51.694,92.4533|211.9446|-47.0897,77.6112|166.1851|17.0358,77.4847|167.5701|16.4225,69.6467|168.3911|-1.3631
crit_toidle,19,0.6333,14.9102|125.0774|15.1764,14.3753|119.6411|14.2357,13.9412|133.0387|13.749,12.4918|149.7445|11.5516,6.3532|181.1943|8.1751,5.061|188.25|7.1325,3.7782|172.1234|8.3066,10.0688|173.7158|5.2643,-13.8524|170.4162|18.1903,27.283|175.437|-5.3267,-14.5713|152.8628|54.797,60.5323|152.3024|-1.9746,13.1326|150.6628|65.912,78.0789|165.1208|18.6484,2.482|112.0654|19.1649,25.3621|114.0664|5.7885,-12.8243|65.2197|17.6077,29.9908|66.8852|-6.0178,-28.6843|16.6928|15.9997,34.7913|18.0147|-18.2506,-28.459|7.8228|26.5981,43.699|9.378|-12.1518,57.9471|123.1143|73.381,91.33|218.0288|-26.4992,95.3423|216.3878|-21.0996,82.5144|164.1352|38.3261,82.5741|164.8847|37.8784,78.0797|165.122|18.6471
crit_toidle,20,0.6667,14.5272|123.2759|16.0731,13.9881|117.8556|14.9599,13.8842|131.3028|14.6932,12.9929|148.0753|12.5744,8.2245|179.6934|8.831,7.3158|186.7571|7.622,5.383|170.8074|8.4036,12.0693|172.1268|6.2635,-13.7734|168.3068|14.5857,30.9056|173.0751|-1.2031,-21.6339|147.956|48.8312,63.5662|153.4437|13.3784,1.5484|145.2884|67.5756,84.6357|158.0833|34.3304,1.5389|110.4907|18.6901,25.548|112.1533|7.4104,-14.0031|64.7128|27.9288,36.3506|65.458|-2.0625,-28.9601|17.3005|16.6144,34.8185|17.6597|-18.615,-28.6707|8.3544|27.1471,43.6184|8.7616|-12.7395,61.8389|108.2952|81.1922,96.083|216.5825|-3.6634,99.1569|215.1614|2.3764,84.7387|156.0925|54.6189,84.9851|156.1484|54.197,84.6365|158.0848|34.3294
crit_toidle,21,0.7,14.3522|121.1691|16.8207,13.8023|115.765|15.5599,14.0357|129.2498|15.501,13.7048|146.0688|13.4828,11.084|177.8628|9.3161,10.747|184.9235|7.9472,7.8439|169.2195|8.4477,14.793|170.0846|7.1307,-12.1436|166.4681|10.5378,34.5273|169.474|2.4787,-26.7342|143.5857|40.7405,65.9165|153.7588|23.719,-10.2738|139.013|65.3176,88.6621|149.5454|43.1993,0.9178|108.665|18.1521,25.7904|109.8853|8.8623,-14.6215|64.4841|33.0468,41.6483|64.272|1.4567,-29.1582|18.2335|17.5086,33.4056|18.7608|-19.0807,-28.9051|9.3671|28.1093,42.0018|9.5822|-13.3366,61.4919|90.6701|75.1242,101.2592|214.6077|18.9346,103.1382|212.3142|25.1922,84.3502|143.9022|62.5164,85.1354|143.332|61.4749,88.6629|149.5471|43.1988
crit_toidle,22,0.7333,14.2937|119.3262|17.2832,13.7108|113.9216|15.9661,14.1788|127.4373|15.9676,14.1723|144.2659|13.9185,13.935|176.0715|9.1874,14.2074|183.0728|7.6332,10.1968|167.7013|8.16,17.2496|168.0175|7.2991,-9.9127|165.1453|7.4454,37.1482|165.4256|4.3355,-30.3652|139.8516|31.748,67.4972|151.4591|28.5851,-21.8536|131.5918|59.2292,89.8684|141.1632|46.4569,0.6223|107.0395|18.0799,25.8113|107.8656|9.6381,-14.6943|63.5346|34.8747,43.9773|62.9978|3.0231,-28.8274|17.9673|17.2861,33.9148|18.5139|-18.907,-28.5739|9.0839|27.8726,42.5545|9.4058|-13.1161,61.7122|75.7952|58.9743,101.9468|210.3848|39.8418,102.8339|206.7814|45.6878,82.5991|131.1443|62.889,84.6894|130.12|62.3522,89.8692|141.165|46.4569
crit_toidle,23,0.7667,14.2604|118.3167|17.3249,13.6172|112.8932|16.0417,14.2384|126.439|15.9268,14.384|143.2485|13.6792,16.0839|174.8717|8.1715,16.8326|181.7567|6.3762,11.8499|166.7559|7.2989,18.899|166.5711|6.4525,-8.2631|164.5862|5.8164,38.45|161.8195|3.8761,-33.3288|137.3777|22.5526,67.4378|143.6501|27.385,-32.81|124.7418|49.6811,88.8054|130.2562|44.7106,0.4545|106.1808|18.238,25.6282|106.6513|9.7238,-14.6662|62.2774|34.0001,44.1522|61.9199|3.1778,-28.3855|16.7958|16.0121,35.0666|17.1257|-18.5458,-28.1268|7.9207|26.6054,43.8585|8.2464|-12.63,59.3605|64.831|41.1076,103.6995|198.8769|53.9526,104.1379|194.0701|58.9174,81.1868|117.2657|58.1174,82.5028|117.4979|57.6765,88.8062|130.2579|44.7111
crit_toidle,24,0.8,14.283|118.4968|16.6687,13.5203|113.0463|15.4962,14.2614|126.6185|15.1316,14.5031|143.3922|12.6143,16.3052|174.8991|6.55,17.0094|181.6965|4.506,11.7217|166.944|6.4508,18.5159|166.4813|4.4607,-8.3719|165.1921|8.5996,36.4994|158.9982|-1.201,-36.555|136.4816|14.0872,62.6008|133.5507|18.6351,-43.8249|118.5123|36.8938,81.84|114.7928|33.2531,0.3422|106.4951|18.0569,25.3496|106.5881|9.054,-14.7112|61.9238|31.7558,43.2282|61.5834|2.5873,-28.3777|15.9372|15.1781,35.4998|16.2487|-18.5317,-28.1399|7.1261|25.8251,44.3391|7.4804|-12.5216,54.1161|51.95|17.1849,96.7612|181.412|56.175,97.4049|175.702|60.0387,75.5992|100.2334|44.0607,75.1197|101.6769|43.3474,81.841|114.7943|33.2539
crit_toidle,25,0.8333,14.4095|119.4901|15.4328,13.5023|114.0099|14.4322,14.292|127.6031|13.7332,14.5585|144.3256|10.8924,14.8997|175.8599|4.7407,15.0728|182.6205|2.5397,10.3849|167.9557|5.9397,16.2789|167.4217|2.0362,-7.9818|166.2377|14.3747,30.3828|158.1383|-9.2046,-36.1833|138.3501|5.677,51.9865|124.5691|3.5652,-49.5833|115.7053|19.944,67.9098|99.8256|12.9744,0.4172|107.5847|17.6937,25.0155|107.354|7.6289,-14.4343|62.5169|29.7921,41.9329|61.9643|1.2672,-28.4853|15.8713|15.6471,34.9284|16.0871|-18.9117,-28.134|7.1117|26.3335,43.8203|7.3238|-12.9724,35.5866|45.1824|-14.2525,93.1216|158.4699|48.6355,93.4605|151.9951|51.0665,63.4004|84.168|20.6994,62.4916|85.3076|20.947,67.9111|99.8267|12.9754
crit_toidle,26,0.8667,14.5738|120.767|14.0714,13.611|115.2519|13.2304,14.3165|128.8665|12.2126,14.4274|145.529|9.0372,13.4807|177.0347|2.8162,13.2172|183.7395|0.5204,9.3009|169.1038|4.8476,14.378|168.5739|-0.0671,-6.8509|167.2581|16.9781,24.7186|159.3963|-14.9097,-32.3576|142.7653|-2.9769,42.4687|118.8014|-9.482,-48.5184|118.1839|2.5436,55.5522|88.8774|-5.4844,0.705|108.8427|17.167,24.8604|108.5052|6.0837,-14.2276|63.4878|27.9348,41.3081|62.8504|0.4267,-28.5715|16.4251|15.6676,34.8242|16.5099|-18.8471,-28.284|7.5905|26.2939,43.6677|7.6813|-12.9321,19.4886|44.8766|-42.8561,88.4907|135.7124|41.3271,88.4938|128.8296|42.0855,51.9547|72.3999|-1.5822,50.8499|73.4558|-0.8321,55.5538|88.878|-5.4835
crit_toidle,27,0.9,14.7101|121.7985|13.0388,13.7752|116.2478|12.2894,14.3232|129.8891|11.0597,14.1759|146.5013|7.6496,12.4494|177.92|1.1633,12.004|184.5489|-1.2615,8.4827|169.9003|3.3582,13.4643|169.4356|-1.6568,-7.0836|167.7987|16.1923,22.1109|160.9602|-17.9314,-30.6963|145.5182|-8.1944,34.1547|120.8382|-24.1708,-47.3876|120.7199|-6.6664,43.031|91.2649|-28.7728,1.1038|109.7836|16.8492,24.7797|109.4977|4.7743,-13.9164|64.2172|26.4767,41.0186|63.6874|-0.1853,-28.505|16.8819|15.7001,34.9355|17.0041|-18.7493,-28.2673|7.998|26.2866,43.7211|8.1179|-12.8345,-5.5373|71.0047|-71.5777,92.2158|111.0401|22.9776,90.6571|104.4719|21.4356,37.0025|75.327|-30.5072,36.1779|75.6346|-29.8387,43.0329|91.2647|-28.7723
crit_toidle,28,0.9333,14.7682|122.1828|12.6717,13.867|116.6058|11.946,14.2942|130.2816|10.6437,13.9536|146.8716|7.1647,11.7603|178.242|0.5789,11.2343|184.8098|-1.9399,7.9179|170.1284|2.7659,12.9546|169.7525|-2.2,-7.6114|167.7626|15.5989,20.5884|162.025|-19.3309,-31.6223|145.1578|-8.0907,25.8304|124.0431|-34.6803,-48.1639|120.3333|-5.6395,33.9905|96.4201|-44.5319,1.3811|110.0833|16.916,24.6837|109.8895|4.1338,-13.5465|64.4244|26.1965,40.945|64.0424|-0.3934,-28.1845|16.9319|16.2562,35.1657|17.1053|-18.4062,-27.9005|8.0677|26.858,43.9741|8.2445|-12.487,-23.2098|107.2022|-79.5903,92.8966|81.9812|-2.244,88.9682|77.1009|-5.193,22.7279|84.5571|-49.7231,22.8974|85.5366|-50.6441,33.9923|96.4192|-44.532
crit_toidle,29,0.9667,14.8018|122.3605|12.5387,13.928|116.765|11.7864,14.2775|130.4833|10.5187,13.8165|147.0765|7.0991,11.3509|178.4478|0.6016,10.8003|184.9736|-1.9709,7.5835|170.237|2.6947,12.7185|169.9702|-2.1766,-8.0937|167.597|15.2921,20.1744|162.7791|-19.6167,-32.8582|144.4032|-7.0118,25.19|125.0589|-34.9893,-48.7979|119.4872|-2.428,33.1465|97.5834|-44.8291,1.5713|110.1806|16.9919,24.6094|110.1117|3.7378,-13.267|64.4886|26.2243,40.9972|64.279|-0.4686,-27.8546|16.9207|16.6045,35.5829|17.144|-18.0731,-27.5496|8.0547|27.2041,44.4248|8.336|-12.1253,-25.6215|117.695|-72.6933,93.9478|73.1662|-10.8903,89.1485|69.0211|-13.671,20.0211|87.5919|-49.7658,21.9379|87.032|-50.3167,33.1481|97.5824|-44.8296
crit_toidle,30,1.0,14.8259|122.4541|12.5183,13.9615|116.8472|11.7109,14.2927|130.6112|10.5385,13.794|147.2228|7.2499,11.2316|178.63|0.9478,10.7049|185.1274|-1.6549,7.4957|170.3278|2.8958,12.7527|170.1711|-1.8496,-8.4341|167.4463|15.1177,20.7064|163.278|-19.1897,-33.832|143.5403|-5.6704,25.7214|125.7608|-34.6022,-48.7141|118.5904|1.5347,33.6635|98.4376|-44.4896,1.6864|110.2263|17.0613,24.5174|110.2498|3.4533,-13.1873|64.5618|26.3569,40.9511|64.4143|-0.5388,-27.8108|17.0029|16.7632,35.7878|17.1443|-17.8539,-27.5189|8.1138|27.3439,44.6441|8.3711|-11.8762,-26.6146|116.3716|-70.7469,96.4117|76.361|-12.7561,91.6208|72.0313|-15.2558,20.6727|87.986|-48.9918,21.4626|88.1457|-49.8131,33.6651|98.4366|-44.4901
crit_toidle,31,1.0333,14.8423|122.4811|12.5873,13.9716|116.8697|11.6979,14.336|130.682|10.6795,13.8723|147.3256|7.5899,11.3537|178.8018|1.602,10.8863|185.2844|-1.005,7.6154|170.4168|3.3679,12.9963|170.367|-1.2404,-8.6074|167.3285|15.1459,21.5951|163.7514|-18.3796,-34.4366|142.8716|-4.4348,26.728|126.3466|-33.7579,-47.9581|118.0719|5.4665,34.7316|99.1003|-43.5805,1.7309|110.2287|17.1019,24.4206|110.3306|3.2599,-13.3093|64.6029|26.3101,40.7801|64.4684|-0.7296,-28.0587|17.1405|16.4454,35.7348|17.172|-18.0074,-27.817|8.1987|26.9828,44.5717|8.3884|-12.0163,-26.1882|114.9338|-69.7248,98.4689|79.1622|-12.4515,93.7731|74.6666|-14.8362,22.0763|88.1758|-48.0532,22.2675|88.295|-48.8106,34.7332|99.0993|-43.581
crit_toidle,32,1.0667,14.8532|122.4587|12.7224,13.9779|116.8414|11.7644,14.3745|130.698|10.8654,13.9522|147.3636|7.9308,11.473|178.8921|2.1857,11.0606|185.3543|-0.4399,7.7362|170.4351|3.8099,13.2143|170.4725|-0.6841,-8.728|167.2|15.2075,22.4301|164.0851|-17.5877,-34.848|142.3532|-3.476,27.6465|126.7234|-32.9114,-47.0895|117.8608|8.6136,35.6933|99.5026|-42.6578,1.7573|110.1879|17.1983,24.3492|110.3458|3.1979,-13.4372|64.5816|26.2377,40.6039|64.4503|-0.8365,-28.2885|17.2014|16.1452,35.6303|17.1551|-18.1382,-28.09|8.2394|26.6664,44.4378|8.3548|-12.1283,-25.5245|113.3264|-69.2162,99.9637|81.6353|-11.3575,95.3888|76.9854|-13.6803,23.398|88.1467|-47.1324,23.5292|88.0542|-47.6644,35.6949|99.5016|-42.6583
crit_toidle,33,1.1,14.8604|122.4045|12.9002,13.9884|116.7758|11.9007,14.3962|130.6724|11.0557,13.995|147.3448|8.1955,11.4988|178.8955|2.5615,11.1205|185.325|-0.1104,7.7791|170.3769|4.1123,13.3166|170.4779|-0.3087,-8.8376|167.0531|15.2601,23.0497|164.2659|-16.9861,-35.1473|141.9395|-2.7899,28.2546|126.9028|-32.2683,-46.423|117.7709|10.7979,36.2898|99.679|-41.9802,1.7879|110.1137|17.3693,24.3109|110.3027|3.2587,-13.472|64.501|26.2454,40.4737|64.38|-0.8351,-28.3567|17.1513|16.0783,35.5526|17.0824|-18.1449,-28.1666|8.2129|26.6196,44.3421|8.2747|-12.1196,-25.3654|111.5821|-68.4619,101.1429|83.8679|-10.7832,96.6712|79.072|-13.0083,24.2651|87.9508|-46.2471,24.4036|87.9403|-46.7923,36.2914|99.6781|-41.9808
crit_toidle,34,1.1333,14.8659|122.3357|13.0974,13.9988|116.6944|12.0638,14.4143|130.6296|11.2542,14.0327|147.305|8.442,11.5151|178.8704|2.8863,11.1638|185.2636|0.1604,7.8123|170.3005|4.3901,13.3868|170.4495|0.017,-8.9065|166.9191|15.3668,23.5682|164.3876|-16.4466,-35.4156|141.6033|-2.0995,28.6951|127.0127|-31.7249,-45.9228|117.7607|12.632,36.6762|99.7755|-41.4424,1.8103|110.0258|17.5511,24.2924|110.2369|3.3756,-13.4648|64.3953|26.2726,40.3584|64.2938|-0.8675,-28.3512|17.0694|16.0315,35.4536|17.0166|-18.2375,-28.1486|8.1575|26.5951,44.2373|8.1966|-12.2216,-25.4297|109.9521|-67.5879,102.1012|85.8299|-10.5509,97.7188|80.9064|-12.6723,24.8788|87.7284|-45.4458,25.0875|87.8779|-46.0632,36.6779|99.7746|-41.443
crit_toidle,35,1.1667,14.8717|122.2699|13.2908,14.0106|116.615|12.2272,14.4316|130.5884|11.4426,14.0668|147.2647|8.6602,11.5275|178.8403|3.1673,11.199|185.1951|0.3827,7.839|170.2294|4.635,13.4381|170.4133|0.2963,-8.9504|166.8061|15.4902,24.0272|164.4877|-15.9585,-35.6654|141.3254|-1.4135,29.1265|127.1122|-31.2347,-45.6322|117.7611|14.1196,37.0853|99.8688|-40.9453,1.8293|109.9413|17.7244,24.2864|110.169|3.5096,-13.4317|64.289|26.2955,40.2525|64.21|-0.9343,-28.3012|16.9858|15.9812,35.3472|16.9654|-18.3923,-28.0757|8.0974|26.5641,44.1323|8.1288|-12.4031,-25.2536|108.7887|-66.9961,102.822|87.2789|-10.1345,98.5123|82.265|-12.1924,25.4719|87.5942|-44.7961,25.7113|87.8167|-45.3903,37.0869|99.8679|-40.9458
crit_toidle,36,1.2,14.8799|122.2243|13.4569,14.0249|116.5558|12.3644,14.4511|130.567|11.6021,14.0988|147.2444|8.8401,11.5416|178.8286|3.4116,11.2353|185.1445|0.5669,7.8627|170.1873|4.8383,13.4833|170.395|0.5325,-8.9835|166.7232|15.5921,24.4658|164.6032|-15.508,-35.9074|141.0909|-0.7415,29.6125|127.2692|-30.8033,-45.6056|117.7296|15.2611,37.5944|100.0488|-40.5027,1.8497|109.8772|17.8692,24.2859|110.1202|3.6216,-13.3886|64.2069|26.2902,40.1508|64.1474|-1.0356,-28.2349|16.9305|15.9039,35.2474|16.9367|-18.5854,-27.9874|8.0564|26.4983,44.0369|8.0799|-12.6324,-24.7593|108.0321|-66.8287,103.4168|88.4406|-9.5024,99.1738|83.3617|-11.5396,26.1608|87.5965|-44.3643,26.3152|87.7559|-44.7362,37.5961|100.0479|-40.5033
idle1,0,0.0,14.8932|122.2164|13.5713,14.0443|116.5331|12.4479,14.4754|130.5838|11.7119,14.1312|147.2614|8.9692,11.5656|178.8553|3.6242,11.2876|185.1324|0.7227,7.8876|170.1976|4.987,13.5346|170.4186|0.7262,-9.0193|166.6822|15.6267,24.9215|164.7702|-15.0802,-36.1547|140.8897|-0.0977,30.5653|127.8944|-31.1169,-45.6071|117.7305|16.3378,38.1501|100.3624|-40.0781,1.8779|109.8455|17.9629,24.283|110.107|3.671,-13.3476|64.1676|26.232,40.0467|64.1215|-1.1763,-28.177|16.9261|15.776,35.1666|16.9343|-18.799,-27.918|8.0497|26.368,43.9587|8.0581|-12.8857,-24.1407|107.3127|-66.8671,104.0417|89.79|-8.894,99.877|84.641|-10.9147,26.9509|87.6982|-44.0632,26.9403|87.6955|-44.063,38.1501|100.3624|-40.0781
idle1,1,0.0333,14.908|122.1423|13.5958,14.0439|116.4881|12.4477,14.5107|130.4864|11.7733,14.2281|147.1181|9.1249,11.8707|178.7741|4.0591,11.635|185.0784|1.2132,8.1468|170.0386|5.3643,13.7999|170.2368|1.1133,-8.6999|166.2707|16.0132,25.181|164.4595|-14.6506,-35.6181|140.2086|0.3604,30.7952|127.5977|-30.7298,-45.1314|116.8271|16.4424,38.2885|100.0716|-39.7857,1.8557|109.8127|17.9294,24.2609|110.073|3.6375,-13.3657|64.154|26.3113,40.092|64.1048|-1.1541,-28.1834|16.9298|15.7613,35.155|16.9319|-18.7991,-27.9239|8.0509|26.3513,43.9461|8.0553|-12.8849,-24.0004|107.2083|-66.5301,104.1721|89.2975|-8.6539,99.9945|84.1614|-10.6804,27.0577|87.4396|-43.7846,27.0611|87.4347|-43.7823,38.2885|100.0716|-39.7857
idle1,2,0.0667,14.9233|122.0662|13.6217,14.0442|116.4492|12.4478,14.5465|130.3767|11.8403,14.3209|146.9399|9.2885,12.155|178.6505|4.485,11.9581|184.9794|1.6916,8.3866|169.8553|5.7321,14.0434|170.0475|1.4865,-8.3733|165.8396|16.4272,25.4576|164.1402|-14.2051,-34.9978|139.3427|1.0034,31.0261|127.315|-30.3837,-44.6075|115.7658|16.739,38.3144|99.8111|-39.6714,1.833|109.7866|17.8939,24.2383|110.0465|3.6021,-13.3793|64.1447|26.3825,40.1362|64.0959|-1.1365,-28.1839|16.9291|15.7752,35.1632|16.9308|-18.7925,-27.924|8.0523|26.3669,43.9548|8.0547|-12.8785,-23.9677|107.3574|-66.319,104.178|88.5934|-8.6542,99.9727|83.4857|-10.6952,27.0167|87.2502|-43.705,27.003|87.2456|-43.7032,38.3144|99.8111|-39.6714
idle1,3,0.1,14.9389|121.9892|13.6487,14.0442|116.4162|12.4476,14.5842|130.2578|11.9128,14.4145|146.7338|9.4589,12.4266|178.4926|4.9035,12.2659|184.8443|2.1597,8.6153|169.6515|6.0926,14.2744|169.8473|1.85,-8.0375|165.3973|16.8626,25.7525|163.8139|-13.7467,-34.2891|138.316|1.8194,31.2495|127.0373|-30.0597,-43.9845|114.557|17.225,38.2564|99.5657|-39.6546,1.809|109.7669|17.8556,24.2143|110.0278|3.564,-13.3935|64.1376|26.4295,40.1631|64.0902|-1.1308,-28.1836|16.9286|15.7731,35.1614|16.9322|-18.7974,-27.9252|8.0512|26.3644,43.9525|8.0553|-12.8838,-24.0198|107.6785|-66.1492,104.0963|87.7347|-8.8153,99.8518|82.6666|-10.8743,26.8643|87.104|-43.7305,26.8563|87.0938|-43.7244,38.2564|99.5657|-39.6546
idle1,4,0.1333,14.9551|121.9178|13.6767,14.0439|116.3884|12.4479,14.6247|130.1462|11.9885,14.5117|146.5363|9.6302,12.6908|178.3358|5.2942,12.5641|184.7071|2.5943,8.8381|169.4584|6.4307,14.4991|169.6584|2.1905,-7.6902|164.9788|17.3006,26.0672|163.4971|-13.2894,-33.5596|137.243|2.7977,31.4905|126.7651|-29.7269,-43.3379|113.3205|17.8948,38.2065|99.3285|-39.6252,1.7839|109.7538|17.8178,24.189|110.014|3.5258,-13.4042|64.1341|26.4678,40.181|64.0872|-1.1273,-28.1783|16.9276|15.7782,35.1594|16.9309|-18.7927,-27.9192|8.0505|26.3697,43.9502|8.0541|-12.8786,-24.0536|108.0528|-65.9627,104.0097|86.8359|-8.9692,99.7233|81.8111|-11.0472,26.7129|86.9752|-43.746,26.712|86.9724|-43.7453,38.2065|99.3285|-39.6252
idle1,5,0.1667,14.9725|121.8584|13.7063,14.0441|116.3655|12.4478,14.6679|130.0587|12.0685,14.6103|146.3855|9.8061,12.932|178.2191|5.6674,12.8344|184.6075|3.0072,9.0439|169.3082|6.7564,14.7069|169.5093|2.5189,-7.346|164.6122|17.744,26.3858|163.2324|-12.8307,-32.937|136.2663|3.9437,31.762|126.5386|-29.3689,-42.8405|112.2235|18.7656,38.2526|99.1362|-39.5091,1.759|109.7459|17.7786,24.1638|110.0062|3.4862,-13.4154|64.1327|26.4872,40.1905|64.0881|-1.1326,-28.1757|16.9267|15.7764,35.159|16.9314|-18.7943,-27.9156|8.0498|26.3681,43.9499|8.0545|-12.8803,-23.9946|108.3681|-65.7037,104.0266|86.0943|-9.0195,99.7057|81.1058|-11.1136,26.676|86.8736|-43.6681,26.6625|86.8693|-43.6672,38.2526|99.1362|-39.5091
idle1,6,0.2,14.9908|121.8117|13.737,14.0443|116.3471|12.4478,14.7138|129.9971|12.1509,14.7113|146.2851|9.982,13.157|178.1461|6.0087,13.0848|184.5486|3.3818,9.2368|169.218|7.0554,14.9022|169.4151|2.8213,-7.0041|164.3156|18.1733,26.707|163.0264|-12.3852,-32.375|135.3629|5.2544,32.047|126.354|-28.9824,-42.3912|111.2436|19.8749,38.3447|98.9766|-39.3101,1.7343|109.7426|17.7398,24.1397|110.0026|3.4483,-13.4286|64.1348|26.4966,40.1937|64.091|-1.1405,-28.1772|16.9275|15.7756,35.16|16.932|-18.7953,-27.9183|8.05|26.3668,43.9517|8.0558|-12.8817,-23.8609|108.6769|-65.4344,104.0569|85.4282|-8.9084,99.7063|80.4735|-11.021,26.6954|86.7985|-43.514,26.6849|86.7953|-43.5139,38.3447|98.9766|-39.3101
idle1,7,0.2333,15.0092|121.7736|13.7674,14.0441|116.3326|12.4476,14.7611|129.951|12.2336,14.8109|146.2129|10.1542,13.3508|178.0945|6.3129,13.2977|184.508|3.7125,9.4047|169.1686|7.3231,15.0715|169.3628|3.0912,-6.6804|164.0815|18.5836,27.0106|162.8775|-11.9689,-31.7778|134.4496|6.7131,32.3283|126.2176|-28.6008,-41.8132|110.277|21.2322,38.4325|98.8636|-39.1052,1.71|109.7428|17.7017,24.1159|110.0035|3.411,-13.4404|64.1369|26.4896,40.1856|64.0948|-1.1516,-28.1783|16.9277|15.7618,35.1527|16.9315|-18.7954,-27.9196|8.049|26.3519,43.9428|8.0543|-12.8809,-23.7135|109.0393|-65.1902,104.0625|84.8006|-8.7596,99.6835|79.8806|-10.8944,26.7133|86.7718|-43.3638,26.7108|86.7647|-43.3583,38.4326|98.8636|-39.1052
idle1,8,0.2667,15.0272|121.7433|13.797,14.0439|116.3216|12.4479,14.8082|129.9185|12.3142,14.9065|146.1651|10.3158,13.5121|178.06|6.5609,13.4726|184.4807|3.9779,9.5477|169.1387|7.5463,15.2159|169.3297|3.3165,-6.3954|163.9329|18.9536,27.3009|162.7766|-11.5971,-31.2013|133.628|8.2244,32.6176|126.1194|-28.2354,-41.2222|109.4363|22.7217,38.5649|98.7831|-38.8752,1.6871|109.7473|17.6679,24.0929|110.0052|3.377,-13.456|64.1457|26.4906,40.1755|64.0986|-1.1609,-28.1883|16.9315|15.7772,35.1501|16.9277|-18.7863,-27.931|8.055|26.3693,43.9408|8.0508|-12.8719,-23.5219|109.3918|-64.9288,104.1144|84.2519|-8.576,99.7097|79.3637|-10.7312,26.7826|86.7707|-43.1839,26.7656|86.7682|-43.1836,38.5649|98.7831|-38.8752
idle1,9,0.3,15.044|121.7197|13.8246,14.0441|116.3136|12.4478,14.8521|129.8965|12.3905,14.9919|146.1355|10.4661,13.6384|178.0393|6.7723,13.6073|184.4649|4.2016,9.6629|169.1175|7.7409,15.3319|169.3071|3.5123,-6.1517|163.8473|19.2965,27.5617|162.7102|-11.2633,-30.6928|132.9405|9.7391,32.8788|126.054|-27.9034,-40.7029|108.7701|24.2793,38.6886|98.7325|-38.6567,1.6673|109.7516|17.6361,24.0731|110.0112|3.3452,-13.4589|64.1479|26.477,40.1693|64.1076|-1.1754,-28.1773|16.9271|15.7737,35.1606|16.93|-18.7878,-27.9189|8.0506|26.3657,43.9518|8.0542|-12.8726,-23.3639|109.5768|-64.6948,104.192|83.9462|-8.3814,99.7737|79.0754|-10.5481,26.8728|86.7635|-42.9941,26.8623|86.7563|-42.9882,38.6886|98.7325|-38.6567
idle1,10,0.3333,15.0589|121.7017|13.8492,14.044|116.3082|12.4477,14.8912|129.8816|12.4586,15.0681|146.117|10.5989,13.7514|178.0277|6.9515,13.7278|184.4571|4.3903,9.7658|169.1069|7.9073,15.4354|169.2945|3.6797,-5.9319|163.7978|19.6035,27.8003|162.6569|-10.9648,-30.2521|132.3912|11.1774,33.1166|126.0003|-27.6045,-40.2626|108.275|25.8069,38.7957|98.6943|-38.4663,1.65|109.7574|17.6089,24.0545|110.0185|3.3158,-13.4673|64.1527|26.4596,40.1539|64.1153|-1.1973,-28.1809|16.9282|15.7662,35.156|16.9323|-18.798,-27.9217|8.05|26.3569,43.9475|8.0556|-12.8846,-23.2269|109.7541|-64.4852,104.2585|83.675|-8.2179,99.8275|78.8202|-10.3946,26.9485|86.7651|-42.828,26.9386|86.7568|-42.8198,38.7957|98.6943|-38.4663
idle1,11,0.3667,15.0713|121.6885|13.8697,14.044|116.305|12.4476,14.9234|129.8719|12.5156,15.1297|146.1066|10.7098,13.8391|178.0224|7.0987,13.8207|184.4548|4.5448,9.8463|169.1027|8.0447,15.516|169.2894|3.8173,-5.7473|163.7731|19.8702,28.0023|162.6216|-10.7099,-29.872|131.9609|12.4662,33.3184|125.9636|-27.3466,-39.8749|107.9122|27.2116,38.8768|98.6718|-38.306,1.6346|109.765|17.5853,24.0398|110.0243|3.2935,-13.4763|64.1603|26.4473,40.1375|64.1194|-1.2086,-28.1869|16.9312|15.7697,35.1512|16.9299|-18.7951,-27.9286|8.053|26.3603,43.9415|8.0523|-12.8813,-23.1178|109.9312|-64.306,104.3018|83.4366|-8.0838,99.8589|78.5967|-10.2694,27.0005|86.7797|-42.6899,26.9954|86.7706|-42.6823,38.8768|98.6718|-38.306
idle1,12,0.4,15.0805|121.6797|13.8854,14.0442|116.3032|12.4479,14.9466|129.8662|12.5588,15.1746|146.1012|10.7933,13.9017|178.0205|7.2062,13.887|184.4547|4.6571,9.904|169.1018|8.1452,15.5743|169.288|3.9186,-5.6076|163.7709|20.0774,28.1651|162.6063|-10.5118,-29.5435|131.6336|13.5117,33.4871|125.9451|-27.1394,-39.5133|107.6486|28.3826,38.9438|98.6643|-38.177,1.6243|109.77|17.5689,24.0293|110.0304|3.2767,-13.4765|64.1633|26.4377,40.1307|64.1259|-1.2155,-28.1789|16.9272|15.7799,35.1561|16.9301|-18.7888,-27.919|8.0509|26.3721,43.9472|8.053|-12.8755,-23.0225|110.0851|-64.174,104.3317|83.2548|-7.9628,99.8797|78.427|-10.1565,27.0449|86.8023|-42.5808,27.0334|86.7987|-42.5797,38.9438|98.6643|-38.177
idle1,13,0.4333,15.0861|121.6748|13.8954,14.0441|116.3027|12.448,14.96|129.8634|12.5865,15.2007|146.0991|10.8484,13.9461|178.0216|7.2844,13.9352|184.4578|4.74,9.9433|169.1046|8.2167,15.6139|169.2904|3.9905,-5.508|163.785|20.232,28.2845|162.6172|-10.3737,-29.2601|131.3997|14.2432,33.606|125.9537|-26.9965,-39.1519|107.4504|29.2235,38.9801|98.6827|-38.0987,1.6162|109.7755|17.5573,24.022|110.0339|3.2664,-13.4833|64.1686|26.427,40.1202|64.1278|-1.2217,-28.1861|16.9305|15.7788,35.1543|16.9277|-18.7859,-27.9277|8.054|26.3709,43.9453|8.051|-12.872,-22.9648|110.2379|-64.0873,104.3396|83.128|-7.8975,99.8798|78.3102|-10.0974,27.0619|86.8458|-42.5179,27.0538|86.8421|-42.5165,38.9801|98.6827|-38.0987
idle1,14,0.4667,15.0894|121.673|13.9018,14.044|116.3038|12.4478,14.9668|129.8629|12.6049,15.2125|146.0992|10.8864,13.9685|178.0241|7.3397,13.9597|184.4616|4.7987,9.9626|169.1088|8.2669,15.6332|169.2971|4.0406,-5.4424|163.8055|20.3486,28.3708|162.6476|-10.2752,-29.0149|131.2162|14.7706,33.6958|125.9837|-26.8962,-38.8063|107.2924|29.8572,39.0478|98.7157|-38.0164,1.6123|109.7789|17.5508,24.0167|110.0392|3.2577,-13.4839|64.1702|26.4171,40.1168|64.1342|-1.235,-28.1854|16.9295|15.7782,35.1597|16.933|-18.7986,-27.9256|8.0525|26.3698,43.9518|8.0569|-12.8853,-22.8794|110.3788|-63.9991,104.3839|83.0441|-7.8252,99.9183|78.2345|-10.031,27.115|86.899|-42.4502,27.1075|86.8914|-42.4445,39.0478|98.7157|-38.0164
idle1,15,0.5,15.0922|121.6746|13.9074,14.0443|116.3078|12.448,14.9721|129.8658|12.6206,15.2212|146.1026|10.9168,13.9833|178.0285|7.3763,13.9757|184.4665|4.8367,9.9754|169.117|8.3013,15.6455|169.3106|4.0739,-5.3835|163.8343|20.4505,28.4477|162.6851|-10.1954,-28.798|131.0674|15.2614,33.7733|126.0183|-26.8096,-38.4988|107.187|30.4748,39.1301|98.7479|-37.9217,1.6084|109.7857|17.5444,24.0137|110.0453|3.2528,-13.4843|64.1734|26.398,40.1043|64.1368|-1.2376,-28.1828|16.929|15.7717,35.161|16.9294|-18.7884,-27.9237|8.0514|26.3627,43.9525|8.0536|-12.8737,-22.784|110.4986|-63.8962,104.4486|82.9818|-7.7415,99.9776|78.1788|-9.9508,27.1841|86.9476|-42.364,27.1814|86.9453|-42.3629,39.1301|98.7479|-37.9217
idle1,16,0.5333,15.0945|121.6814|13.9122,14.0439|116.3166|12.448,14.9774|129.8738|12.6347,15.2299|146.1113|10.9439,13.9952|178.0379|7.4095,13.9883|184.4764|4.871,9.986|169.1326|8.3317,15.6553|169.3348|4.1029,-5.3287|163.8692|20.545,28.5216|162.737|-10.1216,-28.6046|130.9501|15.7073,33.8492|126.0705|-26.7357,-38.2303|107.1273|31.058,39.2216|98.7985|-37.8363,1.6047|109.7973|17.5398,24.0096|110.056|3.2475,-13.4847|64.181|26.3781,40.0843|64.1424|-1.2484,-28.1849|16.93|15.7831,35.1575|16.9281|-18.7851,-27.9257|8.053|26.3746,43.9494|8.0525|-12.8704,-22.6754|110.6336|-63.8131,104.5182|82.941|-7.6566,100.0429|78.1443|-9.8709,27.2648|87.014|-42.2912,27.2601|87.0074|-42.2829,39.2216|98.7985|-37.8363
idle1,17,0.5667,15.0966|121.695|13.9163,14.044|116.3317|12.4478,14.9813|129.8887|12.6468,15.2364|146.1271|10.9659,14.0032|178.0538|7.4313,13.9966|184.4922|4.8928,9.9928|169.1577|8.3521,15.6611|169.3698|4.1213,-5.2794|163.9186|20.629,28.5873|162.801|-10.0622,-28.4413|130.8722|16.1242,33.9171|126.1294|-26.6644,-38.0065|107.1231|31.6263,39.3137|98.8513|-37.7383,1.602|109.8144|17.5354,24.0067|110.073|3.2427,-13.4832|64.1888|26.3333,40.0543|64.1517|-1.2702,-28.1827|16.9297|15.7738,35.1508|16.9301|-18.794,-27.9229|8.052|26.3647,43.9413|8.0523|-12.8807,-22.5724|110.7503|-63.7119,104.5958|82.9251|-7.5633,100.1164|78.1332|-9.7798,27.3469|87.0789|-42.1986,27.3464|87.0791|-42.2007,39.3137|98.8513|-37.7382
idle1,18,0.6,15.0983|121.7172|13.9198,14.0441|116.3547|12.4477,14.9848|129.9128|12.6567,15.2412|146.1536|10.9856,14.0088|178.0804|7.4518,14.0024|184.5189|4.9134,9.9971|169.1969|8.3701,15.6645|169.4205|4.1372,-5.2353|163.9849|20.7077,28.6494|162.8856|-10.0083,-28.3072|130.8365|16.5003,33.9874|126.2111|-26.6014,-37.8316|107.1721|32.1562,39.4225|98.9273|-37.6422,1.6001|109.8384|17.5316,24.0047|110.0982|3.2388,-13.4802|64.2003|26.2731,40.0158|64.1662|-1.2945,-28.1812|16.9289|15.7712,35.1563|16.9306|-18.7928,-27.9212|8.0504|26.3615,43.948|8.0545|-12.8787,-22.4474|110.8874|-63.6264,104.6843|82.9346|-7.4587,100.2023|78.1474|-9.6801,27.4491|87.1663|-42.1149,27.4422|87.1633|-42.1122,39.4225|98.9273|-37.6422
idle1,19,0.6333,15.0997|121.7501|13.9227,14.0439|116.3873|12.4478,14.9873|129.9484|12.6647,15.245|146.1938|11.001,14.0134|178.1207|7.4681,14.0073|184.5593|4.93,10.0001|169.2536|8.3829,15.6669|169.4893|4.1484,-5.1962|164.0697|20.7767,28.7098|162.991|-9.9605,-28.1956|130.8377|16.8392,34.0583|126.3095|-26.535,-37.691|107.265|32.6503,39.5357|99.0157|-37.5299,1.5982|109.8722|17.5292,24.0026|110.1319|3.236,-13.4779|64.2182|26.1939,39.961|64.1846|-1.3286,-28.182|16.9292|15.7758,35.1572|16.9312|-18.794,-27.9228|8.0523|26.3674,43.9485|8.0543|-12.8808,-22.3108|111.0444|-63.5381,104.7686|82.949|-7.3231,100.2837|78.167|-9.5496,27.5545|87.2677|-42.0155,27.5488|87.2625|-42.0132,39.5357|99.0157|-37.5299
idle1,20,0.6667,15.1009|121.7923|13.9252,14.0441|116.4276|12.4478,14.9887|129.9951|12.6711,15.2456|146.2487|11.0129,14.011|178.1755|7.4797,14.0042|184.6141|4.9415,9.9968|169.3288|8.3911,15.6623|169.5766|4.1542,-5.1637|164.1734|20.8406,28.7576|163.1182|-9.9244,-28.1037|130.8727|17.1449,34.12|126.4282|-26.4755,-37.5825|107.3964|33.1087,39.6524|99.1239|-37.417,1.5972|109.9131|17.5272,24.0015|110.1735|3.2338,-13.4702|64.2377|26.0936,39.8911|64.2061|-1.3681,-28.1769|16.9266|15.7798,35.1563|16.9297|-18.79,-27.9176|8.0494|26.3712,43.948|8.0532|-12.8766,-22.1711|111.2149|-63.4509,104.8571|82.9899|-7.1853,100.3699|78.2126|-9.4173,27.665|87.3876|-41.9168,27.6611|87.3801|-41.9123,39.6524|99.1239|-37.417
idle1,21,0.7,15.1022|121.8413|13.9277,14.0443|116.4723|12.4478,14.9902|130.0519|12.6766,15.2468|146.3202|11.0221,14.0095|178.2461|7.4817,14.0022|184.6841|4.942,9.9938|169.4247|8.3905,15.6585|169.6827|4.1518,-5.1352|164.305|20.8928,28.8042|163.2623|-9.8973,-28.0381|130.9553|17.4153,34.1772|126.5644|-26.4273,-37.5201|107.5823|33.528,39.7701|99.249|-37.3101,1.5959|109.9587|17.5246,24.0013|110.219|3.233,-13.4683|64.2617|25.9809,39.8188|64.2311|-1.4125,-28.1825|16.9283|15.7808,35.1613|16.9314|-18.7923,-27.9233|8.0517|26.3728,43.9533|8.0554|-12.8787,-22.0236|111.3982|-63.3875,104.9387|83.0518|-7.0343,100.4499|78.2789|-9.2727,27.7781|87.5237|-41.8263,27.7731|87.5188|-41.8196,39.7701|99.249|-37.3101
idle1,22,0.7333,15.1037|121.8974|13.9303,14.044|116.521|12.4478,14.9928|130.1204|12.6822,15.2504|146.4129|11.0322,14.0045|178.3374|7.4825,13.9953|184.7746|4.941,9.9886|169.5457|8.3887,15.6522|169.8127|4.148,-5.1112|164.4627|20.9413,28.8452|163.4327|-9.8751,-27.9919|131.0791|17.647,34.2305|126.7267|-26.3832,-37.4914|107.8066|33.8943,39.8853|99.3991|-37.2032,1.5945|110.009|17.5238,23.9995|110.2672|3.2317,-13.4653|64.2883|25.8596,39.7291|64.254|-1.4617,-28.1883|16.931|15.784,35.1495|16.9279|-18.7898,-27.9292|8.0547|26.3762,43.9411|8.0514|-12.8763,-21.8697|111.6272|-63.3356,105.007|83.1168|-6.8721,100.516|78.3499|-9.1187,27.8868|87.6887|-41.7407,27.8855|87.6802|-41.7331,39.8853|99.3991|-37.2032
idle1,23,0.7667,15.1058|121.9605|13.9335,14.0439|116.5727|12.4478,14.9963|130.2021|12.6884,15.2544|146.5302|11.0393,13.9912|178.451|7.4619,13.9784|184.886|4.9147,9.9769|169.694|8.3693,15.6397|169.9665|4.1271,-5.0968|164.6621|20.9738,28.8789|163.6282|-9.8714,-27.9668|131.2556|17.8418,34.2768|126.9092|-26.3464,-37.4989|108.0837|34.2133,40.0037|99.5666|-37.0904,1.5939|110.0609|17.523,23.9988|110.3195|3.2306,-13.4616|64.3146|25.7244,39.6431|64.2824|-1.5137,-28.1935|16.9331|15.7763,35.153|16.9295|-18.7921,-27.9351|8.0554|26.3673,43.9441|8.0529|-12.8781,-21.7105|111.8635|-63.2868,105.0762|83.2102|-6.6937,100.5836|78.4485|-8.9483,28.0003|87.8693|-41.6485,27.9999|87.8694|-41.6517,40.0037|99.5666|-37.0904
idle1,24,0.8,15.1086|122.0309|13.9375,14.0441|116.6268|12.4476,15.0014|130.2987|12.6962,15.2588|146.6771|11.0493,13.9629|178.5922|7.4334,13.9435|185.0242|4.8785,9.954|169.8742|8.3439,15.6162|170.1502|4.1008,-5.0999|164.9062|20.9973,28.9025|163.8639|-9.8765,-27.9616|131.4825|17.9913,34.3236|127.135|-26.3219,-37.5176|108.4086|34.487,40.132|99.7801|-36.9905,1.5945|110.1136|17.522,23.9995|110.3753|3.2297,-13.4461|64.337|25.5806,39.5585|64.3154|-1.5723,-28.1764|16.9266|15.7686,35.1673|16.9341|-18.7983,-27.9175|8.0484|26.3592,43.9602|8.0587|-12.885,-21.5292|112.159|-63.2728,105.1411|83.3345|-6.5065,100.6478|78.5791|-8.7729,28.1251|88.0982|-41.5791,28.1181|88.0897|-41.5739,40.132|99.7801|-36.9905
idle1,25,0.8333,15.1126|122.1107|13.9429,14.0439|116.6824|12.4481,15.0099|130.4165|12.7049,15.2686|146.8682|11.0568,13.9299|178.7741|7.3765,13.9016|185.2009|4.8086,9.9284|170.101|8.2965,15.5897|170.3745|4.0521,-5.1078|165.2156|21.0029,28.9194|164.1409|-9.9074,-27.9712|131.7835|18.1046,34.3624|127.3941|-26.3055,-37.5311|108.8164|34.7462,40.2557|100.0202|-36.8785,1.5938|110.1709|17.523,23.9983|110.4294|3.23,-13.4426|64.3681|25.4395,39.4571|64.3413|-1.6251,-28.184|16.9296|15.7815,35.1572|16.9295|-18.7901,-27.9247|8.053|26.3734,43.9491|8.0536|-12.8762,-21.3484|112.4725|-63.2599,105.1966|83.4956|-6.2919,100.7026|78.7458|-8.5687,28.2457|88.3523|-41.4944,28.2417|88.3518|-41.4965,40.2557|100.0202|-36.8784
idle1,26,0.8667,15.1181|122.2004|13.95,14.044|116.7392|12.4477,15.0214|130.5583|12.7176,15.2815|147.1105|11.0695,13.879|179.0041|7.3068,13.8378|185.4241|4.7222,9.8899|170.3804|8.239,15.5512|170.6479|3.9951,-5.1349|165.5872|20.994,28.9279|164.4753|-9.9465,-28.0015|132.1515|18.165,34.404|127.7101|-26.2924,-37.5407|109.2914|34.9652,40.3915|100.319|-36.7672,1.5935|110.2275|17.5216,23.999|110.4865|3.2302,-13.4363|64.3961|25.2838,39.3576|64.3709|-1.6822,-28.1844|16.9302|15.7716,35.158|16.9291|-18.7891,-27.9269|8.0528|26.3629,43.9492|8.0526|-12.8751,-21.1456|112.8469|-63.269,105.253|83.712|-6.0571,100.7601|78.968|-8.3481,28.3819|88.6654|-41.4202,28.3721|88.6574|-41.4165,40.3915|100.319|-36.7672
idle1,27,0.9,15.1249|122.2977|13.9589,14.0441|116.7961|12.4477,15.036|130.7195|12.7335,15.2975|147.3942|11.0836,13.8113|179.2703|7.2071,13.7529|185.6809|4.5996,9.839|170.7018|8.1594,15.4997|170.9569|3.9154,-5.1734|166.0124|20.9674,28.919|164.8448|-10.0119,-28.0495|132.5792|18.1851,34.4307|128.0549|-26.2899,-37.545|109.8287|35.1579,40.5202|100.6425|-36.6497,1.5945|110.2832|17.5222,23.9986|110.5448|3.2286,-13.4261|64.4225|25.1271,39.2599|64.4041|-1.7501,-28.1834|16.9285|15.7706,35.1609|16.9342|-18.8033,-27.9232|8.05|26.3609,43.9534|8.058|-12.8906,-20.9457|113.2315|-63.2872,105.2979|83.9691|-5.7989,100.8071|79.2299|-8.1037,28.5136|89.0004|-41.3389,28.5101|88.9922|-41.3308,40.5202|100.6425|-36.6497
idle1,28,0.9333,15.1331|122.4048|13.9691,14.0443|116.8525|12.448,15.0577|130.9067|12.7551,15.3143|147.7315|11.0892,13.6494|179.5686|6.9717,13.5543|185.9588|4.3157,9.7183|171.0551|7.9769,15.3776|171.2911|3.7323,-5.27|166.4791|20.8541,28.8537|165.231|-10.163,-28.1552|133.0506|18.0896,34.4208|128.4071|-26.3449,-37.5908|110.4148|35.2481,40.6249|100.9683|-36.566,1.5963|110.3387|17.5255,24.0009|110.5993|3.2325,-13.4157|64.4507|24.9812,39.1636|64.4318|-1.7989,-28.1787|16.9272|15.7848,35.162|16.9312|-18.7898,-27.9192|8.0508|26.3768,43.954|8.0556|-12.8757,-20.7513|113.5985|-63.3903,105.2976|84.2503|-5.5198,100.8118|79.5142|-7.8409,28.6275|89.334|-41.298,28.6165|89.3286|-41.2983,40.6249|100.9683|-36.566
idle1,29,0.9667,15.1414|122.5211|13.9789,14.0442|116.9078|12.448,15.0841|131.118|12.7796,15.3243|148.1175|11.0787,13.3718|179.8852|6.57,13.2182|186.2411|3.8355,9.505|171.4675|7.6575,15.1666|171.6421|3.4198,-5.4509|167.028|20.6198,28.7139|165.6276|-10.4259,-28.3655|133.6205|17.8455,34.3438|128.7626|-26.4921,-37.7469|111.1168|35.2062,40.6684|101.2951|-36.5608,1.6013|110.3907|17.5336,24.0059|110.6507|3.2406,-13.4037|64.4753|24.8328,39.0711|64.4578|-1.8493,-28.1732|16.9263|15.7803,35.1634|16.9293|-18.7839,-27.9141|8.0494|26.372,43.956|8.0541|-12.87,-20.5929|113.9306|-63.6441,105.2083|84.5706|-5.2429,100.7327|79.8351|-7.5846,28.6919|89.6617|-41.3479,28.6818|89.6551|-41.3429,40.6684|101.2951|-36.5608
idle1,30,1.0,15.148|122.6397|13.9856,14.044|116.9615|12.4478,15.1075|131.3357|12.7974,15.3274|148.5162|11.0507,13.0596|180.1981|6.1071,12.8419|186.5139|3.2857,9.2541|171.9464|7.2705,14.925|172.0061|3.0524,-5.6735|167.6658|20.3185,28.5427|166.0478|-10.7485,-28.6396|134.2969|17.5064,34.242|129.1347|-26.6793,-37.9745|111.9383|35.0786,40.6941|101.6339|-36.5749,1.6087|110.439|17.5452,24.0133|110.6991|3.2524,-13.397|64.4991|24.6874,38.9809|64.482|-1.9063,-28.1815|16.9292|15.7697,35.1558|16.9329|-18.8017,-27.9224|8.0506|26.3599,43.9478|8.0562|-12.889,-20.4542|114.1794|-63.9538,105.1057|85.0065|-4.9427,100.6464|80.2641|-7.3016,28.7531|89.9833|-41.4086,28.7447|89.9815|-41.4098,40.6941|101.6339|-36.5749
idle1,31,1.0333,15.1519|122.7561|13.9882,14.0441|117.0124|12.4479,15.1237|131.548|12.8041,15.3146|148.9038|11.0015,12.7253|180.4902|5.6234,12.4426|186.764|2.7154,8.9737|172.4482|6.8476,14.6585|172.3763|2.6566,-5.9338|168.3314|19.9711,28.3422|166.485|-11.1078,-28.9586|135.0091|17.0874,34.1212|129.5209|-26.8908,-38.2474|112.8016|34.8742,40.7073|101.9879|-36.607,1.6196|110.4822|17.5618,24.0243|110.743|3.2691,-13.3832|64.5188|24.5571,38.9046|64.504|-1.9455,-28.1761|16.9268|15.772,35.1619|16.9321|-18.7952,-27.9165|8.0488|26.3627,43.9534|8.0557|-12.8814,-20.3376|114.3721|-64.2883,105.004|85.534|-4.652,100.5657|80.7794|-7.0257,28.8133|90.3065|-41.4818,28.8075|90.3028|-41.4818,40.7073|101.9879|-36.607
idle1,32,1.0667,15.1505|122.866|13.9828,14.044|117.0602|12.4477,15.12|131.7419|12.7828,15.2883|149.2601|10.9329,12.5338|180.7937|5.3317,12.2177|187.0451|2.3792,8.791|172.9882|6.5533,14.4901|172.801|2.3892,-6.1255|169.0228|19.7132,28.2087|166.9984|-11.3781,-29.227|135.7618|16.7356,34.073|129.9824|-27.0075,-38.4731|113.7186|34.7476,40.7966|102.4181|-36.539,1.6323|110.5217|17.5819,24.0365|110.7818|3.2885,-13.3739|64.5382|24.437,38.8295|64.5216|-1.986,-28.1823|16.9295|15.7699,35.1532|16.932|-18.8004,-27.9228|8.0509|26.3601,43.9451|8.0556|-12.8872,-20.1603|114.5793|-64.5116,104.9979|86.2041|-4.2712,100.5836|81.4326|-6.656,28.9574|90.6943|-41.4455,28.9484|90.6886|-41.4435,40.7966|102.4181|-36.539
idle1,33,1.1,15.1426|122.963|13.968,14.0441|117.1039|12.4479,15.0926|131.9013|12.7283,15.2459|149.5527|10.8408,12.5209|181.0956|5.278,12.2107|187.351|2.3332,8.7389|173.5293|6.4316,14.447|173.2761|2.2837,-6.219|169.693|19.5826,28.1657|167.5784|-11.5271,-29.4131|136.5078|16.4815,34.1148|130.5094|-26.998,-38.624|114.635|34.7178,40.9717|102.9134|-36.3411,1.6471|110.5555|17.6051,24.0517|110.8152|3.3122,-13.3619|64.554|24.3318,38.7704|64.537|-2.0119,-28.1825|16.9302|15.7693,35.1569|16.931|-18.7935,-27.923|8.052|26.3598,43.9485|8.0545|-12.8802,-19.9142|114.8267|-64.5738,105.0979|86.9665|-3.792,100.7074|82.1764|-6.1833,29.1875|91.1427|-41.2674,29.1801|91.1381|-41.2657,40.9717|102.9134|-36.3411
idle1,34,1.1333,15.1315|123.0467|13.9484,14.0443|117.1448|12.4478,15.058|132.0291|12.6648,15.1888|149.7789|10.7328,12.4923|181.3311|5.2093,12.188|187.5905|2.2723,8.6528|173.4846|6.2649,14.3638|173.2123|2.1223,-6.3521|169.7668|19.3965,28.074|167.603|-11.7331,-29.649|136.6689|16.1376,34.127|130.4752|-27.0213,-38.8281|114.9708|34.5974,41.1375|102.8471|-36.1531,1.6639|110.5853|17.6304,24.0688|110.8452|3.3382,-13.3494|64.5677|24.236,38.7139|64.5497|-2.0382,-28.1826|16.9293|15.7769,35.156|16.9303|-18.7934,-27.9238|8.0526|26.3687,43.9472|8.0538|-12.8793,-19.7028|114.4788|-64.6005,105.2192|87.2033|-3.3698,100.853|82.3921|-5.7634,29.4102|91.0232|-41.0879,29.3933|91.0176|-41.0893,41.1375|102.8471|-36.1531
idle1,35,1.1667,15.127|123.1245|13.9388,14.0439|117.1843|12.4478,15.0669|132.159|12.6604,15.1257|149.9817|10.6104,11.8697|181.3382|4.326,11.4528|187.518|1.2383,8.112|173.1709|5.4755,13.8238|172.8951|1.3341,-6.8662|169.6273|18.6855,27.5979|167.2594|-12.447,-30.283|136.6327|15.2441,33.7624|130.0648|-27.5272,-39.436|115.1135|33.9249,40.9414|102.4005|-36.4152,1.6809|110.6133|17.6574,24.0865|110.8732|3.366,-13.3345|64.5789|24.1405,38.6641|64.5624|-2.0621,-28.1779|16.928|15.7704,35.1566|16.9318|-18.7963,-27.9195|8.0509|26.3619,43.948|8.0552|-12.8826,-19.8687|113.7406|-65.0447,104.9961|87.0712|-3.4316,100.6533|82.2382|-5.8236,29.2689|90.522|-41.3488,29.2632|90.5174|-41.3465,40.9414|102.4005|-36.4152
idle1,36,1.2,15.1212|123.2009|13.9272,14.0443|117.2218|12.4477,15.0705|132.2863|12.6496,15.0511|150.1775|10.4758,11.2319|181.3087|3.4336,10.7025|187.403|0.1968,7.4914|173.7994|4.5628,13.202|173.5339|0.4193,-7.4743|170.422|17.8304,27.0307|167.8669|-13.2942,-31.0146|137.5377|14.181,33.3152|130.6053|-28.158,-40.5311|116.0053|32.6639,40.6835|102.9085|-36.7858,1.7004|110.6383|17.6869,24.1054|110.8991|3.3947,-13.3234|64.5905|24.0542,38.6154|64.5732|-2.0855,-28.1842|16.9297|15.7714,35.1547|16.9327|-18.8011,-27.9258|8.0514|26.3619,43.9456|8.055|-12.8884,-20.1068|113.9191|-65.5853,104.7247|87.9342|-3.6132,100.4071|83.0768|-6.0014,29.0708|90.9685|-41.712,29.0597|90.9651|-41.7134,40.6835|102.9085|-36.7858
idle1,37,1.2333,15.1052|123.2715|13.9003,14.0441|117.257|12.4481,15.0236|132.3856|12.5667,14.9731|150.3471|10.3315,11.2017|181.4979|3.3504,10.6817|187.5994|0.1256,7.3386|174.7018|4.2746,13.0457|174.4555|0.1249,-7.7038|171.4286|17.4813,26.8236|168.8455|-13.6629,-31.3941|138.679|13.5978,33.2073|131.5264|-28.3389,-41.2795|117.135|31.8723,40.7578|103.8021|-36.7173,1.7195|110.6615|17.7173,24.1249|110.9217|3.4258,-13.3097|64.6005|23.9754,38.5756|64.5827|-2.0995,-28.1827|16.9294|15.7742,35.1593|16.9323|-18.7962,-27.9245|8.0514|26.365,43.9502|8.0553|-12.8825,-20.0298|114.4643|-65.6532,104.8057|89.204|-3.3904,100.5127|84.3208|-5.7703,29.204|91.7976|-41.625,29.1923|91.7969|-41.629,40.7578|103.8021|-36.7173
idle1,38,1.2667,15.0878|123.332|13.8714,14.0442|117.2896|12.4481,14.9738|132.4627|12.4815,14.8889|150.4719|10.1837,11.1635|181.6419|3.2645,10.6525|187.7506|0.0518,7.3394|174.6985|4.2627,13.0449|174.4597|0.1104,-7.7868|171.525|17.398,26.7616|168.9042|-13.7603,-31.6315|138.9201|13.2522,33.2028|131.5444|-28.307,-41.1507|117.723|32.1172,40.9194|103.8023|-36.4725,1.7397|110.6821|17.7492,24.1442|110.9416|3.4562,-13.2936|64.609|23.9075,38.5361|64.5893|-2.1112,-28.1782|16.9282|15.7843,35.1564|16.9295|-18.7883,-27.918|8.0517|26.3763,43.9484|8.0534|-12.8748,-19.8838|114.1023|-65.5067,104.9956|89.5949|-3.0313,100.7268|84.6851|-5.4001,29.4241|91.731|-41.3539,29.4225|91.7297|-41.3552,40.9194|103.8023|-36.4725
idle1,39,1.3,15.0749|123.3802|13.8495,14.0442|117.3192|12.448,14.9528|132.5243|12.4371,14.8|150.5427|10.0296,10.734|181.5644|2.6505,10.1553|187.6187|-0.6522,7.0643|174.3293|3.8913,12.7704|174.087|-0.2599,-8.1086|171.291|17.0046,26.4756|168.5199|-14.1373,-32.1195|138.8472|12.5647,32.9399|131.1433|-28.6303,-41.2568|118.0143|32.0153,40.8066|103.3952|-36.6306,1.759|110.7001|17.7795,24.1637|110.959|3.4868,-13.2834|64.6174|23.8428,38.5036|64.5959|-2.1251,-28.1825|16.9299|15.7855,35.1573|16.9307|-18.7935,-27.9241|8.053|26.3772,43.9491|8.0544|-12.88,-20.0307|113.3023|-65.73,104.9333|89.6119|-3.1089,100.6892|84.6735|-5.4624,29.3715|91.252|-41.4749,29.3672|91.25|-41.4727,40.8066|103.3952|-36.6306
idle1,40,1.3333,15.0623|123.4201|13.8284,14.0443|117.3453|12.4478,14.9347|132.5719|12.3986,14.7096|150.5832|9.8785,10.2555|181.4232|1.9805,9.5997|187.4133|-1.4234,6.6191|174.8199|3.2516,12.3178|174.6154|-0.912,-8.6018|171.9154|16.3397,26.0108|169.0321|-14.795,-32.7893|139.6495|11.5735,32.4797|131.6513|-29.2751,-42.2308|118.8127|30.8739,40.4953|103.9045|-37.1309,1.7786|110.7142|17.8091,24.1834|110.9741|3.5165,-13.2686|64.6215|23.7843,38.4768|64.6009|-2.1308,-28.1781|16.9279|15.7828,35.1584|16.9295|-18.7871,-27.9184|8.0515|26.3749,43.9505|8.0539|-12.8732,-20.3886|113.3938|-66.272,104.6878|90.5726|-3.5526,100.4688|85.6039|-5.8876,29.122|91.6855|-41.9298,29.1163|91.6806|-41.9314,40.4953|103.9045|-37.1309
idle1,41,1.3667,15.0443|123.4556|13.7992,14.0441|117.3675|12.448,14.8862|132.6035|12.3161,14.6256|150.6202|9.7311,10.2096|181.4774|1.8789,9.5614|187.4734|-1.5161,6.4855|175.625|3.0064,12.1761|175.4616|-1.171,-8.8427|172.8218|15.9909,25.7825|169.9371|-15.1621,-33.2226|140.7542|10.8795,32.2646|132.5476|-29.6139,-42.9877|119.9041|30.0038,40.4455|104.8031|-37.3058,1.7965|110.726|17.8377,24.2014|110.9852|3.5454,-13.2634|64.6276|23.7359,38.4527|64.6038|-2.1398,-28.1891|16.9314|15.7802,35.1526|16.9312|-18.7962,-27.9309|8.0549|26.3723,43.9437|8.0539|-12.8832,-20.4758|113.863|-66.5054,104.6937|91.935|-3.6531,100.5016|86.9354|-5.9707,29.138|92.5066|-42.0622,29.1299|92.5065|-42.0623,40.4455|104.8031|-37.3058
idle1,42,1.4,15.0273|123.4882|13.7713,14.0441|117.3855|12.448,14.8389|132.635|12.2362,14.5472|150.6654|9.596,10.1924|181.5541|1.8341,9.5562|187.5613|-1.5433,6.4815|175.4556|2.9867,12.1773|175.2662|-1.182,-8.9689|172.7737|15.8513,25.685|169.8471|-15.3094,-33.5412|140.915|10.3678,32.2076|132.4405|-29.6985,-42.9874|120.3657|29.9719,40.64|104.7015|-37.1342,1.814|110.7337|17.8647,24.2191|110.9933|3.5727,-13.2504|64.6288|23.7003,38.4408|64.606|-2.1387,-28.183|16.9296|15.7751,35.1604|16.93|-18.7891,-27.9237|8.0522|26.3663,43.952|8.0544|-12.8742,-20.3095|113.2174|-66.4384,104.937|92.4205|-3.3556,100.7808|87.3823|-5.6539,29.4197|92.3076|-41.8442,29.4092|92.3021|-41.8399,40.64|104.7015|-37.1342
idle1,43,1.4333,15.0151|123.5166|13.7506,14.0439|117.3988|12.4479,14.8131|132.6709|12.1864,14.4796|150.7116|9.472,9.9793|181.5277|1.507,9.3143|187.5093|-1.9099,6.3206|175.1635|2.7402,12.0219|174.9438|-1.4189,-9.2433|172.6494|15.5016,25.4525|169.615|-15.6537,-34.0294|141.0293|9.6146,32.016|132.1831|-29.9582,-43.1438|120.788|29.6905,40.7682|104.4541|-37.0539,1.8297|110.7384|17.8898,24.2342|110.9976|3.5968,-13.2415|64.6294|23.6761,38.4273|64.6048|-2.1412,-28.1836|16.9303|15.769,35.1492|16.9305|-18.797,-27.9241|8.0515|26.3591,43.9402|8.0535|-12.8833,-20.2007|112.3325|-66.4957,105.1066|92.8624|-3.111,100.9925|87.7792|-5.3859,29.6502|91.9475|-41.708,29.6493|91.9478|-41.7101,40.7682|104.4541|-37.0539
idle1,44,1.4667,15.0046|123.5391|13.7328,14.044|117.4071|12.4477,14.7916|132.7021|12.1448,14.4174|150.7541|9.3638,9.7605|181.4928|1.1923,9.0646|187.4478|-2.2648,6.0508|175.8089|2.3302,11.7503|175.5982|-1.832,-9.6239|173.4373|14.9828,25.0993|170.352|-16.1738,-34.6267|142.072|8.665,31.7112|132.9031|-30.4116,-44.0529|121.7704|28.5351,40.7733|105.1946|-37.1912,1.8447|110.7378|17.9121,24.2486|110.9988|3.6183,-13.2301|64.6264|23.6694,38.433|64.6054|-2.1363,-28.1765|16.9271|15.7712,35.1592|16.9329|-18.7982,-27.9165|8.0489|26.3617,43.951|8.056|-12.8855,-20.2143|112.4524|-66.7537,105.1526|94.2732|-3.1037,101.0804|89.1469|-5.3572,29.7573|92.5792|-41.7938,29.7446|92.5726|-41.7903,40.7733|105.1946|-37.1912
idle1,45,1.5,14.9928|123.5518|13.7134,14.0443|117.4099|12.448,14.7585|132.7134|12.0889,14.3624|150.7739|9.2683,9.7471|181.5349|1.1575,9.0594|187.4977|-2.2878,5.9599|176.447|2.1672,11.6458|176.3041|-2.0178,-9.8285|174.1475|14.691,24.883|171.1286|-16.4885,-35.0547|143.0572|7.918,31.5153|133.6696|-30.6901,-44.8245|122.6619|27.5243,40.7704|105.9765|-37.2686,1.8571|110.7338|17.9311,24.2611|110.9951|3.6374,-13.2271|64.6245|23.681,38.4423|64.6019|-2.1274,-28.1821|16.9285|15.7796,35.1602|16.9336|-18.7998,-27.9224|8.0518|26.3715,43.9516|8.0564|-12.8872,-20.2373|112.8101|-66.8906,105.1859|95.5138|-3.1058,101.1411|90.3582|-5.3417,29.8212|93.2875|-41.8285,29.8178|93.2795|-41.8237,40.7704|105.9765|-37.2686
idle1,46,1.5333,14.982|123.5591|13.6958,14.0441|117.4089|12.4478,14.7279|132.7185|12.0374,14.3172|150.7869|9.1855,9.7744|181.5824|1.165,9.1011|187.5569|-2.2628,6.0115|176.0494|2.2198,11.6954|175.9181|-1.9687,-9.8914|173.8079|14.6086,24.8165|170.7857|-16.5598,-35.3845|143.0523|7.326,31.4219|133.3128|-30.7374,-44.9391|122.8412|27.2269,40.788|105.6232|-37.1724,1.8667|110.728|17.9467,24.2718|110.9873|3.6547,-13.2258|64.6215|23.6971,38.4509|64.5936|-2.1105,-28.1851|16.9303|15.7747,35.1524|16.9298|-18.7926,-27.9269|8.0532|26.3662,43.943|8.0528|-12.8784,-20.2267|112.1572|-66.8475,105.2209|95.4849|-2.9446,101.1958|90.3088|-5.1686,29.8869|92.8828|-41.7036,29.8826|92.879|-41.701,40.788|105.6232|-37.1724
idle1,47,1.5667,14.9724|123.5604|13.6801,14.044|117.4056|12.4478,14.7038|132.7146|11.9954,14.273|150.7787|9.1075,9.7291|181.5743|1.088,9.0556|187.5489|-2.3396,5.9983|175.6089|2.1965,11.6825|175.4765|-1.9916,-9.9996|173.3853|14.4656,24.698|170.3351|-16.6739,-35.7984|143.0271|6.6145,31.2926|132.859|-30.8478,-45.1108|122.9818|26.7959,40.7506|105.1783|-37.1858,1.8763|110.7196|17.9621,24.2813|110.9786|3.6699,-13.224|64.617|23.7238,38.4679|64.5873|-2.0963,-28.1885|16.9313|15.7785,35.1497|16.9298|-18.7922,-27.9303|8.054|26.3698,43.9401|8.0524|-12.8783,-20.2849|111.4627|-66.8721,105.2154|95.31|-2.9393,101.206|90.1168|-5.1518,29.888|92.395|-41.6887,29.8753|92.3887|-41.6861,40.7507|105.1783|-37.1858
idle1,48,1.6,14.963|123.5548|13.6648,14.0441|117.3997|12.448,14.6798|132.6975|11.955,14.2291|150.7448|9.0318,9.6889|181.542|1.0167,9.016|187.5172|-2.41,5.9123|176.0583|2.0488,11.5928|175.9431|-2.1454,-10.1713|173.8204|14.2026,24.5009|170.7646|-16.9093,-36.2832|143.9001|5.7301,31.0869|133.2905|-31.0926,-45.9063|123.7006|25.6097,40.6105|105.6185|-37.3703,1.8861|110.7085|17.9772,24.2909|110.968|3.6847,-13.2175|64.6091|23.7549,38.4934|64.5814|-2.0803,-28.1825|16.9293|15.7744,35.1573|16.9308|-18.7924,-27.9233|8.0516|26.3654,43.9493|8.0543|-12.8794,-20.4513|111.7062|-67.0436,105.1117|95.9631|-3.1315,101.1136|90.7565|-5.3332,29.7761|92.8017|-41.8459,29.7699|92.7973|-41.8396,40.6105|105.6185|-37.3703
idle1,49,1.6333,14.9538|123.5413|13.6498,14.0442|117.3913|12.448,14.6575|132.6654|11.9167,14.1897|150.6819|8.9616,9.6586|181.4826|0.9545,8.9877|187.4588|-2.4706,5.8238|176.5512|1.8891,11.5019|176.4496|-2.3092,-10.3413|174.2762|13.9275,24.3041|171.219|-17.1467,-36.7652|144.8281|4.794,30.8892|133.7514|-31.3475,-46.7759|124.4129|24.2577,40.4629|106.0888|-37.59,1.895|110.6957|17.9912,24.2996|110.9546|3.6984,-13.2139|64.602|23.8005,38.5172|64.5719|-2.0601,-28.1801|16.9287|15.7836,35.1552|16.9286|-18.788,-27.9206|8.0516|26.3751,43.9469|8.0525|-12.8741,-20.6305|112.005|-67.233,105.0058|96.6195|-3.3778,101.0164|91.4013|-5.5677,29.6507|93.2429|-42.0361,29.6377|93.2431|-42.0382,40.4629|106.0888|-37.59
idle1,50,1.6667,14.945|123.5215|13.6355,14.0443|117.3801|12.4479,14.6369|132.6224|11.8807,14.1535|150.599|8.8973,9.634|181.4067|0.9106,8.9654|187.3855|-2.5106,5.8166|176.3908|1.8744,11.4932|176.2979|-2.3266,-10.4234|174.0633|13.8013,24.1871|171.0148|-17.2384,-37.143|145.1086|3.9766,30.7682|133.5587|-31.4714,-47.0078|124.6864|23.5072,40.3698|105.9049|-37.71,1.9026|110.6801|18.0023,24.3084|110.9396|3.7113,-13.2159|64.5937|23.8444,38.5511|64.5635|-2.039,-28.1848|16.9301|15.7753,35.1603|16.9311|-18.7919,-27.9263|8.0531|26.3669,43.9514|8.0547|-12.8776,-20.7613|111.6911|-67.3007,104.9602|96.5767|-3.5489,100.9767|91.3497|-5.7282,29.5727|93.0371|-42.1291,29.5686|93.0327|-42.1272,40.3698|105.9049|-37.71
idle1,51,1.7,14.9366|123.4975|13.6221,14.0444|117.3659|12.4479,14.617|132.574|11.8474,14.1199|150.5081|8.8373,9.6169|181.3233|0.8704,8.9515|187.3047|-2.547,5.8321|176.1346|1.8901,11.5136|176.018|-2.3026,-10.4799|173.7497|13.7069,24.0994|170.6904|-17.29,-37.4759|145.3|3.1871,30.6774|133.2464|-31.5561,-47.1847|124.8443|22.7608,40.2961|105.6001|-37.8022,1.9108|110.6611|18.0142,24.3154|110.9227|3.7213,-13.2098|64.5809|23.8999,38.5874|64.5542|-2.0174,-28.1763|16.9265|15.7721,35.1625|16.9321|-18.7927,-27.9165|8.0488|26.3631,43.9546|8.0565|-12.8787,-20.8733|111.2623|-67.3379,104.9344|96.4066|-3.6953,100.9561|91.1712|-5.8641,29.5129|92.7115|-42.1943,29.5062|92.7089|-42.1928,40.2961|105.6001|-37.8022
idle1,52,1.7333,14.9295|123.4691|13.6095,14.044|117.3485|12.4479,14.6024|132.5204|11.8156,14.0972|150.4102|8.7809,9.612|181.2346|0.8396,8.9502|187.2193|-2.5728,5.8253|176.0415|1.8566,11.5155|175.8807|-2.3214,-10.5588|173.6029|13.5622,23.9937|170.5192|-17.3865,-37.798|145.6557|2.3451,30.5707|133.0891|-31.6894,-47.8984|124.8998|21.3977,40.1936|105.4491|-37.9565,1.916|110.642|18.0243,24.3215|110.9002|3.7329,-13.2163|64.5736|23.9721,38.6209|64.5378|-1.9871,-28.1866|16.9309|15.7834,35.1507|16.9277|-18.7872,-27.9279|8.0549|26.3759,43.9412|8.0512|-12.872,-21.0212|110.9939|-67.42,104.8881|96.3831|-3.9219,100.914|91.1397|-6.0792,29.4221|92.5407|-42.3192,29.4079|92.5345|-42.3145,40.1936|105.4491|-37.9565
idle1,53,1.7667,14.9229|123.4365|13.5977,14.044|117.3278|12.4478,14.5885|132.4616|11.7851,14.0791|150.3067|8.7318,9.6319|181.15|0.8426,8.9774|187.1412|-2.5596,5.841|175.9423|1.8546,11.5348|175.762|-2.3173,-10.613|173.453|13.4511,23.9036|170.3674|-17.4605,-38.071|146.0083|1.5478,30.4598|132.9455|-31.7945,-48.5438|124.9563|20.067,40.0711|105.3066|-38.0846,1.9223|110.6175|18.0332,24.3267|110.8777|3.7401,-13.2164|64.5591|24.0419,38.6703|64.5272|-1.9653,-28.1859|16.9306|15.7694,35.155|16.9323|-18.799,-27.9265|8.0523|26.3599,43.947|8.0557|-12.8861,-21.1856|110.7402|-67.4819,104.8171|96.3618|-4.116,100.8468|91.111|-6.262,29.31|92.3797|-42.4183,29.3086|92.3748|-42.4182,40.0711|105.3066|-38.0846
idle1,54,1.8,14.9165|123.3993|13.5865,14.0441|117.3034|12.4479,14.5732|132.3966|11.7546,14.062|150.1961|8.6878,9.681|181.0718|0.8885,9.0396|187.0743|-2.4963,5.8824|175.84|1.8906,11.5763|175.6598|-2.2811,-10.6412|173.297|13.3759,23.8348|170.241|-17.5052,-38.2778|146.3303|0.8118,30.3609|132.831|-31.8842,-48.5907|125.1669|19.2938,39.9528|105.1938|-38.2109,1.9277|110.59|18.0411,24.3322|110.8512|3.7482,-13.2136|64.5432|24.1311,38.7248|64.5125|-1.9299,-28.1766|16.9273|15.7744,35.161|16.9324|-18.7952,-27.9164|8.0493|26.3651,43.9526|8.056|-12.8816,-21.3523|110.4897|-67.5323,104.759|96.3986|-4.318,100.794|91.1385|-6.4513,29.2062|92.2439|-42.5118,29.2049|92.2378|-42.5088,39.9528|105.1938|-38.2109
idle1,55,1.8333,14.9098|123.3566|13.576,14.0444|117.2753|12.4478,14.5547|132.3237|11.7255,14.0421|150.0749|8.652,9.7543|180.9952|0.9789,9.1315|187.0135|-2.3812,5.9447|175.7302|1.9665,11.6365|175.5643|-2.209,-10.6469|173.1319|13.3408,23.7873|170.1284|-17.5131,-38.4288|146.617|0.1512,30.27|132.7368|-31.9592,-48.5197|125.3494|18.636,39.8182|105.101|-38.3576,1.9322|110.5595|18.0474,24.3369|110.8213|3.7547,-13.2126|64.5256|24.226,38.7856|64.4964|-1.893,-28.1685|16.924|15.7755,35.1681|16.9318|-18.7906,-27.9082|8.0468|26.3669,43.9614|8.0572|-12.8767,-21.5344|110.2741|-67.6014,104.6832|96.4389|-4.543,100.723|91.1706|-6.6647,29.0845|92.1306|-42.6287,29.0708|92.1214|-42.6199,39.8183|105.101|-38.3576
idle1,56,1.8667,14.9031|123.3077|13.5662,14.0441|117.2433|12.4479,14.5344|132.2413|11.6976,14.0216|149.939|8.6218,9.851|180.9129|1.102,9.2515|186.9501|-2.2283,6.0274|175.6061|2.0728,11.7153|175.4618|-2.1094,-10.63|172.9573|13.3387,23.7581|170.0132|-17.4942,-38.5253|146.8533|-0.4189,30.1813|132.64|-32.0146,-48.5605|125.4112|17.8939,39.6417|104.999|-38.5199,1.9346|110.5269|18.0524,24.3394|110.7869|3.7599,-13.2219|64.5109|24.3349,38.8447|64.4756|-1.8546,-28.1791|16.9283|15.7805,35.1573|16.9317|-18.7951,-27.9198|8.0507|26.3715,43.9476|8.0541|-12.8812,-21.7729|110.1011|-67.6458,104.5799|96.4153|-4.8263,100.6187|91.1422|-6.9339,28.9073|92.0171|-42.7544,28.9022|92.0165|-42.7536,39.6417|104.999|-38.5199
idle1,57,1.9,14.8966|123.2468|13.557,14.0441|117.2023|12.4476,14.5137|132.1428|11.6715,14.0025|149.7807|8.6017,9.9703|180.818|1.2703,9.3982|186.8781|-2.0231,6.1301|175.4603|2.2197,11.8141|175.3417|-1.9694,-10.5896|172.7567|13.3799,23.7532|169.8932|-17.4348,-38.5604|147.0156|-0.8982,30.1156|132.5433|-32.0415,-48.5483|125.3855|17.2183,39.4585|104.896|-38.6889,1.9374|110.4841|18.0562,24.3414|110.7453|3.7623,-13.2272|64.4884|24.4659,38.926|64.4541|-1.8125,-28.1797|16.9282|15.7799,35.16|16.934|-18.8025,-27.9201|8.0514|26.3716,43.9529|8.0579|-12.8905,-22.0282|109.9489|-67.6709,104.4815|96.3666|-5.1451,100.5175|91.0901|-7.2393,28.7199|91.9062|-42.888,28.7142|91.9003|-42.8839,39.4585|104.8961|-38.6889
idle1,58,1.9333,14.8903|123.1692|13.5484,14.0443|117.148|12.4477,14.493|132.0225|11.6463,13.9851|149.5917|8.5874,10.1048|180.6972|1.466,9.5627|186.7821|-1.7864,6.2467|175.2795|2.3926,11.9269|175.184|-1.803,-10.5305|172.524|13.4535,23.7647|169.7418|-17.3484,-38.5406|147.0771|-1.2681,30.0605|132.4198|-32.055,-48.4728|125.2561|16.6489,39.2583|104.767|-38.8789,1.9392|110.4286|18.0583,24.3435|110.6906|3.7651,-13.2326|64.4585|24.6324,39.032|64.4248|-1.7474,-28.1743|16.9263|15.7758,35.1669|16.9335|-18.7955,-27.9146|8.0483|26.3665,43.9597|8.058|-12.8821,-22.3287|109.7656|-67.6567,104.3985|96.2976|-5.548,100.4298|91.0174|-7.6238,28.5112|91.7685|-43.0293,28.5047|91.7614|-43.0252,39.2583|104.767|-38.8789
idle1,59,1.9667,14.8843|123.076|13.5406,14.0439|117.0823|12.448,14.4734|131.8808|11.6227,13.9727|149.37|8.5774,10.265|180.5477|1.683,9.7576|186.6592|-1.5248,6.3862|175.0621|2.5843,12.0656|174.9802|-1.6135,-10.4474|172.2612|13.5475,23.8096|169.5494|-17.2337,-38.4562|147.0274|-1.539,30.0203|132.2673|-32.0768,-48.3261|125.0212|16.1849,39.0382|104.6122|-39.1283,1.9383|110.3643|18.0592,24.343|110.6231|3.7665,-13.2498|64.4276|24.8266,39.1466|64.3855|-1.6735,-28.1875|16.9312|15.7734,35.1532|16.9302|-18.7924,-27.9287|8.0534|26.3643,43.9444|8.0534|-12.8788,-22.6706|109.6574|-67.6358,104.3171|96.0945|-6.0823,100.3345|90.8173|-8.1389,28.2611|91.6221|-43.2271,28.2584|91.6184|-43.224,39.0382|104.6122|-39.1283
idle1,60,2.0,14.8796|122.9637|13.5353,14.0441|117.0066|12.4477,14.4566|131.709|11.6079,13.9674|149.0956|8.5873,10.4414|180.3478|1.9396,9.9703|186.4874|-1.2198,6.5721|174.5936|2.8686,12.2479|174.5404|-1.3358,-10.3121|171.7477|13.742,23.9048|169.1298|-17.0281,-38.28|146.6334|-1.6173,29.9977|131.9053|-32.0635,-48.0576|124.4466|15.9319,38.7933|104.2536|-39.4029,1.9364|110.289|18.0549,24.3418|110.5491|3.7634,-13.2627|64.3885|25.04,39.2817|64.3458|-1.5956,-28.1869|16.931|15.7639,35.1537|16.9313|-18.7953,-27.9293|8.0529|26.3546,43.9438|8.0539|-12.8809,-23.0652|109.4722|-67.5525,104.2392|95.5507|-6.7376,100.2316|90.2847|-8.7747,27.9603|91.2933|-43.4481,27.9579|91.2875|-43.4477,38.7933|104.2536|-39.4029
idle1,61,2.0333,14.8773|122.8322|13.5343,14.0441|116.9223|12.4481,14.4463|131.5057|11.6056,13.9734|148.763|8.6206,10.6354|180.0886|2.2261,10.2019|186.2564|-0.8833,6.8173|173.7684|3.2592,12.4851|173.7738|-0.9599,-10.1111|170.8819|14.0529,24.0638|168.3896|-16.7191,-37.9702|145.7565|-1.4849,30.0061|131.2297|-31.9728,-47.6181|123.3984|15.9178,38.5407|103.585|-39.6393,1.9316|110.208|18.0487,24.3353|110.4669|3.7544,-13.2737|64.3482|25.2829,39.4241|64.3012|-1.5102,-28.183|16.9296|15.7865,35.1502|16.9275|-18.7866,-27.9223|8.0531|26.3785,43.9413|8.051|-12.8724,-23.4678|109.0664|-67.4062,104.1515|94.5993|-7.3841,100.1131|89.3508|-9.4052,27.6378|90.6694|-43.6394,27.6279|90.6648|-43.6375,38.5407|103.585|-39.6393
idle1,62,2.0667,14.8775|122.6871|13.5376,14.0439|116.8314|12.448,14.4434|131.2826|11.6162,13.9935|148.3958|8.6781,10.8473|179.7934|2.5448,10.4524|185.9895|-0.5131,7.0954|172.753|3.711,12.7542|172.8318|-0.5249,-9.8595|169.7802|14.4396,24.267|167.4408|-16.33,-37.5583|144.5447|-1.206,30.0536|130.3509|-31.8124,-47.1031|122.0099|16.0249,38.3105|102.7196|-39.8235,1.9214|110.1223|18.0332,24.3261|110.3803|3.7405,-13.2954|64.3066|25.5186,39.5768|64.2567|-1.426,-28.1894|16.9317|15.7828,35.1538|16.9284|-18.789,-27.9309|8.055|26.3746,43.945|8.0516|-12.8753,-23.8224|108.5287|-67.2436,104.0547|93.3807|-7.9426,99.9832|88.1541|-9.9538,27.3312|89.8597|-43.7941,27.3159|89.857|-43.7916,38.3105|102.7196|-39.8235
idle1,63,2.1,14.8802|122.534|13.5451,14.044|116.7352|12.4476,14.447|131.051|11.6384,14.0271|148.0167|8.7588,11.0803|179.485|2.8946,10.7254|185.7095|-0.1101,7.3849|171.7167|4.182,13.0357|171.8666|-0.0692,-9.5681|168.5866|14.8687,24.4932|166.4154|-15.8937,-37.0856|143.1885|-0.8337,30.1449|129.3993|-31.6008,-46.5879|120.4572|16.161,38.1229|101.7888|-39.9592,1.9096|110.0315|18.0134,24.3144|110.2913|3.7209,-13.3115|64.26|25.7562,39.7314|64.2117|-1.3437,-28.1848|16.9298|15.7745,35.1534|16.9311|-18.7962,-27.9259|8.052|26.3655,43.9445|8.0538|-12.8832,-24.0965|107.9707|-67.1003,103.9554|92.0477|-8.3821,99.8503|86.8462|-10.3903,27.0652|88.9927|-43.9182,27.0705|88.9856|-43.9113,38.1229|101.7888|-39.9592
idle1,64,2.1333,14.8853|122.3748|13.5563,14.0444|116.6352|12.4479,14.4572|130.813|11.6702,14.071|147.6281|8.8545,11.3161|179.1613|3.2516,11.0|185.4127|0.2988,7.6511|170.804|4.6149,13.2978|171.007|0.3548,-9.2846|167.4805|15.2706,24.7156|165.4621|-15.4659,-36.6002|141.8799|-0.4554,30.3155|128.519|-31.3623,-46.084|118.9395|16.2664,38.0661|100.9429|-40.0419,1.8953|109.9388|17.9904,24.3002|110.1993|3.6981,-13.3282|64.2133|25.9955,39.8917|64.1663|-1.2547,-28.1797|16.9275|15.7735,35.1635|16.9307|-18.7889,-27.9207|8.0497|26.3644,43.9553|8.0546|-12.8751,-24.2027|107.48|-66.9857,103.9449|90.8177|-8.6828,99.811|85.6403|-10.6942,26.9404|88.2076|-44.0061,26.9329|88.2021|-43.9998,38.0661|100.9429|-40.0419
idle1,65,2.1667,14.8932|122.2164|13.5713,14.0443|116.5331|12.4479,14.4754|130.5838|11.7119,14.1312|147.2614|8.9692,11.5656|178.8553|3.6242,11.2876|185.1324|0.7227,7.8876|170.1976|4.987,13.5346|170.4186|0.7262,-9.0193|166.6822|15.6267,24.9215|164.7702|-15.0802,-36.1547|140.8897|-0.0977,30.5653|127.8944|-31.1169,-45.6071|117.7305|16.3378,38.1501|100.3624|-40.0781,1.8779|109.8455|17.9629,24.283|110.107|3.671,-13.3476|64.1676|26.232,40.0467|64.1215|-1.1763,-28.177|16.9261|15.776,35.1666|16.9343|-18.799,-27.918|8.0497|26.368,43.9587|8.0581|-12.8857,-24.1407|107.3127|-66.8671,104.0417|89.79|-8.894,99.877|84.641|-10.9147,26.9509|87.6982|-44.0632,26.9403|87.6955|-44.063,38.1501|100.3624|-40.0781
run,0,0.0,-5.8395|108.3487|-2.8797,-6.4136|103.9859|-6.2294,-6.0575|116.4029|-3.1404,-7.065|130.4363|2.339,-5.5046|150.6176|29.2561,-4.3986|157.4011|38.9921,-10.3644|144.3409|18.2653,1.0|145.063|19.4514,-29.8271|151.0733|19.5692,34.43|148.8688|13.6663,-52.4202|118.0298|12.7501,40.6348|127.9829|-20.6009,-56.9542|89.9701|22.1255,44.9411|98.3712|-19.8927,-20.5907|102.2778|-10.6188,5.3415|96.5629|-11.6973,-16.4387|54.4169|-1.7457,12.4702|49.6875|0.0735,-11.1498|16.9196|-35.3164,9.0423|48.7688|-50.4082,-10.5998|8.0471|-24.7304,9.0214|40.168|-61.2291,27.4137|144.4707|-76.5227,35.679|59.2023|36.4376,38.0646|57.6484|30.1273,36.5715|100.9343|-37.333,36.5643|100.9418|-37.3426,44.9389|98.3707|-19.8927
run,1,0.0333,-6.0128|120.335|0.8026,-6.283|115.9498|-2.5562,-6.4507|128.3805|0.5142,-8.3981|142.8232|5.8562,-5.9067|164.1916|31.7682,-4.8009|170.0996|41.0377,-11.0011|156.2272|23.8268,-0.043|160.9782|21.0558,-30.7576|161.3235|26.9145,32.3336|165.6352|13.2678,-52.3437|127.0957|23.5505,38.361|146.1991|-21.873,-54.2977|99.8331|35.7462,43.8114|116.7786|-22.6616,-20.2631|114.3084|-7.5602,5.617|108.2698|-7.3089,-15.4327|67.3462|-26.4502,12.8959|62.8794|9.2262,-10.434|18.6972|-46.0164,11.4716|47.0002|-38.8031,-10.0454|9.559|-35.6516,12.0381|35.9029|-47.0248,24.1895|165.6326|-76.2114,36.4672|74.1206|31.3703,38.7958|73.0073|24.9466,35.1084|120.1329|-39.8019,36.3593|118.5301|-39.9188,43.8092|116.778|-22.6616
run,2,0.0667,-2.5628|125.7778|6.5102,-2.5658|121.3645|3.1775,-3.1976|133.8094|6.1527,-5.654|148.7786|11.2746,-1.969|171.9429|35.4425,-0.5073|177.0475|44.2201,-6.63|163.0191|30.8197,2.4639|170.9553|24.0684,-26.1969|166.0557|36.6281,33.149|176.9386|12.9887,-46.5093|130.8969|36.918,38.3032|159.9128|-23.515,-45.9153|105.0831|52.0539,45.3666|130.9925|-26.6166,-16.2004|119.684|-2.6918,9.5075|113.3377|-0.4263,-13.7466|73.5659|-28.6673,14.7938|71.4431|24.1413,-11.2098|25.791|-55.5734,13.5994|43.2502|-17.8674,-11.1001|15.3406|-46.5254,14.6373|29.7362|-20.5806,21.7408|182.9686|-75.398,41.8406|83.999|24.1009,43.959|83.4875|17.53,35.8744|135.2908|-43.1153,36.5156|134.3864|-41.9805,45.3645|130.9918|-26.6166
run,3,0.1,0.171|127.9339|10.2725,0.3527|123.458|7.0295,-0.6293|135.9448|9.7523,-2.8732|151.5966|14.598,0.2944|176.1148|37.4688,1.701|180.3486|46.0505,-3.4951|168.7437|35.1531,4.1962|178.0014|27.0364,-22.7674|170.047|42.4128,34.0933|184.6803|15.2558,-41.8897|134.3216|45.0305,38.9211|169.7913|-22.2138,-39.5869|110.157|62.5396,47.893|141.6848|-27.2562,-12.772|120.8834|0.3743,12.9985|115.9027|4.543,-12.4196|76.3111|-31.8192,15.5008|78.102|35.3897,-12.0599|30.1373|-65.1664,13.8464|38.3473|4.1197,-11.8736|16.994|-60.8881,14.4111|24.77|6.6505,21.8404|195.7227|-72.4279,46.6597|91.5113|20.4323,48.7144|91.4894|13.8214,38.053|146.6609|-43.3558,37.7495|147.0326|-42.7164,47.8909|141.6841|-27.2562
run,4,0.1333,2.5683|129.2333|13.2724,2.891|124.684|10.1445,1.6325|137.2181|12.5539,-0.3122|153.5434|17.1519,2.1357|179.0393|39.0201,3.5113|182.5869|47.5316,-1.1467|174.1101|38.3222,5.6738|183.8363|29.8544,-20.0228|174.0754|46.6597,35.1637|190.9471|17.9387,-37.6572|137.7597|51.0209,39.5077|178.1558|-20.3558,-33.7028|115.221|70.3126,49.9128|150.9669|-27.3124,-9.6833|121.0988|2.9188,16.0566|117.7851|8.6439,-10.5377|78.6318|-34.4173,16.5073|81.905|41.7964,-11.4283|34.6386|-73.0917,14.5133|34.8371|23.3131,-11.0858|20.8246|-73.4713,14.699|22.7696|30.0517,22.5916|207.136|-69.0005,49.8925|97.9704|17.2348,51.9124|98.3907|10.6265,39.8946|156.7209|-43.0385,39.2427|157.1284|-42.9439,49.9107|150.9661|-27.3124
run,5,0.1667,4.1724|129.9466|14.785,4.5971|125.3315|11.7678,3.1651|137.9091|13.8807,0.991|154.808|18.2194,2.9488|180.8254|39.5152,4.2688|183.9755|47.9929,-0.1019|177.5032|39.8108,6.2475|187.1106|31.1575,-18.749|176.8556|48.6248,35.6543|194.2763|19.449,-35.5509|140.2977|54.1057,39.7434|183.1663|-19.3944,-30.6845|119.0886|74.6555,50.8204|156.6841|-27.8731,-7.6233|121.0634|4.3099,18.0403|118.8787|10.8604,-9.6091|80.9094|-36.7305,17.0012|82.8359|43.8227,-11.6718|39.3123|-79.2421,14.1035|32.7757|36.9982,-11.1661|25.9577|-82.7756,14.0049|22.8751|46.6436,22.9895|214.6568|-66.6535,51.2616|101.4004|13.7997,53.3036|102.1951|7.2327,40.7982|163.1448|-43.3197,39.9591|163.229|-43.427,50.8183|156.6832|-27.8731
run,6,0.2,5.3797|130.4787|15.5726,5.8504|125.7984|12.6645,4.3778|138.4257|14.4888,2.0831|155.8461|18.5614,3.8552|182.2625|39.3769,5.1224|185.2647|47.7227,0.9655|180.0551|40.4214,6.9813|189.0655|31.6619,-17.5062|179.1479|49.5755,36.267|196.1513|19.8796,-33.4963|142.4419|56.3433,39.9544|185.6992|-19.1861,-27.6423|122.4899|77.8712,51.3974|159.6745|-28.5491,-6.1842|121.0697|5.1822,19.4283|119.5915|12.1192,-9.0285|82.9945|-38.1992,17.3194|82.1203|43.3944,-11.9806|43.551|-83.1357,13.6058|31.7698|46.8622,-11.0857|31.0541|-88.9765,13.2857|24.6752|58.721,22.6643|218.3891|-65.513,52.7073|103.1521|11.4083,54.7295|104.178|4.8674,41.262|166.4561|-43.7829,40.2513|167.2892|-43.9412,51.3953|159.6736|-28.5492
run,7,0.2333,6.3641|130.7915|15.9309,6.8764|126.0616|13.1115,5.3939|138.7291|14.7043,2.9145|156.5585|18.534,4.604|183.1538|39.1274,5.8022|186.2111|47.31,1.8376|181.8716|40.7664,7.6233|190.1824|32.0443,-16.4968|180.7749|50.1722,36.7298|197.3078|20.0538,-31.9357|143.9943|57.765,40.0099|187.3916|-19.1875,-25.5267|125.0597|80.0407,51.6385|161.7789|-29.4177,-5.0136|120.9908|5.6222,20.5462|120.0412|12.8403,-8.4902|85.0017|-39.3486,17.4515|80.7662|41.7293,-12.0972|47.7193|-85.9314,13.0469|31.5755|52.7684,-11.141|35.9399|-93.1019,12.6235|26.9606|65.7911,22.0052|221.1669|-64.5494,53.8275|104.1066|8.8212,55.8207|105.3566|2.3104,41.3757|168.8716|-44.4227,40.374|170.1621|-44.484,51.6365|161.778|-29.4178
run,8,0.2667,7.2046|130.7821|15.9815,7.756|126.0124|13.2373,6.2847|138.7146|14.6356,3.5712|156.8107|18.2484,5.2429|183.4163|38.8299,6.3705|186.7987|46.8703,2.5528|183.0304|40.9837,8.1941|190.8142|32.3142,-15.6749|181.7707|50.5746,37.0998|198.0958|20.0673,-30.7907|144.9569|58.642,39.9825|188.6624|-19.3238,-24.184|126.8346|81.5272,51.6336|163.4436|-30.4665,-4.0064|120.6861|5.7239,21.4943|120.144|13.1888,-7.2334|86.0685|-39.8153,17.7547|79.509|40.0493,-10.582|50.2074|-86.9869,12.9266|31.181|54.2651,-9.6484|39.0494|-95.0933,12.4368|27.8025|67.6596,21.3685|223.5467|-63.7975,54.4455|104.7025|6.0666,56.4139|106.1612|-0.4083,41.2745|170.8732|-45.2406,40.4606|172.2949|-45.1571,51.6316|163.4427|-30.4666
run,9,0.3,7.9786|130.3472|15.8454,8.563|125.552|13.1531,7.1186|138.2818|14.4208,4.1947|156.4752|17.8746,5.9854|183.028|38.5142,7.071|187.1007|46.4723,3.3069|183.6981|41.164,8.8974|191.3486|32.4152,-14.8376|182.3733|50.9027,37.6554|198.7435|19.9274,-29.6366|145.4893|59.2328,40.1769|189.5951|-19.5557,-22.9009|128.0108|82.5766,51.8243|164.7838|-31.5819,-3.076|120.0532|5.5721,22.3622|119.8292|13.263,-5.5482|86.7492|-40.2106,18.1819|78.62|39.1667,-8.1149|52.249|-87.6345,12.9424|30.6527|54.4206,-7.1254|41.4895|-96.2566,12.3783|27.6036|67.891,21.0972|225.4094|-63.5146,55.0953|105.2631|3.6273,57.0424|106.879|-2.8166,41.3892|172.4708|-46.1696,40.6444|174.1322|-46.061,51.8223|164.7828|-31.5821
run,10,0.3333,8.3551|128.7079|15.1123,8.9663|123.9112|12.4286,7.5626|136.6578|13.6808,4.4626|154.7136|17.0769,6.6191|181.1625|37.8147,7.6413|186.6581|45.6772,3.8358|183.3049|40.9893,9.5426|191.2849|31.9294,-14.2454|182.0822|50.8582,38.2524|198.6712|19.2696,-28.6149|145.0343|59.2124,40.5336|189.4947|-20.2215,-21.6409|128.0004|82.8134,52.1834|165.1851|-33.23,-2.6032|118.456|4.7108,22.8053|118.2846|12.501,-4.0311|87.4621|-40.5393,18.3923|77.7571|39.2727,-5.516|55.3547|-87.4127,12.5111|29.326|52.4086,-4.73|44.7641|-96.2618,12.2634|27.7415|66.138,21.1262|225.8949|-64.6798,55.7841|105.4264|1.5412,57.7146|107.0983|-4.8934,41.692|172.9284|-47.7474,40.9757|174.7352|-47.5655,52.1814|165.1841|-33.2301
run,11,0.3667,8.448|125.1972|12.9643,9.0739|120.4148|10.2586,7.7291|133.1718|11.5774,4.4795|150.8582|15.0076,7.1276|177.1394|35.9011,8.099|184.5357|43.5996,3.9927|180.8599|39.2099,10.1822|189.6373|30.0953,-14.0783|179.8758|49.1241,38.9319|196.97|17.3533,-27.9713|142.5882|57.2139,40.984|187.5001|-22.0811,-20.7568|125.8131|80.9277,52.4886|163.791|-36.2733,-2.4937|115.1626|2.3986,22.9654|114.9237|10.0197,-3.2629|86.7941|-41.8237,17.7996|70.6159|29.9397,-4.0652|57.4058|-87.6334,11.758|21.556|40.7849,-3.333|47.2646|-96.9986,11.6445|20.9375|54.5933,20.9979|224.2412|-67.7918,56.5395|104.1949|-1.2734,58.4249|105.8474|-7.7264,41.8795|171.4304|-50.7602,41.5073|172.567|-49.9962,52.4866|163.7901|-36.2734
run,12,0.4,8.6709|119.588|8.9666,9.2731|114.8407|6.1945,8.0372|127.5987|7.696,4.7041|144.7513|11.2668,7.874|170.7662|32.4192,8.9031|180.034|39.9641,3.9807|176.7128|35.1921,11.394|185.6761|26.7005,-14.2328|176.1935|44.8782,40.3994|192.717|14.1401,-27.4736|138.4818|52.0427,41.9857|182.4312|-25.111,-20.0522|121.6148|75.6272,53.1566|159.238|-40.3813,-2.3734|109.8867|-1.7422,23.246|109.6275|5.3206,-3.739|78.8772|-41.8886,18.3209|68.6149|33.2007,-2.0709|58.5037|-90.3197,11.5964|17.5191|30.8849,-1.6924|48.2653|-99.5998,11.0857|14.0147|44.2462,20.7757|218.6749|-72.9088,58.1483|100.5626|-3.9757,59.9244|102.0656|-10.4959,42.2771|166.4436|-54.8898,42.4109|168.2605|-53.8952,53.1546|159.2371|-40.3814
run,13,0.4333,8.8492|113.188|4.2747,9.3811|108.5267|1.3468,8.2655|121.2489|3.2676,4.7558|137.7384|7.0518,8.0268|163.0993|28.9693,9.099|173.8344|36.5284,3.3623|170.7118|30.8759,12.3093|180.0242|23.7277,-15.1993|170.5976|39.8913,41.7822|186.919|11.8456,-27.3214|132.2251|45.3168,43.139|175.7511|-27.1724,-19.4166|114.8157|68.3435,53.8199|152.9183|-43.3118,-2.4897|103.9983|-6.5116,23.411|103.7622|-0.5617,-6.8836|64.9213|-36.1915,17.4906|65.8125|26.0896,-0.9083|63.493|-86.8555,10.5602|18.0473|21.3013,-0.1951|55.2346|-97.9179,9.9041|9.4012|32.0661,21.3584|211.3408|-77.5519,58.9094|95.4083|-5.1046,60.6594|96.7041|-11.6761,42.886|159.6771|-57.9935,43.3742|161.8645|-57.9345,53.8178|152.9174|-43.3118
run,14,0.4667,8.8683|107.9262|0.4951,9.3058|103.3693|-2.6076,8.3258|116.0301|-0.2102,4.661|131.8211|3.7974,7.9584|156.2239|26.7731,9.2877|167.5462|34.6564,2.9721|162.3179|27.4874,13.1358|173.0122|22.1802,-15.9796|162.7149|35.642,43.0909|179.7309|10.8354,-27.3506|123.8229|38.2756,44.1842|167.6446|-27.9163,-19.3075|105.2682|60.3399,54.2786|144.9935|-44.6771,-2.8012|99.1827|-10.2933,23.3505|99.2217|-5.5614,-9.1608|56.4642|-32.6765,17.2474|61.2495|19.2327,-0.5358|65.9548|-81.4079,10.391|14.9759|10.92,0.3639|59.1185|-93.3888,10.3906|6.0987|21.5153,22.0718|202.7588|-80.2468,59.1058|88.3006|-5.2345,60.8767|89.4507|-11.8275,43.4025|151.4665|-59.5295,43.8348|151.4827|-59.3723,54.2766|144.9925|-44.6771
run,15,0.5,8.6882|103.8319|-2.3734,8.9148|99.2833|-5.5106,8.089|111.9439|-3.0181,5.2971|127.2951|1.1641,8.0444|149.1202|26.6664,9.5784|159.4881|35.5446,2.8095|151.911|25.6355,13.9965|158.6295|22.5203,-16.6866|152.744|32.3459,44.6983|165.794|12.3266,-28.0428|113.9413|28.5758,44.5673|152.8806|-26.1726,-21.0436|92.455|48.2011,53.4288|130.1819|-43.5548,-2.8759|94.2071|-13.1518,23.239|96.9374|-9.0455,-11.7089|47.5855|-23.1921,17.1413|60.1285|19.7653,-2.0775|61.0278|-70.6349,11.0095|15.9123|-0.1791,-1.4766|54.7197|-82.9204,11.0481|7.2792|10.6161,21.8061|188.2269|-79.1933,57.7281|73.6615|-3.8049,59.4569|74.7436|-10.4206,42.5209|136.734|-58.3491,43.7266|136.0151|-57.8376,53.4267|130.181|-43.5548
run,16,0.5333,8.1888|102.804|-3.5674,8.1629|98.2586|-6.7172,7.5339|110.9216|-4.1531,6.1467|125.8948|0.3594,7.3626|145.5994|27.645,8.8245|153.7771|37.6319,2.0092|144.7148|23.706,13.9531|145.2822|22.1062,-18.0338|146.7107|28.1914,45.8367|152.3615|13.8888,-29.852|109.657|16.5219,45.2424|138.4345|-24.2511,-24.8854|84.8629|32.534,53.5196|115.1591|-41.152,-3.1877|92.2475|-14.3465,22.5667|97.6554|-10.6352,-12.6698|44.5916|-13.833,15.8077|58.853|16.6361,-2.656|60.4554|-60.5432,9.6271|18.6136|-11.7921,-1.6211|55.2117|-73.2915,9.5146|9.6755|-1.2486,23.4514|173.5523|-77.5588,56.2479|58.8293|-0.9948,58.0808|59.8354|-7.5943,42.9261|121.8175|-56.1262,43.2795|121.8157|-56.1588,53.5175|115.1582|-41.152
run,17,0.5667,7.5018|103.9287|-3.6235,7.1741|99.4058|-6.7889,6.9156|112.0615|-4.11,6.4179|126.6816|0.6678,5.8637|146.4649|27.9178,6.869|152.2736|37.9385,0.61|141.7581|20.9667,13.0463|139.7949|21.5648,-19.5965|145.4036|23.0239,45.9901|146.2745|14.9632,-33.2567|111.635|5.0822,44.6375|131.4117|-22.8023,-30.5933|84.3827|17.1661,52.4672|107.2737|-38.6751,-3.9238|92.7171|-14.2235,21.4699|99.9069|-11.0973,-11.2951|47.2525|1.7881,14.9755|56.7811|8.8182,-6.7295|50.0021|-48.442,9.7671|18.4673|-22.3682,-5.8356|42.8524|-60.239,9.6569|9.2744|-12.0462,23.7431|166.207|-75.2964,53.8659|50.9007|1.49,55.7668|51.8738|-5.0953,42.1103|114.1248|-53.7277,42.4606|113.8583|-52.9339,52.4652|107.2728|-38.6752
run,18,0.6,6.3881|107.455|-2.2004,5.7361|102.9687|-5.3676,5.9839|115.6052|-2.593,6.3437|130.0555|2.3404,4.0109|150.2106|29.2213,4.3008|154.5634|39.0146,-0.9048|142.4267|19.8466,11.5517|140.531|23.7327,-20.8509|147.6976|19.4052,45.4208|145.8804|19.5689,-36.6398|118.2247|-3.6358,43.9815|130.2811|-17.8952,-36.6285|89.4142|4.4731,51.6806|105.2562|-32.3994,-5.344|95.7765|-12.3448,19.8387|103.9919|-10.1895,-10.4082|54.4623|13.2308,14.1924|56.0595|-2.6214,-11.5357|38.334|-34.7236,9.908|16.3719|-33.7266,-10.563|28.6259|-44.5161,9.91|7.4925|-23.1331,25.3389|164.8766|-69.6934,50.6942|48.8903|7.7877,52.7751|49.8109|1.2495,41.8615|112.3587|-47.694,41.8648|112.3576|-47.696,51.6785|105.2554|-32.3995
run,19,0.6333,4.3697|116.3301|2.2894,3.3827|111.8682|-0.8252,4.2134|124.4881|1.9058,5.2601|139.0443|6.7848,1.9698|160.4979|32.5368,1.7293|164.6485|42.0141,-2.6184|150.7269|22.6162,9.0708|149.6826|29.5102,-21.9401|157.4893|20.0149,43.4651|153.2493|27.5699,-40.0386|132.3954|-6.2828,43.0365|137.2806|-9.7635,-43.0052|103.0331|-1.2977,51.3547|111.6677|-22.8281,-7.7984|103.9978|-6.843,17.2088|112.9823|-6.373,-12.467|64.6424|21.7225,13.3744|64.6712|-26.6902,-14.5057|35.0969|-19.3131,9.4076|14.6254|-47.729,-13.2285|22.2083|-24.1441,9.4298|4.7416|-38.0659,27.9714|172.1526|-60.6978,47.4043|55.0927|16.8803,49.7638|56.0026|10.4359,42.3241|119.1061|-38.4456,42.2243|119.5464|-38.9326,51.3525|111.667|-22.8283
run,20,0.6667,2.0336|125.1871|7.4253,0.7592|120.7355|4.4016,2.1354|133.3388|6.9683,3.7274|148.2361|11.6484,-0.0277|171.4036|35.8024,-0.6965|175.5567|44.8962,-4.5711|162.0384|26.9608,6.1577|159.7807|35.4616,-23.022|170.0269|22.3165,40.767|161.5634|35.5151,-42.7345|148.8713|-6.1911,41.8923|144.9515|-1.5219,-48.9906|119.735|-3.4091,50.9203|118.6693|-12.6413,-10.6285|112.3865|-0.4758,14.2803|121.5422|-1.9,-14.6072|73.2306|28.4658,11.4899|73.0461|-30.1223,-16.7298|34.688|-4.26,8.6048|22.8055|-59.3511,-15.2239|20.9892|-3.1826,8.6069|10.8981|-52.331,30.0592|179.095|-52.0479,44.4834|62.7059|27.6048,47.0813|63.4855|21.2355,42.5827|126.0761|-28.6541,42.6411|127.2622|-29.925,50.9181|118.6686|-12.6416
run,21,0.7,-0.1498|128.2835|10.8212,-1.6157|123.8096|7.9197,0.1957|136.4108|10.1812,1.8364|151.8417|14.6414,-1.7271|176.2458|37.5759,-2.5798|180.317|46.383,-6.4891|171.4585|30.4717,3.3887|164.3166|39.5766,-24.1737|180.2871|24.5443,37.9936|164.8526|40.6374,-44.1271|161.5121|-5.4254,41.4281|148.1043|3.8045,-53.4503|133.1271|-3.6446,50.4751|121.0916|-5.3803,-13.4413|115.4968|4.1477,11.6178|123.7647|0.9876,-14.976|76.9474|34.118,10.0004|78.8939|-34.1768,-15.506|32.6458|9.6619,8.3306|32.4081|-70.5973,-13.6993|20.1128|15.207,8.2951|18.7494|-68.4746,32.3111|181.1416|-46.6524,41.4493|66.1898|35.8195,44.2524|66.767|29.5159,42.8016|128.3515|-21.7874,42.4792|129.6792|-22.3942,50.473|121.091|-5.3806
run,22,0.7333,-2.1555|129.1913|13.3784,-3.7639|124.6829|10.6089,-1.5852|137.2779|12.512,0.0232|153.3426|16.7236,-3.2345|178.7413|38.5993,-4.2208|182.7481|47.1709,-7.8494|179.9045|33.0338,0.7748|166.8783|42.7982,-24.831|189.3405|26.0762,35.285|166.4799|44.6177,-44.4418|172.3868|-5.1778,40.9248|149.5193|8.1554,-56.4291|144.9734|-4.3955,49.5699|121.8194|0.8155,-16.1065|116.7126|7.9053,9.1487|123.5114|3.1876,-16.1362|79.539|39.6033,8.2234|82.6016|-36.2643,-16.1783|31.0972|24.9608,7.2708|40.2189|-77.1264,-14.6101|20.0883|33.1725,7.1453|26.6517|-79.7689,33.4788|181.0693|-42.4262,38.6189|68.4183|43.4944,41.5098|68.735|37.212,42.2828|128.786|-15.8923,42.169|130.2621|-15.9296,49.5677|121.8188|0.8152
run,23,0.7667,-3.4647|129.8369|14.7189,-5.1755|125.2947|12.0684,-2.7294|137.8771|13.6458,-1.0825|154.5967|17.5913,-3.8563|180.6581|38.7422,-4.8638|184.5976|47.1492,-8.1712|185.0152|33.6904,-0.8399|169.1253|44.889,-24.6222|194.9019|26.1115,33.5583|168.1003|46.9557,-43.9592|179.3316|-6.0206,40.7434|150.9158|10.872,-57.9067|152.8513|-6.265,48.944|122.7337|5.0053,-17.944|117.7573|10.2442,7.4239|123.0609|4.3582,-16.9005|80.9288|42.3254,6.9004|84.8806|-37.46,-16.5142|30.3864|39.8105,6.3641|45.3254|-80.7736,-14.9772|21.4288|50.2262,6.1059|32.4999|-85.9222,34.932|181.1324|-40.0787,36.1026|70.9502|49.1262,39.0496|70.998|42.8621,41.9929|129.4162|-11.9597,42.066|130.9132|-11.6577,48.9418|122.7332|5.005
run,24,0.8,-4.4124|130.4098|15.4871,-6.1685|125.8247|12.9423,-3.5776|138.4026|14.2184,-1.9029|155.7479|17.8785,-4.2866|182.1799|38.613,-5.2677|186.0649|46.9086,-8.3425|188.2793|33.6768,-2.0625|171.1377|46.499,-24.4802|198.431|25.7813,32.2373|169.8592|48.5301,-43.5796|183.514|-6.7997,40.5879|152.5924|12.7378,-58.767|157.7439|-7.8208,48.5872|124.1326|8.053,-19.309|118.82|11.743,6.1686|122.5663|5.1731,-17.0408|79.8406|41.1044,5.9768|85.9773|-37.829,-15.2729|29.7759|48.2746,5.7843|48.0704|-82.369,-13.8225|21.9543|59.5798,5.3554|35.8358|-88.7876,35.7939|181.5708|-38.5999,34.6752|73.8594|53.5739,37.6163|73.6729|47.3096,41.7651|130.4992|-9.0849,42.0777|131.6763|-8.4737,48.5851|124.1321|8.0527
run,25,0.8333,-5.1743|130.7411|15.8858,-6.9536|126.115|13.4331,-4.3088|138.6943|14.4585,-2.4583|156.5504|17.8557,-4.5441|183.1531|38.4031,-5.4683|187.0485|46.6083,-8.3913|190.3944|33.4566,-2.982|172.6696|47.8624,-24.3429|200.7289|25.4211,31.2331|171.2911|49.7943,-43.2419|185.9999|-7.3617,40.6582|153.8897|14.3355,-59.2809|160.7868|-9.0504,48.5406|125.2348|10.7772,-20.2734|119.3993|12.6222,5.2503|122.1899|5.7623,-17.2089|79.0123|39.9376,5.2081|86.946|-38.0193,-14.3836|30.3741|53.6255,5.1706|50.4326|-83.3668,-13.0939|24.0902|65.8703,4.5199|38.6579|-90.5778,36.7134|181.5504|-37.472,33.8025|76.5657|57.7581,36.7198|76.1428|51.4942,41.7891|131.239|-6.5188,42.1282|132.3063|-5.9177,48.5384|125.2343|10.7769
run,26,0.8667,-5.8421|130.7557|15.986,-7.6289|126.0877|13.6194,-5.0013|138.676|14.4222,-2.8626|156.8679|17.5917,-4.7246|183.4923|38.1326,-5.5524|187.5037|46.2423,-8.41|191.6352|33.1622,-3.7115|173.5801|49.0132,-24.2674|202.1059|25.1167,30.4387|172.1684|50.8398,-43.016|187.215|-7.6793,40.8787|154.6238|15.7377,-59.6508|162.443|-10.0101,48.7046|125.8438|13.2159,-20.9878|119.4253|13.0467,4.569|121.7804|6.1468,-17.3216|78.2181|39.0305,4.5167|87.638|-37.9464,-13.7828|30.4446|55.3457,4.4688|52.2657|-83.6169,-12.6546|25.7092|68.2836,3.5606|40.8406|-91.3439,37.5374|181.0118|-36.4942,33.4287|78.7224|61.5824,36.3045|78.0809|55.3178,41.958|131.4853|-4.2036,42.179|132.6703|-3.7755,48.7024|125.8434|13.2157
run,27,0.9,-6.5074|130.3775|15.8579,-8.285|125.6759|13.5518,-5.7144|138.2739|14.1996,-3.3355|156.5745|17.2272,-5.0129|183.1582|37.8365,-5.6962|187.4474|45.8092,-8.5415|192.3146|32.9001,-4.4691|173.8212|50.0134,-24.3482|202.897|24.9013,29.6404|172.3371|51.7984,-43.0178|187.7542|-7.8244,40.9437|154.5164|17.1052,-60.2021|163.4475|-10.9359,48.6403|125.6316|15.5793,-21.6522|119.0226|13.0742,3.9634|121.1225|6.3114,-17.3626|78.4899|40.0062,3.9653|88.4609|-38.0132,-13.1813|30.5561|55.6868,3.9736|54.6225|-83.9234,-12.2253|26.8665|68.9744,2.8198|43.6243|-92.2166,37.8648|179.6378|-35.4749,33.0933|80.0647|65.3291,35.8955|79.2104|59.0567,41.8112|130.9189|-1.919,42.1916|132.6344|-1.8334,48.6381|125.6312|15.5791
run,28,0.9333,-7.0385|128.9155|15.0354,-8.7832|124.1967|12.7393,-6.3088|136.8047|13.3567,-3.7869|154.9881|16.3755,-5.3113|181.4877|37.1047,-5.7036|186.423|44.7719,-8.7231|191.4891|32.1627,-4.9473|173.76|50.1246,-24.5118|202.1638|24.2512,29.1267|172.1365|51.9736,-43.1947|186.8014|-8.3643,41.1013|153.826|17.764,-60.971|163.0951|-12.5847,48.607|124.8555|17.2422,-22.1472|117.5467|12.1433,3.5672|119.5496|5.7355,-17.5065|75.1024|35.883,3.5582|88.9547|-38.6,-12.8489|27.2892|51.7959,3.555|57.257|-84.5219,-12.2174|25.7076|65.514,2.1044|46.8475|-93.5,38.0114|177.5838|-35.1675,32.9953|80.929|68.4265,35.7067|79.8584|62.1473,41.6423|129.7595|-0.3142,42.1306|131.2509|-0.7499,48.6048|124.8551|17.2421
run,29,0.9667,-7.4047|125.586|12.7535,-9.0948|120.8595|10.4325,-6.7571|133.4802|11.1044,-4.146|151.3844|14.2079,-5.5551|177.7428|35.1244,-5.5892|183.4643|42.3872,-8.8631|188.5742|30.2439,-4.8911|171.9141|47.9489,-24.6906|199.3046|22.4868,29.1339|170.1327|49.9432,-43.5203|183.6419|-9.9007,41.4132|151.0367|16.2753,-61.8649|160.6446|-15.414,48.4861|121.957|16.7702,-22.4518|114.2293|9.5345,3.3977|116.2093|3.6875,-17.3608|70.4632|30.6353,3.2674|88.1183|-40.3957,-12.2392|21.225|41.1417,3.1385|59.0143|-86.0568,-11.3578|17.7477|54.4915,1.4784|48.6793|-95.0844,38.3841|173.0319|-37.3466,32.5134|80.0482|69.5113,35.1688|78.7221|63.257,41.4891|126.3698|-0.9033,41.9605|128.7012|-1.1244,48.4839|121.9567|16.7701
run,30,1.0,-7.7761|120.0404|8.6245,-9.3734|115.3199|6.2268,-7.2364|127.9556|7.0752,-4.6607|145.4574|10.3687,-6.0253|171.5786|31.5835,-5.7525|178.0069|38.496,-9.1135|184.1883|27.3008,-4.6059|166.9247|43.0774,-25.1135|194.8754|19.8437,29.3801|165.1244|45.1436,-44.4467|178.6487|-11.9643,41.3972|145.1132|11.9155,-63.3201|156.3464|-18.4604,47.7543|115.8957|13.2658,-22.7272|108.7752|4.8064,3.2999|110.7169|-0.206,-17.5276|68.0126|31.2262,4.74|73.2269|-34.2056,-12.1467|17.6933|31.3874,3.0909|60.0671|-84.9486,-11.071|8.9717|42.058,1.2601|49.8964|-94.1286,38.2308|164.9561|-42.785,31.3297|76.3043|67.6334,33.9511|74.6981|61.4306,40.7762|119.7128|-4.5533,41.4785|124.8034|-4.8473,47.7521|115.8954|13.2656
run,31,1.0333,-8.0702|113.6523|3.807,-9.5736|109.0048|1.2142,-7.6452|121.6214|2.5603,-4.946|138.5621|6.2414,-6.5438|164.0024|28.2525,-6.0899|170.9934|34.9965,-9.5176|182.9594|23.6106,-4.0229|159.9462|37.6146,-25.9888|193.3865|16.8431,29.9728|158.6819|39.4611,-45.2562|174.7525|-13.6588,41.5397|138.3163|6.2886,-63.3498|151.8244|-20.1952,47.5433|109.0413|7.9697,-22.9269|102.6548|-0.917,3.2579|104.5859|-5.0316,-17.943|66.0903|31.0959,5.6686|62.0478|-29.8269,-12.1045|16.7562|21.4481,2.9105|65.6107|-80.6923,-11.5302|8.0266|32.151,1.0768|56.7504|-91.1422,37.4094|156.5307|-49.3136,31.6754|70.8594|63.4985,34.261|69.0979|57.3229,40.4245|112.3462|-9.896,40.689|114.6918|-10.515,47.541|109.041|7.9696
run,32,1.0667,-8.1594|108.3617|-0.0164,-9.5537|103.8032|-2.8196,-7.8329|116.3736|-0.9446,-5.0021|132.6862|3.0909,-6.9161|157.2633|26.0377,-6.5292|164.5305|33.0187,-10.1005|179.7075|20.2295,-3.2793|152.4209|32.6364,-27.0856|189.7756|14.2331,30.7261|151.7642|34.3451,-45.8313|167.8971|-14.3808,42.0263|130.4984|1.6489,-62.4692|143.6743|-20.0587,47.6292|101.1977|4.0934,-22.907|97.7597|-5.7078,3.4374|99.4514|-8.7756,-18.42|63.8916|29.2128,6.4227|54.529|-27.0295,-11.8674|16.8799|11.6633,3.712|67.8571|-75.4809,-11.5335|8.197|22.4142,2.0781|60.5167|-87.079,37.3462|146.4205|-54.97,31.8634|65.0653|61.0054,34.4704|63.0848|54.9056,40.5268|103.7823|-13.8972,40.1294|104.937|-16.1411,47.627|101.1974|4.0933
run,33,1.1,-7.9892|104.1918|-2.8265,-9.255|99.7121|-5.8118,-7.6981|112.2255|-3.5118,-6.0212|128.0354|0.9561,-7.9953|149.747|26.6264,-7.8374|156.2363|34.8926,-11.5434|169.2121|18.1279,-2.8741|142.4742|28.7293,-29.3448|178.8548|14.1341,31.1708|142.9485|29.4598,-48.3836|153.6685|-11.4003,41.9468|122.4316|-3.8854,-62.664|127.5841|-14.7878,47.4174|93.0491|-2.261,-23.1593|95.2439|-8.9554,3.2302|94.2637|-11.945,-18.6968|60.1081|24.6927,7.9126|47.9975|-25.3425,-11.7432|16.5578|-0.1272,4.8393|64.6016|-72.5431,-11.4102|7.802|10.5645,3.661|58.5561|-84.9177,35.9289|138.9898|-60.5431,32.6829|55.7542|54.1754,35.2854|53.9167|48.0291,40.1517|95.7831|-20.1641,39.8147|96.2753|-21.4725,47.4152|93.0487|-2.2611
run,34,1.1333,-7.476|103.4974|-3.8885,-8.5623|99.0752|-7.0264,-7.2366|111.543|-4.3955,-6.9895|126.7904|0.4319,-8.2727|146.5335|27.6865,-8.0759|152.3622|36.9884,-12.1682|158.647|14.5452,-1.9688|139.0339|25.378,-30.7339|167.4212|12.5079,32.049|140.7571|24.4727,-50.7134|138.8142|-8.2595,41.7587|119.9415|-9.0145,-62.0988|111.1383|-7.7941,47.0678|90.5257|-7.4583,-22.8672|96.2964|-10.3164,3.2582|92.4692|-13.3366,-18.0866|57.258|18.6626,10.107|45.0463|-20.9316,-10.695|17.3246|-11.5318,6.4375|61.814|-68.1629,-10.3|8.6237|-0.7975,5.7931|56.3418|-80.84,33.6242|135.8158|-65.8311,34.0588|53.2186|49.3927,36.6194|51.4091|43.2206,39.4855|92.9711|-25.2715,39.1608|91.7666|-27.2359,47.0656|90.5252|-7.4584
run,35,1.1667,-6.6782|105.7164|-3.4898,-7.5192|101.3295|-6.7503,-6.6281|113.7711|-3.8539,-7.0097|128.3831|1.3434,-6.4856|148.2758|28.5143,-5.7275|154.4101|38.1639,-11.4674|151.0582|14.8327,0.185|141.7431|22.344,-30.6253|158.726|14.7796,33.9405|144.6449|18.4464,-52.7543|127.5502|1.0974,41.4133|123.6586|-15.505,-60.9599|99.2769|6.4906,45.9225|94.0893|-14.4034,-21.7918|99.2294|-10.6308,4.2303|94.2088|-12.6177,-16.9888|55.5254|10.6653,12.0925|46.3268|-8.0866,-10.3854|18.4731|-23.1657,8.3612|55.2418|-57.6356,-9.8049|9.4015|-12.7514,8.1442|48.3343|-69.6067,30.4311|139.8854|-71.8668,34.8585|56.0473|42.3724,37.2598|54.3288|36.1109,37.8185|96.6581|-31.9678,37.9514|94.9952|-32.672,45.9203|94.0888|-14.4033
